{"type":"FeatureCollection","features":[{"type":"Feature","properties":{"kab_kota":"Sampang","kode":"kab-sampang"},"geometry":{"type":"MultiPolygon","coordinates":[[[[113.2243,-7.3109,0.0],[113.2139,-7.3146,0.0],[113.2027,-7.3103,0.0],[113.2039,-7.3064,0.0],[113.2243,-7.3109,0.0]]],[[[113.2251,-7.2198,0.0],[113.1719,-7.2275,0.0],[113.1673,-7.2141,0.0],[113.152,-7.2057,0.0],[113.1444,-7.2111,0.0],[113.1503,-7.224,0.0],[113.1324,-7.2225,0.0],[113.1003,-7.229,0.0],[113.0405,-7.2128,0.0],[113.047,-7.1996,0.0],[113.0601,-7.1978,0.0],[113.0603,-7.1896,0.0],[113.0497,-7.1865,0.0],[113.0496,-7.1791,0.0],[113.0573,-7.1637,0.0],[113.0675,-7.1638,0.0],[113.0725,-7.1493,0.0],[113.0943,-7.1583,0.0],[113.1033,-7.1544,0.0],[113.1048,-7.153,0.0],[113.0977,-7.1568,0.0],[113.0932,-7.1505,0.0],[113.0931,-7.1327,0.0],[113.1062,-7.1245,0.0],[113.1058,-7.1095,0.0],[113.1154,-7.116,0.0],[113.1155,-7.1016,0.0],[113.1081,-7.0975,0.0],[113.1119,-7.095,0.0],[113.1078,-7.081,0.0],[113.1198,-7.0807,0.0],[113.122,-7.0746,0.0],[113.1123,-7.058,0.0],[113.1106,-7.0293,0.0],[113.1279,-7.0366,0.0],[113.1328,-7.0328,0.0],[113.1423,-7.0114,0.0],[113.1408,-6.9998,0.0],[113.1507,-6.9899,0.0],[113.1418,-6.9895,0.0],[113.1361,-6.9801,0.0],[113.1281,-6.9768,0.0],[113.1218,-6.9856,0.0],[113.1126,-6.9835,0.0],[113.1104,-6.9871,0.0],[113.1039,-6.9572,0.0],[113.0994,-6.9573,0.0],[113.0968,-6.9359,0.0],[113.1179,-6.933,0.0],[113.1181,-6.9086,0.0],[113.1267,-6.9062,0.0],[113.1287,-6.898,0.0],[113.1247,-6.893,0.0],[113.1593,-6.8944,0.0],[113.1675,-6.8902,0.0],[113.1986,-6.8974,0.0],[113.2271,-6.8909,0.0],[113.2942,-6.8892,0.0],[113.3106,-6.8933,0.0],[113.3237,-6.888,0.0],[113.4168,-6.8868,0.0],[113.4834,-6.8967,0.0],[113.476,-6.9082,0.0],[113.4778,-6.9243,0.0],[113.4611,-6.9355,0.0],[113.46,-6.9507,0.0],[113.4484,-6.9514,0.0],[113.4344,-6.9614,0.0],[113.429,-6.9805,0.0],[113.4211,-6.9892,0.0],[113.4215,-7.0114,0.0],[113.3924,-7.0345,0.0],[113.3972,-7.0392,0.0],[113.3972,-7.0568,0.0],[113.3921,-7.0568,0.0],[113.3953,-7.0707,0.0],[113.3802,-7.0774,0.0],[113.3869,-7.0844,0.0],[113.3846,-7.0889,0.0],[113.3635,-7.1009,0.0],[113.3628,-7.1069,0.0],[113.37,-7.1123,0.0],[113.3645,-7.1311,0.0],[113.3674,-7.1375,0.0],[113.3606,-7.1446,0.0],[113.3612,-7.1508,0.0],[113.3763,-7.1472,0.0],[113.3813,-7.1533,0.0],[113.3814,-7.1787,0.0],[113.3719,-7.1946,0.0],[113.379,-7.2109,0.0],[113.3824,-7.189,0.0],[113.3884,-7.1974,0.0],[113.3967,-7.1995,0.0],[113.3934,-7.2176,0.0],[113.355,-7.2153,0.0],[113.354,-7.2189,0.0],[113.3484,-7.2148,0.0],[113.3268,-7.2137,0.0],[113.3168,-7.2186,0.0],[113.2746,-7.2155,0.0],[113.2683,-7.2215,0.0],[113.2657,-7.2173,0.0],[113.2667,-7.2217,0.0],[113.2601,-7.2246,0.0],[113.2251,-7.2198,0.0]],[[113.1511,-6.9921,0.0],[113.1608,-6.9898,0.0],[113.1511,-6.9919,0.0],[113.1511,-6.9921,0.0]],[[113.1816,-6.9882,0.0],[113.1731,-6.9887,0.0],[113.1731,-6.9887,0.0],[113.1816,-6.9882,0.0]],[[113.207,-7.0073,0.0],[113.2072,-7.0075,0.0],[113.2071,-7.0027,0.0],[113.207,-7.0073,0.0]],[[113.214,-7.0146,0.0],[113.2145,-7.0143,0.0],[113.2126,-7.0131,0.0],[113.214,-7.0146,0.0]],[[113.2113,-7.0151,0.0],[113.2129,-7.0154,0.0],[113.2139,-7.0146,0.0],[113.2113,-7.0151,0.0]],[[113.1991,-7.0143,0.0],[113.1985,-7.0143,0.0],[113.2032,-7.0165,0.0],[113.1991,-7.0143,0.0]],[[113.1959,-7.0142,0.0],[113.1951,-7.0148,0.0],[113.1969,-7.0142,0.0],[113.1959,-7.0142,0.0]],[[113.1926,-7.015,0.0],[113.1921,-7.0157,0.0],[113.1936,-7.0153,0.0],[113.1926,-7.015,0.0]],[[113.1864,-7.0295,0.0],[113.1924,-7.0392,0.0],[113.1861,-7.0275,0.0],[113.1864,-7.0295,0.0]],[[113.1913,-7.0491,0.0],[113.1911,-7.0544,0.0],[113.1921,-7.0469,0.0],[113.1913,-7.0491,0.0]],[[113.1897,-7.0595,0.0],[113.1899,-7.0594,0.0],[113.1902,-7.0584,0.0],[113.1897,-7.0595,0.0]],[[113.1742,-7.0893,0.0],[113.1686,-7.0893,0.0],[113.1742,-7.0893,0.0],[113.1742,-7.0893,0.0]],[[113.1757,-7.0948,0.0],[113.1786,-7.0947,0.0],[113.1756,-7.0943,0.0],[113.1757,-7.0948,0.0]],[[113.1823,-7.1006,0.0],[113.1859,-7.1038,0.0],[113.1786,-7.0947,0.0],[113.1823,-7.1006,0.0]],[[113.188,-7.1188,0.0],[113.1895,-7.1224,0.0],[113.1859,-7.1038,0.0],[113.188,-7.1188,0.0]],[[113.1899,-7.0976,0.0],[113.1879,-7.0962,0.0],[113.1878,-7.0962,0.0],[113.1899,-7.0976,0.0]],[[113.1912,-7.1007,0.0],[113.1961,-7.0994,0.0],[113.1912,-7.1006,0.0],[113.1912,-7.1007,0.0]],[[113.2016,-7.0958,0.0],[113.2014,-7.0957,0.0],[113.2012,-7.0959,0.0],[113.2016,-7.0958,0.0]],[[113.2112,-7.0996,0.0],[113.207,-7.097,0.0],[113.2023,-7.0959,0.0],[113.2112,-7.0996,0.0]],[[113.2224,-7.1096,0.0],[113.222,-7.109,0.0],[113.2175,-7.1059,0.0],[113.2224,-7.1096,0.0]],[[113.226,-7.1162,0.0],[113.2238,-7.1119,0.0],[113.2234,-7.1111,0.0],[113.226,-7.1162,0.0]],[[113.2354,-7.1172,0.0],[113.2357,-7.1172,0.0],[113.2304,-7.112,0.0],[113.2354,-7.1172,0.0]],[[113.2366,-7.1173,0.0],[113.2445,-7.1169,0.0],[113.2574,-7.1118,0.0],[113.2366,-7.1173,0.0]],[[113.2749,-7.1391,0.0],[113.271,-7.1379,0.0],[113.2636,-7.1369,0.0],[113.2749,-7.1391,0.0]],[[113.2717,-7.1365,0.0],[113.2707,-7.1335,0.0],[113.271,-7.1379,0.0],[113.2717,-7.1365,0.0]],[[113.294,-7.1699,0.0],[113.3009,-7.168,0.0],[113.2942,-7.1689,0.0],[113.2936,-7.1601,0.0],[113.294,-7.1699,0.0]],[[113.2915,-7.1737,0.0],[113.292,-7.1735,0.0],[113.2924,-7.1729,0.0],[113.2915,-7.1737,0.0]],[[113.2883,-7.1735,0.0],[113.2889,-7.1745,0.0],[113.29,-7.1741,0.0],[113.2883,-7.1735,0.0]],[[113.288,-7.1734,0.0],[113.2878,-7.1735,0.0],[113.288,-7.1734,0.0],[113.288,-7.1734,0.0]],[[113.2841,-7.1785,0.0],[113.2842,-7.1785,0.0],[113.2845,-7.178,0.0],[113.2841,-7.1785,0.0]],[[113.2913,-7.1817,0.0],[113.2913,-7.1817,0.0],[113.2899,-7.1802,0.0],[113.2913,-7.1817,0.0]],[[113.2907,-7.202,0.0],[113.2933,-7.1979,0.0],[113.2933,-7.1979,0.0],[113.2907,-7.202,0.0]],[[113.2649,-7.2136,0.0],[113.2653,-7.2153,0.0],[113.2657,-7.2083,0.0],[113.2649,-7.2136,0.0]],[[113.2018,-7.2214,0.0],[113.2025,-7.2187,0.0],[113.2017,-7.2214,0.0],[113.2018,-7.2214,0.0]],[[113.1059,-7.1523,0.0],[113.1058,-7.1524,0.0],[113.1087,-7.1552,0.0],[113.1059,-7.1523,0.0]],[[113.1232,-7.163,0.0],[113.1229,-7.163,0.0],[113.1238,-7.1658,0.0],[113.1232,-7.163,0.0]],[[113.1251,-7.1675,0.0],[113.1243,-7.1672,0.0],[113.1243,-7.1673,0.0],[113.1251,-7.1675,0.0]],[[113.1326,-7.1687,0.0],[113.132,-7.1691,0.0],[113.1329,-7.1693,0.0],[113.1326,-7.1687,0.0]],[[113.133,-7.1652,0.0],[113.1329,-7.1665,0.0],[113.1372,-7.1606,0.0],[113.133,-7.1652,0.0]],[[113.1374,-7.157,0.0],[113.1373,-7.1573,0.0],[113.1409,-7.1562,0.0],[113.1374,-7.157,0.0]],[[113.1442,-7.1573,0.0],[113.1478,-7.1558,0.0],[113.1441,-7.1573,0.0],[113.1442,-7.1573,0.0]],[[113.1531,-7.1573,0.0],[113.1486,-7.156,0.0],[113.155,-7.1582,0.0],[113.1531,-7.1573,0.0]],[[113.1556,-7.1602,0.0],[113.1553,-7.1583,0.0],[113.1552,-7.1582,0.0],[113.1556,-7.1602,0.0]],[[113.1594,-7.1616,0.0],[113.1559,-7.1603,0.0],[113.1588,-7.1618,0.0],[113.1594,-7.1616,0.0]],[[113.1631,-7.1665,0.0],[113.1589,-7.1637,0.0],[113.1589,-7.1641,0.0],[113.1631,-7.1665,0.0]],[[113.1719,-7.1657,0.0],[113.1699,-7.1656,0.0],[113.1744,-7.1664,0.0],[113.1719,-7.1657,0.0]],[[113.1801,-7.1679,0.0],[113.18,-7.1679,0.0],[113.1801,-7.1679,0.0],[113.1801,-7.1679,0.0]],[[113.2064,-7.1916,0.0],[113.2054,-7.189,0.0],[113.2062,-7.1916,0.0],[113.2064,-7.1916,0.0]],[[113.2081,-7.2031,0.0],[113.2109,-7.2028,0.0],[113.2079,-7.2024,0.0],[113.2081,-7.2031,0.0]],[[113.1427,-7.1867,0.0],[113.1426,-7.1859,0.0],[113.1424,-7.1885,0.0],[113.1427,-7.1867,0.0]],[[113.1424,-7.1843,0.0],[113.1389,-7.18,0.0],[113.1425,-7.185,0.0],[113.1424,-7.1843,0.0]],[[113.1362,-7.1758,0.0],[113.1367,-7.177,0.0],[113.1371,-7.1775,0.0],[113.1362,-7.1758,0.0]],[[113.1612,-7.1609,0.0],[113.1624,-7.1543,0.0],[113.1622,-7.1543,0.0],[113.1612,-7.1609,0.0]],[[113.167,-7.1529,0.0],[113.1712,-7.1506,0.0],[113.1703,-7.1506,0.0],[113.167,-7.1529,0.0]],[[113.1938,-7.1465,0.0],[113.1968,-7.1459,0.0],[113.1973,-7.1452,0.0],[113.1938,-7.1465,0.0]],[[113.1923,-7.1379,0.0],[113.1922,-7.1258,0.0],[113.1923,-7.1379,0.0],[113.1923,-7.1379,0.0]],[[113.1933,-7.1236,0.0],[113.1896,-7.1227,0.0],[113.1898,-7.1231,0.0],[113.1933,-7.1236,0.0]],[[113.2246,-7.1851,0.0],[113.2226,-7.1811,0.0],[113.2245,-7.1853,0.0],[113.2246,-7.1851,0.0]],[[113.2378,-7.1694,0.0],[113.2372,-7.1681,0.0],[113.2378,-7.1694,0.0],[113.2378,-7.1694,0.0]],[[113.1132,-7.0902,0.0],[113.1114,-7.088,0.0],[113.1113,-7.0881,0.0],[113.1132,-7.0902,0.0]],[[113.1224,-7.0864,0.0],[113.1224,-7.0864,0.0],[113.1165,-7.0872,0.0],[113.1224,-7.0864,0.0]],[[113.224,-6.9178,0.0],[113.2227,-6.9153,0.0],[113.2237,-6.9175,0.0],[113.224,-6.9178,0.0]],[[113.2339,-6.9562,0.0],[113.2364,-6.945,0.0],[113.2338,-6.956,0.0],[113.2339,-6.9562,0.0]],[[113.2355,-6.9603,0.0],[113.2345,-6.9581,0.0],[113.235,-6.96,0.0],[113.2355,-6.9603,0.0]],[[113.2685,-6.9606,0.0],[113.2564,-6.9633,0.0],[113.2582,-6.9633,0.0],[113.2685,-6.9606,0.0]],[[113.2261,-6.9977,0.0],[113.2277,-6.996,0.0],[113.2263,-6.997,0.0],[113.2261,-6.9977,0.0]],[[113.2252,-7.0117,0.0],[113.2254,-6.9994,0.0],[113.2247,-7.0013,0.0],[113.2252,-7.0117,0.0]],[[113.2347,-7.0167,0.0],[113.2269,-7.0137,0.0],[113.227,-7.0138,0.0],[113.2347,-7.0167,0.0]],[[113.2699,-7.0364,0.0],[113.2694,-7.0363,0.0],[113.271,-7.0428,0.0],[113.2699,-7.0364,0.0]],[[113.2751,-7.043,0.0],[113.2751,-7.0429,0.0],[113.271,-7.0428,0.0],[113.2751,-7.043,0.0]],[[113.2796,-7.0506,0.0],[113.2792,-7.0512,0.0],[113.2798,-7.0509,0.0],[113.2796,-7.0506,0.0]],[[113.2803,-7.0519,0.0],[113.2799,-7.0512,0.0],[113.2794,-7.0533,0.0],[113.2803,-7.0519,0.0]],[[113.2767,-7.054,0.0],[113.2793,-7.0537,0.0],[113.2793,-7.0535,0.0],[113.2767,-7.054,0.0]],[[113.2761,-7.0559,0.0],[113.2758,-7.0552,0.0],[113.2746,-7.0566,0.0],[113.2761,-7.0559,0.0]],[[113.2842,-7.0557,0.0],[113.2815,-7.0575,0.0],[113.2842,-7.0558,0.0],[113.2842,-7.0557,0.0]],[[113.2843,-7.0524,0.0],[113.2843,-7.0526,0.0],[113.2847,-7.0521,0.0],[113.2843,-7.0524,0.0]],[[113.2887,-7.0492,0.0],[113.2875,-7.0501,0.0],[113.2892,-7.0491,0.0],[113.2887,-7.0492,0.0]],[[113.2917,-7.0488,0.0],[113.2903,-7.049,0.0],[113.2931,-7.0499,0.0],[113.2917,-7.0488,0.0]],[[113.3167,-7.0398,0.0],[113.3147,-7.0425,0.0],[113.3169,-7.0399,0.0],[113.3167,-7.0398,0.0]],[[113.3281,-7.0417,0.0],[113.3275,-7.0418,0.0],[113.3281,-7.0419,0.0],[113.3281,-7.0417,0.0]],[[113.3326,-7.0412,0.0],[113.3329,-7.0401,0.0],[113.3314,-7.0413,0.0],[113.3326,-7.0412,0.0]],[[113.3404,-7.0423,0.0],[113.3372,-7.0383,0.0],[113.3404,-7.0425,0.0],[113.3404,-7.0423,0.0]],[[113.3376,-7.0506,0.0],[113.3399,-7.044,0.0],[113.3377,-7.0492,0.0],[113.3376,-7.0506,0.0]],[[113.3701,-7.0711,0.0],[113.366,-7.073,0.0],[113.3701,-7.0712,0.0],[113.3701,-7.0711,0.0]],[[113.3089,-7.1631,0.0],[113.3129,-7.1573,0.0],[113.312,-7.1574,0.0],[113.3089,-7.1631,0.0]],[[113.3163,-7.157,0.0],[113.3194,-7.1572,0.0],[113.3282,-7.1558,0.0],[113.3163,-7.157,0.0]],[[113.3533,-7.1536,0.0],[113.3599,-7.1522,0.0],[113.3607,-7.1512,0.0],[113.3533,-7.1536,0.0]],[[113.2761,-7.1282,0.0],[113.2707,-7.1327,0.0],[113.2707,-7.1329,0.0],[113.2761,-7.1282,0.0]],[[113.3007,-6.9643,0.0],[113.2969,-6.9662,0.0],[113.302,-6.9614,0.0],[113.3007,-6.9643,0.0]],[[113.3242,-6.9653,0.0],[113.3239,-6.9654,0.0],[113.3243,-6.9653,0.0],[113.3242,-6.9653,0.0]],[[113.323,-6.9659,0.0],[113.3229,-6.9659,0.0],[113.322,-6.9704,0.0],[113.323,-6.9659,0.0]],[[113.3211,-6.9728,0.0],[113.3186,-6.9801,0.0],[113.3188,-6.9814,0.0],[113.3211,-6.9728,0.0]],[[113.319,-6.9821,0.0],[113.3191,-6.9827,0.0],[113.3207,-6.9832,0.0],[113.319,-6.9821,0.0]],[[113.3764,-6.9766,0.0],[113.3762,-6.9747,0.0],[113.376,-6.9748,0.0],[113.3764,-6.9766,0.0]],[[113.3778,-6.9741,0.0],[113.3798,-6.9741,0.0],[113.382,-6.9723,0.0],[113.3778,-6.9741,0.0]],[[113.3957,-6.9686,0.0],[113.4002,-6.9694,0.0],[113.3958,-6.9686,0.0],[113.3957,-6.9686,0.0]],[[113.4038,-6.973,0.0],[113.4048,-6.9733,0.0],[113.4002,-6.9694,0.0],[113.4038,-6.973,0.0]],[[113.4134,-6.9781,0.0],[113.4136,-6.9783,0.0],[113.4144,-6.9786,0.0],[113.4134,-6.9781,0.0]],[[113.3304,-7.0383,0.0],[113.3304,-7.0384,0.0],[113.3314,-7.039,0.0],[113.3304,-7.0383,0.0]],[[113.3316,-6.9665,0.0],[113.3333,-6.9653,0.0],[113.3297,-6.966,0.0],[113.3316,-6.9665,0.0]],[[113.3799,-6.8981,0.0],[113.3799,-6.898,0.0],[113.3769,-6.9036,0.0],[113.3799,-6.8981,0.0]]]]}},{"type":"Feature","properties":{"kab_kota":"Kota Madiun","kode":"kota-madiun"},"geometry":{"type":"MultiPolygon","coordinates":[[[[111.5087,-7.6805,0.0],[111.5071,-7.6776,0.0],[111.5101,-7.6789,0.0],[111.5087,-7.6805,0.0]]],[[[111.5033,-7.6755,0.0],[111.5118,-7.6616,0.0],[111.5155,-7.6638,0.0],[111.5137,-7.6759,0.0],[111.5033,-7.6755,0.0]]],[[[111.5049,-7.6462,0.0],[111.5021,-7.6481,0.0],[111.4987,-7.6475,0.0],[111.5049,-7.6462,0.0]]],[[[111.5263,-7.6642,0.0],[111.5107,-7.6592,0.0],[111.5106,-7.6341,0.0],[111.5076,-7.641,0.0],[111.4992,-7.6407,0.0],[111.4969,-7.6451,0.0],[111.5004,-7.6264,0.0],[111.4957,-7.6247,0.0],[111.5023,-7.6204,0.0],[111.5001,-7.6085,0.0],[111.512,-7.6082,0.0],[111.5204,-7.5971,0.0],[111.5363,-7.6004,0.0],[111.5343,-7.609,0.0],[111.5366,-7.5991,0.0],[111.558,-7.5963,0.0],[111.559,-7.6051,0.0],[111.5485,-7.6273,0.0],[111.5524,-7.6262,0.0],[111.5513,-7.6421,0.0],[111.5389,-7.6486,0.0],[111.5442,-7.6591,0.0],[111.5263,-7.6642,0.0]],[[111.5194,-7.6304,0.0],[111.5169,-7.6301,0.0],[111.5233,-7.6311,0.0],[111.5194,-7.6304,0.0]],[[111.5382,-7.637,0.0],[111.539,-7.6317,0.0],[111.5378,-7.636,0.0],[111.5382,-7.637,0.0]],[[111.5435,-7.6384,0.0],[111.5385,-7.6377,0.0],[111.5386,-7.6379,0.0],[111.5435,-7.6384,0.0]]]]}},{"type":"Feature","properties":{"kab_kota":"Kediri","kode":"kab-kediri"},"geometry":{"type":"MultiPolygon","coordinates":[[[[111.9917,-7.9958,0.0],[111.9778,-7.9976,0.0],[111.9762,-8.0126,0.0],[111.9639,-8.0072,0.0],[111.9439,-7.9645,0.0],[111.9458,-7.9505,0.0],[111.9277,-7.9629,0.0],[111.9231,-7.957,0.0],[111.918,-7.9565,0.0],[111.9171,-7.9612,0.0],[111.8836,-7.9479,0.0],[111.863,-7.9077,0.0],[111.8512,-7.9009,0.0],[111.8304,-7.8774,0.0],[111.8027,-7.8657,0.0],[111.797,-7.8427,0.0],[111.8055,-7.8277,0.0],[111.8137,-7.8225,0.0],[111.814,-7.813,0.0],[111.8247,-7.8112,0.0],[111.8628,-7.776,0.0],[111.8793,-7.7664,0.0],[111.9003,-7.7397,0.0],[111.928,-7.7226,0.0],[111.9318,-7.7088,0.0],[111.9541,-7.6796,0.0],[111.9854,-7.6871,0.0],[111.9825,-7.7114,0.0],[111.9883,-7.7238,0.0],[111.9976,-7.7293,0.0],[112.0022,-7.7523,0.0],[112.0097,-7.76,0.0],[112.0226,-7.7626,0.0],[112.0206,-7.7425,0.0],[112.0264,-7.7268,0.0],[112.0617,-7.7218,0.0],[112.0763,-7.7015,0.0],[112.0759,-7.6788,0.0],[112.0828,-7.6729,0.0],[112.0855,-7.6581,0.0],[112.0984,-7.6441,0.0],[112.1031,-7.6095,0.0],[112.1091,-7.6039,0.0],[112.1105,-7.5931,0.0],[112.1215,-7.6067,0.0],[112.165,-7.6127,0.0],[112.1946,-7.6537,0.0],[112.2181,-7.6767,0.0],[112.2127,-7.6882,0.0],[112.2331,-7.7014,0.0],[112.2332,-7.7071,0.0],[112.2505,-7.7249,0.0],[112.267,-7.7281,0.0],[112.267,-7.7225,0.0],[112.3018,-7.7268,0.0],[112.3486,-7.7488,0.0],[112.3612,-7.7612,0.0],[112.3973,-7.7761,0.0],[112.4086,-7.7734,0.0],[112.4173,-7.7645,0.0],[112.4136,-7.7739,0.0],[112.3968,-7.7853,0.0],[112.3829,-7.7851,0.0],[112.3668,-7.7684,0.0],[112.3495,-7.7616,0.0],[112.3396,-7.7681,0.0],[112.3394,-7.7744,0.0],[112.3287,-7.7773,0.0],[112.3105,-7.7767,0.0],[112.2994,-7.7694,0.0],[112.2878,-7.7709,0.0],[112.2883,-7.7795,0.0],[112.3069,-7.7993,0.0],[112.3076,-7.8389,0.0],[112.3194,-7.8391,0.0],[112.3182,-7.8615,0.0],[112.3258,-7.8718,0.0],[112.3234,-7.8919,0.0],[112.3125,-7.9028,0.0],[112.3138,-7.9205,0.0],[112.3068,-7.9315,0.0],[112.3018,-7.9265,0.0],[112.3061,-7.9361,0.0],[112.2595,-7.9474,0.0],[112.2514,-7.9448,0.0],[112.2214,-7.9616,0.0],[112.2013,-7.964,0.0],[112.1815,-7.9735,0.0],[112.1556,-7.9774,0.0],[112.0963,-7.97,0.0],[112.0937,-7.9906,0.0],[112.0366,-7.9933,0.0],[112.0142,-8.0017,0.0],[111.9917,-7.9958,0.0]],[[112.0371,-7.7451,0.0],[112.0484,-7.736,0.0],[112.0404,-7.7422,0.0],[112.0371,-7.7451,0.0]],[[112.0418,-7.7498,0.0],[112.0423,-7.7498,0.0],[112.0419,-7.7495,0.0],[112.0418,-7.7498,0.0]],[[112.0432,-7.7498,0.0],[112.0435,-7.7457,0.0],[112.0428,-7.7498,0.0],[112.0432,-7.7498,0.0]],[[112.0517,-7.7491,0.0],[112.0549,-7.7507,0.0],[112.0515,-7.7486,0.0],[112.0517,-7.7491,0.0]],[[112.0544,-7.7548,0.0],[112.055,-7.7551,0.0],[112.055,-7.7526,0.0],[112.0544,-7.7548,0.0]],[[112.096,-7.7635,0.0],[112.096,-7.7634,0.0],[112.093,-7.7603,0.0],[112.096,-7.7635,0.0]],[[112.0991,-7.7592,0.0],[112.0986,-7.7602,0.0],[112.0989,-7.762,0.0],[112.0991,-7.7592,0.0]],[[112.1012,-7.7594,0.0],[112.0993,-7.7587,0.0],[112.0991,-7.7591,0.0],[112.1012,-7.7594,0.0]],[[112.1033,-7.7568,0.0],[112.1032,-7.7567,0.0],[112.1012,-7.7594,0.0],[112.1033,-7.7568,0.0]],[[112.1045,-7.7613,0.0],[112.1048,-7.7592,0.0],[112.1037,-7.7574,0.0],[112.1045,-7.7613,0.0]],[[112.1152,-7.7702,0.0],[112.1166,-7.7705,0.0],[112.1166,-7.7705,0.0],[112.1152,-7.7702,0.0]],[[112.1082,-7.769,0.0],[112.1086,-7.7726,0.0],[112.1082,-7.769,0.0],[112.1082,-7.769,0.0]],[[112.1064,-7.7825,0.0],[112.1086,-7.7857,0.0],[112.1064,-7.7823,0.0],[112.1064,-7.7825,0.0]],[[112.0715,-7.8075,0.0],[112.0731,-7.8097,0.0],[112.0775,-7.8123,0.0],[112.0715,-7.8075,0.0]],[[112.0688,-7.8237,0.0],[112.0691,-7.8231,0.0],[112.0661,-7.8217,0.0],[112.0688,-7.8237,0.0]],[[112.067,-7.8359,0.0],[112.0544,-7.8336,0.0],[112.043,-7.8268,0.0],[112.0427,-7.8204,0.0],[112.0333,-7.8188,0.0],[112.0377,-7.8106,0.0],[112.0293,-7.8096,0.0],[112.0313,-7.8003,0.0],[112.016,-7.7957,0.0],[112.0159,-7.7908,0.0],[112.0031,-7.7899,0.0],[112.0085,-7.7713,0.0],[111.9986,-7.7714,0.0],[111.9924,-7.7769,0.0],[111.9927,-7.7841,0.0],[111.9832,-7.7821,0.0],[111.9813,-7.7938,0.0],[111.9666,-7.796,0.0],[111.9555,-7.8063,0.0],[111.9581,-7.8229,0.0],[111.973,-7.8231,0.0],[111.9766,-7.8287,0.0],[111.9839,-7.8262,0.0],[111.987,-7.8396,0.0],[112.008,-7.8404,0.0],[111.9954,-7.8525,0.0],[112.0248,-7.8592,0.0],[112.0225,-7.8618,0.0],[112.0306,-7.8674,0.0],[112.0455,-7.8727,0.0],[112.0531,-7.8638,0.0],[112.0743,-7.8758,0.0],[112.0658,-7.8546,0.0],[112.0693,-7.844,0.0],[112.0775,-7.8496,0.0],[112.0821,-7.8443,0.0],[112.0833,-7.8488,0.0],[112.0824,-7.8431,0.0],[112.0757,-7.8374,0.0],[112.0769,-7.8322,0.0],[112.0707,-7.8298,0.0],[112.067,-7.8359,0.0]],[[112.0789,-7.9552,0.0],[112.0742,-7.9545,0.0],[112.0789,-7.9553,0.0],[112.0789,-7.9552,0.0]],[[112.0817,-7.9574,0.0],[112.0818,-7.9574,0.0],[112.0813,-7.957,0.0],[112.0817,-7.9574,0.0]],[[111.924,-7.8097,0.0],[111.9209,-7.8126,0.0],[111.924,-7.8097,0.0],[111.924,-7.8097,0.0]],[[111.9325,-7.8084,0.0],[111.9243,-7.8097,0.0],[111.9289,-7.8097,0.0],[111.9325,-7.8084,0.0]],[[111.9481,-7.9463,0.0],[111.949,-7.9454,0.0],[111.9485,-7.9457,0.0],[111.9481,-7.9463,0.0]],[[111.9605,-7.9259,0.0],[111.9621,-7.9207,0.0],[111.9627,-7.9179,0.0],[111.9605,-7.9259,0.0]],[[111.996,-7.935,0.0],[111.9974,-7.933,0.0],[111.9966,-7.9328,0.0],[111.996,-7.935,0.0]],[[111.9995,-7.9313,0.0],[112.0053,-7.9332,0.0],[111.9995,-7.9313,0.0],[111.9995,-7.9313,0.0]],[[111.9952,-7.9266,0.0],[111.996,-7.924,0.0],[111.9959,-7.924,0.0],[111.9952,-7.9266,0.0]],[[112.0129,-7.9229,0.0],[112.02,-7.924,0.0],[112.02,-7.924,0.0],[112.0129,-7.9229,0.0]],[[112.0201,-7.9238,0.0],[112.0212,-7.9224,0.0],[112.0212,-7.9219,0.0],[112.0201,-7.9238,0.0]],[[112.0206,-7.9132,0.0],[112.02,-7.9033,0.0],[112.0199,-7.9128,0.0],[112.0206,-7.9132,0.0]],[[112.0206,-7.875,0.0],[112.0206,-7.875,0.0],[112.0239,-7.8652,0.0],[112.0206,-7.875,0.0]],[[112.0076,-7.956,0.0],[112.0064,-7.9553,0.0],[112.0107,-7.9607,0.0],[112.0076,-7.956,0.0]],[[112.0059,-7.9501,0.0],[112.005,-7.9536,0.0],[112.0051,-7.9537,0.0],[112.0059,-7.9501,0.0]],[[112.0198,-7.943,0.0],[112.0198,-7.943,0.0],[112.0181,-7.9427,0.0],[112.0198,-7.943,0.0]],[[111.8837,-7.8599,0.0],[111.8892,-7.8616,0.0],[111.8835,-7.8597,0.0],[111.8837,-7.8599,0.0]],[[111.8968,-7.8683,0.0],[111.8969,-7.8682,0.0],[111.8892,-7.8616,0.0],[111.8968,-7.8683,0.0]],[[111.8987,-7.8673,0.0],[111.898,-7.8672,0.0],[111.8975,-7.8679,0.0],[111.8987,-7.8673,0.0]],[[111.9037,-7.8687,0.0],[111.906,-7.8686,0.0],[111.8997,-7.8675,0.0],[111.9037,-7.8687,0.0]],[[111.9067,-7.8643,0.0],[111.9065,-7.8643,0.0],[111.9065,-7.8643,0.0],[111.9067,-7.8643,0.0]],[[111.9189,-7.8613,0.0],[111.9182,-7.8614,0.0],[111.9182,-7.8614,0.0],[111.9189,-7.8613,0.0]],[[111.9314,-7.8628,0.0],[111.926,-7.8608,0.0],[111.9255,-7.8609,0.0],[111.9314,-7.8628,0.0]],[[111.9494,-7.855,0.0],[111.9494,-7.855,0.0],[111.9485,-7.8591,0.0],[111.9494,-7.855,0.0]],[[111.9931,-7.8595,0.0],[111.9948,-7.8537,0.0],[111.9945,-7.8543,0.0],[111.9931,-7.8595,0.0]],[[111.968,-7.9021,0.0],[111.9671,-7.9033,0.0],[111.9753,-7.8979,0.0],[111.968,-7.9021,0.0]],[[111.9625,-7.909,0.0],[111.9618,-7.9114,0.0],[111.9643,-7.9067,0.0],[111.9625,-7.909,0.0]],[[111.9633,-7.9154,0.0],[111.9635,-7.9142,0.0],[111.9618,-7.9114,0.0],[111.9633,-7.9154,0.0]],[[112.0195,-7.7882,0.0],[112.0195,-7.7875,0.0],[112.0182,-7.7866,0.0],[112.0195,-7.7882,0.0]],[[112.0395,-7.7776,0.0],[112.0404,-7.7747,0.0],[112.0395,-7.7776,0.0],[112.0395,-7.7776,0.0]],[[112.0417,-7.7745,0.0],[112.0419,-7.7745,0.0],[112.0421,-7.7696,0.0],[112.0417,-7.7745,0.0]],[[112.0468,-7.7672,0.0],[112.0468,-7.7683,0.0],[112.0475,-7.7666,0.0],[112.0468,-7.7672,0.0]],[[112.0481,-7.7714,0.0],[112.048,-7.774,0.0],[112.0486,-7.7718,0.0],[112.0481,-7.7714,0.0]],[[112.0534,-7.7764,0.0],[112.0543,-7.7768,0.0],[112.0551,-7.7758,0.0],[112.0534,-7.7764,0.0]],[[112.0574,-7.7743,0.0],[112.0569,-7.7742,0.0],[112.0576,-7.7745,0.0],[112.0574,-7.7743,0.0]],[[112.0584,-7.7758,0.0],[112.0582,-7.7762,0.0],[112.059,-7.7768,0.0],[112.0584,-7.7758,0.0]],[[112.0596,-7.7777,0.0],[112.0586,-7.7817,0.0],[112.06,-7.7784,0.0],[112.0596,-7.7777,0.0]],[[112.0711,-7.8013,0.0],[112.0696,-7.8049,0.0],[112.0701,-7.8056,0.0],[112.0711,-7.8013,0.0]],[[111.8643,-7.7996,0.0],[111.8648,-7.7997,0.0],[111.8688,-7.795,0.0],[111.8643,-7.7996,0.0]],[[111.8745,-7.7829,0.0],[111.8773,-7.7829,0.0],[111.8775,-7.7828,0.0],[111.8745,-7.7829,0.0]],[[111.8782,-7.7824,0.0],[111.884,-7.7794,0.0],[111.8833,-7.7793,0.0],[111.8782,-7.7824,0.0]],[[111.9206,-7.7743,0.0],[111.941,-7.7696,0.0],[111.9436,-7.7681,0.0],[111.9206,-7.7743,0.0]],[[111.9674,-7.7541,0.0],[111.9736,-7.7563,0.0],[111.9674,-7.7541,0.0],[111.9674,-7.7541,0.0]],[[111.9945,-7.7698,0.0],[111.9948,-7.7696,0.0],[111.9948,-7.7691,0.0],[111.9945,-7.7698,0.0]],[[111.9844,-7.7591,0.0],[111.9845,-7.7591,0.0],[111.9845,-7.759,0.0],[111.9844,-7.7591,0.0]],[[111.984,-7.7571,0.0],[111.9832,-7.7544,0.0],[111.9833,-7.7568,0.0],[111.984,-7.7571,0.0]],[[111.9832,-7.7534,0.0],[111.9842,-7.7503,0.0],[111.9832,-7.7522,0.0],[111.9832,-7.7534,0.0]],[[111.9888,-7.7502,0.0],[111.9879,-7.7498,0.0],[111.9842,-7.7503,0.0],[111.9888,-7.7502,0.0]],[[111.9893,-7.7503,0.0],[111.9895,-7.7524,0.0],[111.9894,-7.7504,0.0],[111.9893,-7.7503,0.0]],[[112.0235,-7.7652,0.0],[112.0237,-7.7666,0.0],[112.0237,-7.7659,0.0],[112.0235,-7.7652,0.0]],[[112.0234,-7.7695,0.0],[112.0227,-7.7719,0.0],[112.0233,-7.7709,0.0],[112.0234,-7.7695,0.0]],[[112.0103,-7.7809,0.0],[112.0217,-7.7734,0.0],[112.0083,-7.7815,0.0],[112.0103,-7.7809,0.0]],[[112.0559,-7.7659,0.0],[112.0565,-7.7679,0.0],[112.0561,-7.7652,0.0],[112.0559,-7.7659,0.0]],[[112.1187,-7.6675,0.0],[112.1145,-7.6653,0.0],[112.1187,-7.6676,0.0],[112.1187,-7.6675,0.0]],[[112.1191,-7.7222,0.0],[112.1177,-7.7214,0.0],[112.1176,-7.7218,0.0],[112.1191,-7.7222,0.0]],[[112.1054,-7.7238,0.0],[112.1068,-7.7219,0.0],[112.1054,-7.7237,0.0],[112.1054,-7.7238,0.0]],[[112.0993,-7.7138,0.0],[112.1026,-7.7158,0.0],[112.1028,-7.7151,0.0],[112.0993,-7.7138,0.0]],[[112.0975,-7.7186,0.0],[112.1004,-7.7216,0.0],[112.0972,-7.7175,0.0],[112.0975,-7.7186,0.0]],[[112.093,-7.7276,0.0],[112.0971,-7.7223,0.0],[112.0934,-7.7259,0.0],[112.093,-7.7276,0.0]],[[112.1311,-7.7653,0.0],[112.1292,-7.7694,0.0],[112.1274,-7.7732,0.0],[112.1311,-7.7653,0.0]],[[112.1481,-7.7892,0.0],[112.1444,-7.7864,0.0],[112.1478,-7.7892,0.0],[112.1481,-7.7892,0.0]],[[112.15,-7.7889,0.0],[112.1485,-7.7893,0.0],[112.1507,-7.7898,0.0],[112.15,-7.7889,0.0]],[[112.1514,-7.826,0.0],[112.1461,-7.8112,0.0],[112.1514,-7.8259,0.0],[112.1514,-7.826,0.0]],[[112.1564,-7.8267,0.0],[112.1516,-7.826,0.0],[112.1518,-7.8262,0.0],[112.1564,-7.8267,0.0]],[[112.1793,-7.8234,0.0],[112.1783,-7.8265,0.0],[112.1786,-7.8268,0.0],[112.1793,-7.8234,0.0]],[[112.1707,-7.816,0.0],[112.1741,-7.8192,0.0],[112.1689,-7.8131,0.0],[112.1707,-7.816,0.0]],[[112.1661,-7.8065,0.0],[112.1636,-7.8061,0.0],[112.1691,-7.8086,0.0],[112.1661,-7.8065,0.0]],[[112.2263,-7.7616,0.0],[112.2113,-7.7611,0.0],[112.228,-7.7623,0.0],[112.2263,-7.7616,0.0]],[[112.2468,-7.769,0.0],[112.2333,-7.7646,0.0],[112.2314,-7.7637,0.0],[112.2322,-7.7644,0.0],[112.2468,-7.769,0.0]],[[112.2772,-7.7582,0.0],[112.2768,-7.7584,0.0],[112.2841,-7.7642,0.0],[112.2772,-7.7582,0.0]],[[112.1065,-7.8772,0.0],[112.1069,-7.8773,0.0],[112.1067,-7.8771,0.0],[112.1065,-7.8772,0.0]],[[112.1125,-7.8832,0.0],[112.1128,-7.8836,0.0],[112.1128,-7.8835,0.0],[112.1125,-7.8832,0.0]],[[112.125,-7.8813,0.0],[112.1327,-7.8852,0.0],[112.1253,-7.8811,0.0],[112.125,-7.8813,0.0]],[[112.175,-7.9092,0.0],[112.1749,-7.9094,0.0],[112.1789,-7.9031,0.0],[112.175,-7.9092,0.0]],[[112.1858,-7.9021,0.0],[112.1844,-7.9018,0.0],[112.1789,-7.9031,0.0],[112.1858,-7.9021,0.0]],[[112.1889,-7.9026,0.0],[112.1939,-7.9048,0.0],[112.1909,-7.903,0.0],[112.1889,-7.9026,0.0]],[[112.1956,-7.9056,0.0],[112.1962,-7.9058,0.0],[112.1968,-7.9035,0.0],[112.1956,-7.9056,0.0]],[[112.295,-7.9332,0.0],[112.3027,-7.9335,0.0],[112.3024,-7.9333,0.0],[112.295,-7.9332,0.0]],[[112.1098,-7.9485,0.0],[112.1093,-7.9521,0.0],[112.1116,-7.9431,0.0],[112.1098,-7.9485,0.0]],[[112.1141,-7.9404,0.0],[112.1141,-7.9404,0.0],[112.1116,-7.9431,0.0],[112.1141,-7.9404,0.0]],[[112.1274,-7.9262,0.0],[112.1267,-7.929,0.0],[112.1276,-7.9262,0.0],[112.1274,-7.9262,0.0]],[[112.136,-7.919,0.0],[112.1356,-7.9211,0.0],[112.1363,-7.918,0.0],[112.136,-7.919,0.0]],[[112.149,-7.9132,0.0],[112.1489,-7.9141,0.0],[112.149,-7.9142,0.0],[112.149,-7.9132,0.0]],[[112.1495,-7.9094,0.0],[112.1495,-7.9096,0.0],[112.1535,-7.9122,0.0],[112.1495,-7.9094,0.0]],[[112.1746,-7.9106,0.0],[112.1738,-7.9134,0.0],[112.1752,-7.9109,0.0],[112.1746,-7.9106,0.0]],[[112.1282,-7.825,0.0],[112.129,-7.8251,0.0],[112.1336,-7.822,0.0],[112.1282,-7.825,0.0]],[[112.158,-7.8313,0.0],[112.1568,-7.8292,0.0],[112.1563,-7.8289,0.0],[112.158,-7.8313,0.0]],[[112.2154,-7.789,0.0],[112.2157,-7.7891,0.0],[112.214,-7.7866,0.0],[112.2154,-7.789,0.0]],[[112.2227,-7.7999,0.0],[112.2278,-7.8033,0.0],[112.2216,-7.7983,0.0],[112.2227,-7.7999,0.0]],[[112.3008,-7.9236,0.0],[112.302,-7.9217,0.0],[112.3018,-7.9213,0.0],[112.3008,-7.9236,0.0]],[[112.1851,-7.8336,0.0],[112.1817,-7.8302,0.0],[112.1846,-7.8335,0.0],[112.1851,-7.8336,0.0]],[[112.1887,-7.8335,0.0],[112.1859,-7.8337,0.0],[112.1916,-7.8348,0.0],[112.1887,-7.8335,0.0]],[[112.2991,-7.931,0.0],[112.294,-7.9296,0.0],[112.3018,-7.9329,0.0],[112.2991,-7.931,0.0]],[[112.1214,-7.7227,0.0],[112.1279,-7.7241,0.0],[112.1221,-7.7222,0.0],[112.1214,-7.7227,0.0]],[[112.1338,-7.7368,0.0],[112.1341,-7.7368,0.0],[112.1342,-7.7362,0.0],[112.1338,-7.7368,0.0]],[[112.1343,-7.7352,0.0],[112.1346,-7.7317,0.0],[112.1336,-7.7345,0.0],[112.1343,-7.7352,0.0]],[[112.1496,-7.739,0.0],[112.1484,-7.7428,0.0],[112.1497,-7.7392,0.0],[112.1496,-7.739,0.0]],[[112.1475,-7.7461,0.0],[112.1474,-7.7465,0.0],[112.1485,-7.749,0.0],[112.1475,-7.7461,0.0]],[[112.1491,-7.753,0.0],[112.1495,-7.7535,0.0],[112.1495,-7.7527,0.0],[112.1491,-7.753,0.0]],[[112.1738,-7.7414,0.0],[112.1747,-7.7422,0.0],[112.1783,-7.7423,0.0],[112.1738,-7.7414,0.0]],[[112.1797,-7.7439,0.0],[112.1806,-7.744,0.0],[112.1799,-7.7435,0.0],[112.1797,-7.7439,0.0]],[[112.1916,-7.7474,0.0],[112.1912,-7.7483,0.0],[112.1921,-7.7486,0.0],[112.1916,-7.7474,0.0]],[[112.1433,-7.6687,0.0],[112.1442,-7.6664,0.0],[112.1452,-7.6627,0.0],[112.1433,-7.6687,0.0]],[[112.1488,-7.6681,0.0],[112.1491,-7.6676,0.0],[112.1444,-7.6665,0.0],[112.1488,-7.6681,0.0]],[[112.1605,-7.6711,0.0],[112.1603,-7.6708,0.0],[112.1579,-7.6701,0.0],[112.1605,-7.6711,0.0]],[[112.1676,-7.6726,0.0],[112.1673,-7.6723,0.0],[112.1657,-7.6734,0.0],[112.1676,-7.6726,0.0]],[[112.1779,-7.6828,0.0],[112.1783,-7.682,0.0],[112.1764,-7.6824,0.0],[112.1779,-7.6828,0.0]],[[112.1847,-7.683,0.0],[112.1817,-7.6819,0.0],[112.1847,-7.6831,0.0],[112.1847,-7.683,0.0]],[[112.1895,-7.6916,0.0],[112.1896,-7.6914,0.0],[112.185,-7.6895,0.0],[112.1895,-7.6916,0.0]],[[112.1993,-7.6925,0.0],[112.2095,-7.6871,0.0],[112.199,-7.6925,0.0],[112.1993,-7.6925,0.0]],[[112.141,-7.662,0.0],[112.1413,-7.6621,0.0],[112.1411,-7.6616,0.0],[112.141,-7.662,0.0]]],[[[112.0249,-7.7997,0.0],[112.0192,-7.8,0.0],[112.0164,-7.7959,0.0],[112.0249,-7.7997,0.0]]]]}},{"type":"Feature","properties":{"kab_kota":"Blitar","kode":"kab-blitar"},"geometry":{"type":"MultiPolygon","coordinates":[[[[112.2056,-8.3288,0.0],[112.2055,-8.3291,0.0],[112.2055,-8.3287,0.0],[112.2056,-8.3288,0.0]]],[[[112.1815,-8.3278,0.0],[112.1807,-8.3273,0.0],[112.1809,-8.3272,0.0],[112.1815,-8.3278,0.0]]],[[[112.2028,-8.3268,0.0],[112.203,-8.3267,0.0],[112.2027,-8.3269,0.0],[112.2028,-8.3268,0.0]]],[[[112.1793,-8.3261,0.0],[112.1802,-8.3267,0.0],[112.1794,-8.3268,0.0],[112.1793,-8.3261,0.0]]],[[[112.1503,-8.3249,0.0],[112.1504,-8.3249,0.0],[112.1503,-8.325,0.0],[112.1503,-8.3249,0.0]]],[[[112.1861,-8.3248,0.0],[112.1863,-8.3246,0.0],[112.1863,-8.3248,0.0],[112.1861,-8.3248,0.0]]],[[[112.1503,-8.3217,0.0],[112.15,-8.3223,0.0],[112.1499,-8.3217,0.0],[112.1503,-8.3217,0.0]]],[[[112.0538,-8.3173,0.0],[112.0343,-8.3193,0.0],[112.0286,-8.3148,0.0],[112.0344,-8.3008,0.0],[112.0245,-8.2878,0.0],[112.0306,-8.2627,0.0],[112.0227,-8.2443,0.0],[112.0269,-8.2342,0.0],[112.022,-8.2262,0.0],[112.0282,-8.1999,0.0],[112.023,-8.1933,0.0],[112.0291,-8.1814,0.0],[112.0288,-8.1682,0.0],[112.0507,-8.1798,0.0],[112.0641,-8.1767,0.0],[112.0661,-8.1865,0.0],[112.0786,-8.1875,0.0],[112.1037,-8.1584,0.0],[112.1165,-8.1576,0.0],[112.122,-8.1253,0.0],[112.0958,-8.1109,0.0],[112.082,-8.1187,0.0],[112.0671,-8.1113,0.0],[112.0487,-8.1096,0.0],[112.0337,-8.0989,0.0],[112.008,-8.0976,0.0],[111.9969,-8.0921,0.0],[111.9882,-8.0764,0.0],[111.9962,-8.0627,0.0],[111.9871,-8.0499,0.0],[111.9725,-8.0436,0.0],[111.9704,-8.0273,0.0],[111.9565,-8.0089,0.0],[111.9557,-7.9981,0.0],[111.9617,-7.9986,0.0],[111.9639,-8.0072,0.0],[111.9744,-8.0106,0.0],[111.9739,-8.0139,0.0],[111.9812,-7.9969,0.0],[112.0131,-7.9983,0.0],[112.0142,-8.0017,0.0],[112.0368,-7.9933,0.0],[112.0906,-7.9916,0.0],[112.0963,-7.9891,0.0],[112.0963,-7.97,0.0],[112.1502,-7.9772,0.0],[112.1815,-7.9735,0.0],[112.2013,-7.964,0.0],[112.2209,-7.9618,0.0],[112.2514,-7.9448,0.0],[112.2595,-7.9474,0.0],[112.2824,-7.939,0.0],[112.299,-7.9386,0.0],[112.3112,-7.9283,0.0],[112.3376,-7.9441,0.0],[112.3556,-7.9454,0.0],[112.3634,-7.9511,0.0],[112.3627,-7.9562,0.0],[112.3705,-7.9572,0.0],[112.4072,-7.9503,0.0],[112.4332,-7.9302,0.0],[112.445,-7.9322,0.0],[112.4521,-7.9265,0.0],[112.4679,-7.9471,0.0],[112.4659,-7.9566,0.0],[112.478,-7.9661,0.0],[112.4684,-7.9994,0.0],[112.4745,-8.0138,0.0],[112.4534,-8.0569,0.0],[112.4581,-8.0708,0.0],[112.4532,-8.0978,0.0],[112.4592,-8.1149,0.0],[112.4546,-8.1417,0.0],[112.4296,-8.1593,0.0],[112.4171,-8.1605,0.0],[112.416,-8.166,0.0],[112.4115,-8.1602,0.0],[112.3958,-8.1648,0.0],[112.3897,-8.1622,0.0],[112.3833,-8.169,0.0],[112.3732,-8.1697,0.0],[112.3645,-8.176,0.0],[112.3681,-8.1739,0.0],[112.3671,-8.1832,0.0],[112.3827,-8.1914,0.0],[112.383,-8.2078,0.0],[112.3892,-8.2152,0.0],[112.387,-8.2375,0.0],[112.3781,-8.2401,0.0],[112.3884,-8.2853,0.0],[112.3706,-8.3126,0.0],[112.3599,-8.3484,0.0],[112.3488,-8.3515,0.0],[112.3482,-8.3417,0.0],[112.3371,-8.3423,0.0],[112.3338,-8.333,0.0],[112.3279,-8.3316,0.0],[112.3206,-8.3331,0.0],[112.3163,-8.3425,0.0],[112.2963,-8.3312,0.0],[112.2763,-8.3385,0.0],[112.2747,-8.3328,0.0],[112.2721,-8.3433,0.0],[112.2635,-8.3503,0.0],[112.2548,-8.343,0.0],[112.2411,-8.347,0.0],[112.2392,-8.3442,0.0],[112.221,-8.3425,0.0],[112.218,-8.3406,0.0],[112.2233,-8.333,0.0],[112.2166,-8.3259,0.0],[112.2089,-8.3299,0.0],[112.2031,-8.3245,0.0],[112.1814,-8.3242,0.0],[112.1822,-8.3263,0.0],[112.1701,-8.3203,0.0],[112.1669,-8.3275,0.0],[112.1548,-8.3285,0.0],[112.1501,-8.3214,0.0],[112.1454,-8.3191,0.0],[112.1448,-8.3162,0.0],[112.1406,-8.3175,0.0],[112.1405,-8.3146,0.0],[112.1305,-8.3254,0.0],[112.1227,-8.3152,0.0],[112.1099,-8.3124,0.0],[112.1063,-8.3178,0.0],[112.09,-8.3148,0.0],[112.0682,-8.3182,0.0],[112.0653,-8.3223,0.0],[112.0538,-8.3173,0.0]],[[112.3605,-8.1743,0.0],[112.3607,-8.1746,0.0],[112.3645,-8.176,0.0],[112.3605,-8.1743,0.0]],[[112.1761,-8.0161,0.0],[112.176,-8.0159,0.0],[112.1715,-8.0166,0.0],[112.1761,-8.0161,0.0]],[[112.1763,-8.0214,0.0],[112.1764,-8.0205,0.0],[112.1761,-8.0166,0.0],[112.1763,-8.0214,0.0]],[[112.1739,-8.0252,0.0],[112.1759,-8.0235,0.0],[112.176,-8.0228,0.0],[112.1739,-8.0252,0.0]],[[112.1722,-8.0272,0.0],[112.1714,-8.0299,0.0],[112.1728,-8.0265,0.0],[112.1722,-8.0272,0.0]],[[112.1714,-8.0406,0.0],[112.1722,-8.041,0.0],[112.1734,-8.0397,0.0],[112.1714,-8.0406,0.0]],[[112.1736,-8.0568,0.0],[112.1736,-8.0567,0.0],[112.1692,-8.0564,0.0],[112.1736,-8.0568,0.0]],[[112.1736,-8.0572,0.0],[112.1627,-8.0836,0.0],[112.1571,-8.0862,0.0],[112.1443,-8.0767,0.0],[112.1335,-8.0836,0.0],[112.1321,-8.0911,0.0],[112.1416,-8.0999,0.0],[112.1359,-8.109,0.0],[112.1476,-8.1095,0.0],[112.1422,-8.1178,0.0],[112.1503,-8.1212,0.0],[112.149,-8.1276,0.0],[112.1596,-8.1266,0.0],[112.1564,-8.1349,0.0],[112.16,-8.1357,0.0],[112.168,-8.1308,0.0],[112.1708,-8.1188,0.0],[112.1761,-8.1204,0.0],[112.1845,-8.1047,0.0],[112.194,-8.1005,0.0],[112.2016,-8.0918,0.0],[112.1909,-8.0853,0.0],[112.1985,-8.0654,0.0],[112.1873,-8.0655,0.0],[112.1863,-8.0561,0.0],[112.1811,-8.0609,0.0],[112.1736,-8.0572,0.0]],[[112.2028,-8.0883,0.0],[112.2027,-8.0883,0.0],[112.2027,-8.0887,0.0],[112.2028,-8.0883,0.0]],[[112.2061,-8.0904,0.0],[112.204,-8.0884,0.0],[112.2029,-8.0883,0.0],[112.2061,-8.0904,0.0]],[[112.2441,-8.0954,0.0],[112.2439,-8.108,0.0],[112.2444,-8.092,0.0],[112.2441,-8.0954,0.0]],[[112.2405,-8.1406,0.0],[112.2412,-8.14,0.0],[112.2424,-8.1324,0.0],[112.2405,-8.1406,0.0]],[[112.2324,-8.1437,0.0],[112.2352,-8.1444,0.0],[112.2345,-8.1435,0.0],[112.2324,-8.1437,0.0]],[[112.2317,-8.1438,0.0],[112.2298,-8.1504,0.0],[112.2321,-8.1438,0.0],[112.2317,-8.1438,0.0]],[[112.204,-8.1523,0.0],[112.2038,-8.1523,0.0],[112.2124,-8.155,0.0],[112.204,-8.1523,0.0]],[[112.1964,-8.1521,0.0],[112.1975,-8.1526,0.0],[112.198,-8.1526,0.0],[112.1964,-8.1521,0.0]],[[112.1934,-8.1513,0.0],[112.1928,-8.1546,0.0],[112.1934,-8.1513,0.0],[112.1934,-8.1513,0.0]],[[112.1655,-8.1954,0.0],[112.1654,-8.1967,0.0],[112.1656,-8.1954,0.0],[112.1655,-8.1954,0.0]],[[112.1653,-8.198,0.0],[112.1657,-8.1973,0.0],[112.1654,-8.1973,0.0],[112.1653,-8.198,0.0]],[[112.2114,-8.2004,0.0],[112.2114,-8.2004,0.0],[112.2114,-8.2004,0.0],[112.2114,-8.2004,0.0]],[[112.2177,-8.2007,0.0],[112.2139,-8.1983,0.0],[112.2133,-8.1988,0.0],[112.2177,-8.2007,0.0]],[[112.2254,-8.2013,0.0],[112.2274,-8.1998,0.0],[112.2249,-8.2012,0.0],[112.2254,-8.2013,0.0]],[[112.2295,-8.2642,0.0],[112.2296,-8.2644,0.0],[112.2297,-8.2638,0.0],[112.2295,-8.2642,0.0]],[[112.2345,-8.286,0.0],[112.2346,-8.2861,0.0],[112.2364,-8.2776,0.0],[112.2345,-8.286,0.0]],[[112.234,-8.2884,0.0],[112.2341,-8.2885,0.0],[112.2341,-8.2882,0.0],[112.234,-8.2884,0.0]],[[112.2259,-8.2902,0.0],[112.228,-8.2922,0.0],[112.2282,-8.2922,0.0],[112.2259,-8.2902,0.0]],[[112.2133,-8.3268,0.0],[112.2134,-8.3272,0.0],[112.2154,-8.3154,0.0],[112.2133,-8.3268,0.0]],[[112.1553,-8.1432,0.0],[112.1488,-8.1419,0.0],[112.15,-8.1428,0.0],[112.1553,-8.1432,0.0]],[[112.169,-8.1441,0.0],[112.1662,-8.144,0.0],[112.1686,-8.1442,0.0],[112.169,-8.1441,0.0]],[[112.046,-8.2327,0.0],[112.0472,-8.2327,0.0],[112.0293,-8.229,0.0],[112.046,-8.2327,0.0]],[[112.0474,-8.2327,0.0],[112.0474,-8.2326,0.0],[112.0473,-8.2327,0.0],[112.0474,-8.2327,0.0]],[[112.0492,-8.227,0.0],[112.0487,-8.2271,0.0],[112.0489,-8.228,0.0],[112.0492,-8.227,0.0]],[[112.0682,-8.226,0.0],[112.0676,-8.2257,0.0],[112.0671,-8.2257,0.0],[112.0682,-8.226,0.0]],[[112.0721,-8.2285,0.0],[112.0759,-8.23,0.0],[112.0716,-8.2278,0.0],[112.0721,-8.2285,0.0]],[[112.1247,-8.2297,0.0],[112.1277,-8.2404,0.0],[112.1264,-8.2321,0.0],[112.1247,-8.2297,0.0]],[[112.1273,-8.2202,0.0],[112.127,-8.2208,0.0],[112.1257,-8.2274,0.0],[112.1273,-8.2202,0.0]],[[112.1393,-8.2101,0.0],[112.1374,-8.2102,0.0],[112.1374,-8.2102,0.0],[112.1393,-8.2101,0.0]],[[112.1437,-8.2109,0.0],[112.144,-8.2107,0.0],[112.14,-8.212,0.0],[112.1437,-8.2109,0.0]],[[112.1632,-8.1974,0.0],[112.1574,-8.1995,0.0],[112.1573,-8.1996,0.0],[112.1632,-8.1974,0.0]],[[112.1649,-8.1987,0.0],[112.165,-8.1985,0.0],[112.1632,-8.1974,0.0],[112.1649,-8.1987,0.0]],[[112.1251,-8.3073,0.0],[112.1238,-8.3092,0.0],[112.1251,-8.3073,0.0],[112.1251,-8.3073,0.0]],[[112.1255,-8.312,0.0],[112.1253,-8.3124,0.0],[112.1256,-8.3122,0.0],[112.1255,-8.312,0.0]],[[112.0283,-8.0866,0.0],[112.0277,-8.0866,0.0],[112.0266,-8.0983,0.0],[112.0283,-8.0866,0.0]],[[112.0382,-8.0452,0.0],[112.038,-8.0442,0.0],[112.0364,-8.0462,0.0],[112.0382,-8.0452,0.0]],[[112.0379,-8.0439,0.0],[112.0376,-8.0426,0.0],[112.0286,-8.0446,0.0],[112.0379,-8.0439,0.0]],[[112.0608,-8.0428,0.0],[112.0535,-8.0411,0.0],[112.0503,-8.0409,0.0],[112.0608,-8.0428,0.0]],[[112.0682,-8.0554,0.0],[112.0685,-8.0554,0.0],[112.064,-8.0536,0.0],[112.0682,-8.0554,0.0]],[[112.1025,-8.0889,0.0],[112.1029,-8.089,0.0],[112.1073,-8.0841,0.0],[112.1025,-8.0889,0.0]],[[112.1183,-8.0895,0.0],[112.1187,-8.0891,0.0],[112.1146,-8.089,0.0],[112.1183,-8.0895,0.0]],[[112.1206,-8.087,0.0],[112.1243,-8.0771,0.0],[112.1196,-8.0881,0.0],[112.1206,-8.087,0.0]],[[112.1677,-8.0391,0.0],[112.1675,-8.039,0.0],[112.1562,-8.0388,0.0],[112.1677,-8.0391,0.0]],[[112.1107,-8.1162,0.0],[112.1124,-8.1118,0.0],[112.1113,-8.1135,0.0],[112.1107,-8.1162,0.0]],[[112.1154,-8.1084,0.0],[112.1176,-8.1037,0.0],[112.114,-8.1094,0.0],[112.1154,-8.1084,0.0]],[[111.9875,-8.0242,0.0],[111.9784,-8.0215,0.0],[111.985,-8.0241,0.0],[111.9875,-8.0242,0.0]],[[111.9896,-8.0239,0.0],[111.9895,-8.0243,0.0],[111.9932,-8.0244,0.0],[111.9896,-8.0239,0.0]],[[112.003,-8.0221,0.0],[111.9979,-8.0214,0.0],[111.999,-8.022,0.0],[112.003,-8.0221,0.0]],[[112.0044,-8.0243,0.0],[112.0035,-8.0242,0.0],[112.0035,-8.0244,0.0],[112.0044,-8.0243,0.0]],[[112.0139,-8.0235,0.0],[112.0118,-8.0237,0.0],[112.0138,-8.0236,0.0],[112.0139,-8.0235,0.0]],[[112.023,-8.0334,0.0],[112.0194,-8.0331,0.0],[112.0197,-8.0336,0.0],[112.023,-8.0334,0.0]],[[112.066,-8.0287,0.0],[112.062,-8.0288,0.0],[112.0659,-8.0287,0.0],[112.066,-8.0287,0.0]],[[112.0737,-8.0235,0.0],[112.0662,-8.0285,0.0],[112.0734,-8.024,0.0],[112.0737,-8.0235,0.0]],[[112.0766,-8.0155,0.0],[112.0746,-8.0217,0.0],[112.0766,-8.0179,0.0],[112.0766,-8.0155,0.0]],[[112.0864,-8.0025,0.0],[112.0758,-8.0051,0.0],[112.0863,-8.0026,0.0],[112.0864,-8.0025,0.0]],[[112.0869,-8.0011,0.0],[112.0869,-8.002,0.0],[112.0882,-8.0009,0.0],[112.0869,-8.0011,0.0]],[[112.0853,-7.997,0.0],[112.0868,-7.9976,0.0],[112.0865,-7.9968,0.0],[112.0853,-7.997,0.0]],[[112.0832,-7.9993,0.0],[112.0846,-7.9971,0.0],[112.084,-7.9972,0.0],[112.0832,-7.9993,0.0]],[[112.3091,-7.9488,0.0],[112.3097,-7.9467,0.0],[112.3081,-7.9503,0.0],[112.3091,-7.9488,0.0]],[[112.3048,-7.955,0.0],[112.3061,-7.9531,0.0],[112.3033,-7.956,0.0],[112.3048,-7.955,0.0]],[[112.2977,-7.9598,0.0],[112.299,-7.9589,0.0],[112.2869,-7.9626,0.0],[112.2977,-7.9598,0.0]],[[112.2596,-8.0528,0.0],[112.2607,-8.0529,0.0],[112.2597,-8.0527,0.0],[112.2596,-8.0528,0.0]],[[112.2862,-8.076,0.0],[112.2837,-8.0756,0.0],[112.2862,-8.076,0.0],[112.2862,-8.076,0.0]],[[112.2952,-8.0531,0.0],[112.2951,-8.0532,0.0],[112.2969,-8.0534,0.0],[112.2952,-8.0531,0.0]],[[112.3151,-8.073,0.0],[112.3197,-8.067,0.0],[112.3179,-8.0676,0.0],[112.3151,-8.073,0.0]],[[112.3108,-8.0804,0.0],[112.3111,-8.0795,0.0],[112.3108,-8.08,0.0],[112.3108,-8.0804,0.0]],[[112.3105,-8.0883,0.0],[112.3105,-8.0882,0.0],[112.3095,-8.0903,0.0],[112.3105,-8.0883,0.0]],[[112.3097,-8.0938,0.0],[112.309,-8.0913,0.0],[112.309,-8.0913,0.0],[112.3097,-8.0938,0.0]],[[112.3038,-8.1075,0.0],[112.3058,-8.1034,0.0],[112.3037,-8.1074,0.0],[112.3038,-8.1075,0.0]],[[112.3061,-8.1065,0.0],[112.3039,-8.1077,0.0],[112.304,-8.1078,0.0],[112.3061,-8.1065,0.0]],[[112.3101,-8.1083,0.0],[112.3082,-8.107,0.0],[112.3061,-8.1065,0.0],[112.3101,-8.1083,0.0]],[[112.303,-8.1147,0.0],[112.3029,-8.1138,0.0],[112.302,-8.1166,0.0],[112.303,-8.1147,0.0]],[[112.2917,-8.1183,0.0],[112.2928,-8.1196,0.0],[112.2919,-8.1182,0.0],[112.2917,-8.1183,0.0]],[[112.2825,-8.125,0.0],[112.2831,-8.1242,0.0],[112.2808,-8.1245,0.0],[112.2825,-8.125,0.0]],[[112.2786,-8.1265,0.0],[112.2799,-8.1245,0.0],[112.2794,-8.1246,0.0],[112.2786,-8.1265,0.0]],[[112.2766,-8.127,0.0],[112.2753,-8.1309,0.0],[112.2767,-8.127,0.0],[112.2766,-8.127,0.0]],[[112.276,-8.1324,0.0],[112.2753,-8.1316,0.0],[112.2753,-8.1317,0.0],[112.276,-8.1324,0.0]],[[112.2775,-8.1342,0.0],[112.2774,-8.1341,0.0],[112.2774,-8.1343,0.0],[112.2775,-8.1342,0.0]],[[112.2669,-8.1467,0.0],[112.268,-8.1487,0.0],[112.2673,-8.1463,0.0],[112.2669,-8.1467,0.0]],[[112.2701,-8.1514,0.0],[112.2694,-8.1512,0.0],[112.2696,-8.1516,0.0],[112.2701,-8.1514,0.0]],[[112.2901,-8.1654,0.0],[112.2891,-8.1625,0.0],[112.2895,-8.1652,0.0],[112.2901,-8.1654,0.0]],[[112.2959,-8.1662,0.0],[112.2909,-8.1657,0.0],[112.291,-8.1657,0.0],[112.2959,-8.1662,0.0]],[[112.2737,-8.18,0.0],[112.2739,-8.1798,0.0],[112.2736,-8.1799,0.0],[112.2737,-8.18,0.0]],[[112.3034,-8.2594,0.0],[112.3035,-8.2594,0.0],[112.3034,-8.2594,0.0],[112.3034,-8.2594,0.0]],[[112.2758,-8.3284,0.0],[112.2811,-8.3244,0.0],[112.2759,-8.3283,0.0],[112.2758,-8.3284,0.0]],[[112.1981,-8.0726,0.0],[112.2064,-8.0624,0.0],[112.197,-8.0734,0.0],[112.1981,-8.0726,0.0]],[[112.2167,-8.0555,0.0],[112.217,-8.0549,0.0],[112.2128,-8.0576,0.0],[112.2167,-8.0555,0.0]],[[112.2193,-8.0524,0.0],[112.2195,-8.0504,0.0],[112.2186,-8.0523,0.0],[112.2193,-8.0524,0.0]],[[112.2959,-7.9559,0.0],[112.296,-7.9557,0.0],[112.2957,-7.9559,0.0],[112.2959,-7.9559,0.0]],[[112.3024,-7.943,0.0],[112.2986,-7.9492,0.0],[112.2978,-7.9522,0.0],[112.3024,-7.943,0.0]],[[112.2424,-8.1452,0.0],[112.2361,-8.1476,0.0],[112.2379,-8.1474,0.0],[112.2424,-8.1452,0.0]],[[112.2445,-8.0872,0.0],[112.2448,-8.078,0.0],[112.2439,-8.0827,0.0],[112.2445,-8.0872,0.0]],[[112.2449,-8.0776,0.0],[112.2458,-8.076,0.0],[112.245,-8.0775,0.0],[112.2449,-8.0776,0.0]],[[112.3126,-8.2613,0.0],[112.3129,-8.2614,0.0],[112.3159,-8.2606,0.0],[112.3126,-8.2613,0.0]],[[112.3242,-8.2584,0.0],[112.3253,-8.2581,0.0],[112.3257,-8.2572,0.0],[112.3242,-8.2584,0.0]],[[112.326,-8.2565,0.0],[112.3267,-8.2546,0.0],[112.3266,-8.2519,0.0],[112.326,-8.2565,0.0]],[[112.3269,-8.2498,0.0],[112.331,-8.2473,0.0],[112.3269,-8.2497,0.0],[112.3269,-8.2498,0.0]],[[112.3118,-8.1114,0.0],[112.3118,-8.1114,0.0],[112.3093,-8.1111,0.0],[112.3118,-8.1114,0.0]],[[112.3357,-8.1168,0.0],[112.3345,-8.1174,0.0],[112.3341,-8.118,0.0],[112.3357,-8.1168,0.0]],[[112.3383,-8.1164,0.0],[112.3372,-8.1162,0.0],[112.3368,-8.1164,0.0],[112.3383,-8.1164,0.0]],[[112.3421,-8.1189,0.0],[112.3424,-8.1166,0.0],[112.3423,-8.1166,0.0],[112.3421,-8.1189,0.0]],[[112.3419,-8.1219,0.0],[112.3424,-8.1223,0.0],[112.342,-8.1217,0.0],[112.3419,-8.1219,0.0]],[[112.3431,-8.123,0.0],[112.3443,-8.1213,0.0],[112.3429,-8.1228,0.0],[112.3431,-8.123,0.0]],[[112.3735,-8.1172,0.0],[112.3729,-8.1146,0.0],[112.3728,-8.1148,0.0],[112.3735,-8.1172,0.0]],[[112.3708,-8.1191,0.0],[112.3702,-8.121,0.0],[112.3735,-8.1172,0.0],[112.3708,-8.1191,0.0]],[[112.3979,-8.0891,0.0],[112.3978,-8.0889,0.0],[112.3935,-8.0929,0.0],[112.3979,-8.0891,0.0]],[[112.4081,-8.0569,0.0],[112.4046,-8.0633,0.0],[112.4012,-8.0737,0.0],[112.4081,-8.0569,0.0]],[[112.4113,-8.0551,0.0],[112.4087,-8.0559,0.0],[112.4086,-8.056,0.0],[112.4113,-8.0551,0.0]],[[112.4179,-8.0564,0.0],[112.4142,-8.0543,0.0],[112.4139,-8.0544,0.0],[112.4179,-8.0564,0.0]],[[112.4322,-8.0667,0.0],[112.4321,-8.0654,0.0],[112.4315,-8.0657,0.0],[112.4322,-8.0667,0.0]],[[112.4323,-8.0674,0.0],[112.4284,-8.0708,0.0],[112.4323,-8.0676,0.0],[112.4323,-8.0674,0.0]],[[112.4244,-8.0793,0.0],[112.4243,-8.0795,0.0],[112.4261,-8.0791,0.0],[112.4244,-8.0793,0.0]],[[112.4233,-8.0814,0.0],[112.4233,-8.0815,0.0],[112.4236,-8.0809,0.0],[112.4233,-8.0814,0.0]],[[112.4184,-8.097,0.0],[112.4185,-8.0971,0.0],[112.4185,-8.0969,0.0],[112.4184,-8.097,0.0]],[[112.3939,-8.1282,0.0],[112.3939,-8.1282,0.0],[112.3968,-8.125,0.0],[112.3939,-8.1282,0.0]],[[112.3932,-8.137,0.0],[112.3976,-8.1355,0.0],[112.3933,-8.1366,0.0],[112.3932,-8.137,0.0]],[[112.3067,-8.166,0.0],[112.3066,-8.1662,0.0],[112.3094,-8.1662,0.0],[112.3067,-8.166,0.0]],[[112.3136,-8.1658,0.0],[112.311,-8.1682,0.0],[112.3138,-8.166,0.0],[112.3136,-8.1658,0.0]],[[112.3141,-8.169,0.0],[112.3162,-8.1685,0.0],[112.3139,-8.1661,0.0],[112.3141,-8.169,0.0]],[[112.3205,-8.1692,0.0],[112.3141,-8.1691,0.0],[112.3141,-8.1694,0.0],[112.3205,-8.1692,0.0]],[[112.3223,-8.1722,0.0],[112.3226,-8.1719,0.0],[112.3205,-8.1692,0.0],[112.3223,-8.1722,0.0]],[[112.3271,-8.1681,0.0],[112.327,-8.1682,0.0],[112.3274,-8.1683,0.0],[112.3271,-8.1681,0.0]],[[112.3334,-8.1703,0.0],[112.3316,-8.1701,0.0],[112.3385,-8.1728,0.0],[112.3334,-8.1703,0.0]],[[112.3598,-8.1713,0.0],[112.3576,-8.1681,0.0],[112.3601,-8.1734,0.0],[112.3598,-8.1713,0.0]],[[112.3187,-8.1663,0.0],[112.3166,-8.1689,0.0],[112.3167,-8.1689,0.0],[112.3187,-8.1663,0.0]],[[112.3226,-8.1659,0.0],[112.3227,-8.1657,0.0],[112.3187,-8.1663,0.0],[112.3226,-8.1659,0.0]],[[112.3689,-8.1225,0.0],[112.3676,-8.123,0.0],[112.3658,-8.126,0.0],[112.3689,-8.1225,0.0]],[[112.3597,-8.1265,0.0],[112.3587,-8.13,0.0],[112.3588,-8.13,0.0],[112.3597,-8.1265,0.0]],[[112.3548,-8.131,0.0],[112.3537,-8.1313,0.0],[112.3547,-8.1314,0.0],[112.3548,-8.131,0.0]],[[112.3401,-8.1142,0.0],[112.3435,-8.1141,0.0],[112.3437,-8.114,0.0],[112.3401,-8.1142,0.0]],[[112.3405,-8.0843,0.0],[112.3405,-8.0872,0.0],[112.3407,-8.0847,0.0],[112.3405,-8.0843,0.0]],[[112.3367,-8.0777,0.0],[112.34,-8.0831,0.0],[112.3382,-8.0789,0.0],[112.3367,-8.0777,0.0]],[[112.3357,-8.0761,0.0],[112.3359,-8.0764,0.0],[112.3371,-8.073,0.0],[112.3357,-8.0761,0.0]],[[112.3583,-8.0505,0.0],[112.3582,-8.0506,0.0],[112.3583,-8.0506,0.0],[112.3583,-8.0505,0.0]],[[112.3628,-8.0531,0.0],[112.3592,-8.051,0.0],[112.3598,-8.0521,0.0],[112.3628,-8.0531,0.0]],[[112.3743,-8.0502,0.0],[112.3647,-8.0537,0.0],[112.3653,-8.0539,0.0],[112.3743,-8.0502,0.0]],[[112.3197,-8.0669,0.0],[112.3205,-8.0659,0.0],[112.3224,-8.0588,0.0],[112.3197,-8.0669,0.0]],[[112.3314,-8.0408,0.0],[112.3324,-8.0407,0.0],[112.3314,-8.0407,0.0],[112.3314,-8.0408,0.0]],[[112.3334,-8.0406,0.0],[112.3338,-8.0422,0.0],[112.3336,-8.0406,0.0],[112.3334,-8.0406,0.0]],[[112.3779,-8.0035,0.0],[112.3847,-8.0006,0.0],[112.3848,-8.0004,0.0],[112.3779,-8.0035,0.0]]],[[[112.2386,-8.3524,0.0],[112.2389,-8.3522,0.0],[112.239,-8.3523,0.0],[112.2386,-8.3524,0.0]]],[[[112.2406,-8.3524,0.0],[112.241,-8.352,0.0],[112.2409,-8.3524,0.0],[112.2406,-8.3524,0.0]]],[[[112.2416,-8.3508,0.0],[112.242,-8.3509,0.0],[112.2417,-8.3512,0.0],[112.2416,-8.3508,0.0]]],[[[112.2368,-8.3507,0.0],[112.2372,-8.3505,0.0],[112.2371,-8.3508,0.0],[112.2368,-8.3507,0.0]]],[[[112.2414,-8.3502,0.0],[112.2411,-8.3503,0.0],[112.2412,-8.3501,0.0],[112.2414,-8.3502,0.0]]],[[[112.238,-8.3509,0.0],[112.2386,-8.3494,0.0],[112.2381,-8.3509,0.0],[112.238,-8.3509,0.0]]],[[[112.2401,-8.3482,0.0],[112.2403,-8.3511,0.0],[112.2388,-8.3504,0.0],[112.2401,-8.3482,0.0]]],[[[112.2418,-8.3484,0.0],[112.2424,-8.3485,0.0],[112.2422,-8.3491,0.0],[112.2418,-8.3484,0.0]]],[[[112.238,-8.346,0.0],[112.2375,-8.346,0.0],[112.2379,-8.3457,0.0],[112.238,-8.346,0.0]]],[[[112.2285,-8.3453,0.0],[112.2289,-8.344,0.0],[112.2291,-8.3439,0.0],[112.2285,-8.3453,0.0]]],[[[112.2201,-8.3439,0.0],[112.2205,-8.3433,0.0],[112.2205,-8.344,0.0],[112.2201,-8.3439,0.0]]],[[[112.2232,-8.3429,0.0],[112.2224,-8.3442,0.0],[112.2223,-8.3441,0.0],[112.2232,-8.3429,0.0]]],[[[112.2177,-8.3395,0.0],[112.2178,-8.3397,0.0],[112.2176,-8.3396,0.0],[112.2177,-8.3395,0.0]]],[[[112.2068,-8.33,0.0],[112.2069,-8.3295,0.0],[112.2069,-8.33,0.0],[112.2068,-8.33,0.0]]],[[[112.3482,-8.3523,0.0],[112.3481,-8.3519,0.0],[112.3483,-8.3522,0.0],[112.3482,-8.3523,0.0]]],[[[112.3459,-8.3506,0.0],[112.3459,-8.3502,0.0],[112.3461,-8.3505,0.0],[112.3459,-8.3506,0.0]]],[[[112.3459,-8.3499,0.0],[112.346,-8.3497,0.0],[112.3462,-8.3499,0.0],[112.3459,-8.3499,0.0]]],[[[112.3473,-8.347,0.0],[112.3469,-8.3471,0.0],[112.3472,-8.3469,0.0],[112.3473,-8.347,0.0]]],[[[112.3185,-8.3432,0.0],[112.3188,-8.3439,0.0],[112.3181,-8.3436,0.0],[112.3185,-8.3432,0.0]]],[[[112.3075,-8.3412,0.0],[112.3072,-8.3429,0.0],[112.3059,-8.3429,0.0],[112.3075,-8.3412,0.0]]],[[[112.311,-8.3405,0.0],[112.3105,-8.3405,0.0],[112.3104,-8.3399,0.0],[112.311,-8.3405,0.0]]],[[[112.3032,-8.339,0.0],[112.3026,-8.3391,0.0],[112.3035,-8.3388,0.0],[112.3032,-8.339,0.0]]],[[[112.2935,-8.3335,0.0],[112.2931,-8.3337,0.0],[112.293,-8.3334,0.0],[112.2935,-8.3335,0.0]]]]}},{"type":"Feature","properties":{"kab_kota":"Kota Probolinggo","kode":"kota-probolinggo"},"geometry":{"type":"Polygon","coordinates":[[[113.2263,-7.8014,0.0],[113.2171,-7.8202,0.0],[113.2041,-7.8127,0.0],[113.2083,-7.8044,0.0],[113.2003,-7.8125,0.0],[113.1786,-7.8101,0.0],[113.1831,-7.7907,0.0],[113.177,-7.7885,0.0],[113.179,-7.7833,0.0],[113.164,-7.7793,0.0],[113.1631,-7.7708,0.0],[113.1699,-7.7544,0.0],[113.1777,-7.7521,0.0],[113.1747,-7.7499,0.0],[113.1805,-7.7438,0.0],[113.1796,-7.7482,0.0],[113.1926,-7.7437,0.0],[113.1914,-7.7405,0.0],[113.1975,-7.7403,0.0],[113.1994,-7.7449,0.0],[113.1978,-7.7408,0.0],[113.2123,-7.7369,0.0],[113.2154,-7.7224,0.0],[113.2163,-7.7364,0.0],[113.2182,-7.7225,0.0],[113.2179,-7.727,0.0],[113.2235,-7.7287,0.0],[113.225,-7.7251,0.0],[113.228,-7.7247,0.0],[113.2256,-7.7327,0.0],[113.229,-7.725,0.0],[113.2254,-7.7342,0.0],[113.2231,-7.7337,0.0],[113.2253,-7.7381,0.0],[113.2371,-7.7403,0.0],[113.2381,-7.7474,0.0],[113.2319,-7.756,0.0],[113.2374,-7.7731,0.0],[113.2339,-7.7798,0.0],[113.2425,-7.7949,0.0],[113.2411,-7.7997,0.0],[113.2358,-7.7976,0.0],[113.2371,-7.8082,0.0],[113.2263,-7.8014,0.0]],[[113.1883,-7.7909,0.0],[113.1851,-7.7902,0.0],[113.1851,-7.7904,0.0],[113.1883,-7.7909,0.0]],[[113.1983,-7.7751,0.0],[113.1997,-7.7685,0.0],[113.1982,-7.7751,0.0],[113.1983,-7.7751,0.0]],[[113.2181,-7.7615,0.0],[113.218,-7.7615,0.0],[113.218,-7.7615,0.0],[113.2181,-7.7615,0.0]],[[113.2201,-7.7759,0.0],[113.2203,-7.7759,0.0],[113.2206,-7.7699,0.0],[113.2201,-7.7759,0.0]],[[113.226,-7.7791,0.0],[113.2282,-7.7826,0.0],[113.2279,-7.7715,0.0],[113.226,-7.7791,0.0]],[[113.2327,-7.7665,0.0],[113.2327,-7.7665,0.0],[113.2304,-7.773,0.0],[113.2327,-7.7665,0.0]]]}},{"type":"Feature","properties":{"kab_kota":"Pamekasan","kode":"kab-pamekasan"},"geometry":{"type":"Polygon","coordinates":[[[113.4742,-7.2218,0.0],[113.3937,-7.2176,0.0],[113.3977,-7.2017,0.0],[113.3884,-7.1974,0.0],[113.3835,-7.1889,0.0],[113.379,-7.2109,0.0],[113.3719,-7.1946,0.0],[113.3812,-7.1794,0.0],[113.3813,-7.1533,0.0],[113.3763,-7.1472,0.0],[113.3622,-7.1519,0.0],[113.3606,-7.1446,0.0],[113.3674,-7.1375,0.0],[113.3645,-7.1311,0.0],[113.37,-7.1123,0.0],[113.3628,-7.1069,0.0],[113.3633,-7.1016,0.0],[113.3846,-7.0889,0.0],[113.3869,-7.0844,0.0],[113.3802,-7.0774,0.0],[113.3953,-7.0707,0.0],[113.3921,-7.0568,0.0],[113.3972,-7.0568,0.0],[113.3972,-7.0392,0.0],[113.3925,-7.0348,0.0],[113.4227,-7.009,0.0],[113.4211,-6.9892,0.0],[113.4333,-6.9752,0.0],[113.4344,-6.9614,0.0],[113.4484,-6.9514,0.0],[113.46,-6.9507,0.0],[113.4611,-6.9355,0.0],[113.4778,-6.9243,0.0],[113.476,-6.9082,0.0],[113.4841,-6.8965,0.0],[113.6423,-6.8874,0.0],[113.6356,-6.9172,0.0],[113.6498,-6.9193,0.0],[113.6388,-6.9298,0.0],[113.6385,-6.939,0.0],[113.6316,-6.9387,0.0],[113.6261,-6.9476,0.0],[113.6233,-6.9608,0.0],[113.6265,-6.9648,0.0],[113.6125,-6.9674,0.0],[113.6084,-6.9739,0.0],[113.6123,-6.9809,0.0],[113.6093,-7.0006,0.0],[113.6191,-7.0091,0.0],[113.5929,-7.0092,0.0],[113.5924,-7.0165,0.0],[113.5786,-7.0179,0.0],[113.5762,-7.0314,0.0],[113.5822,-7.0436,0.0],[113.598,-7.0389,0.0],[113.6057,-7.0436,0.0],[113.5915,-7.0616,0.0],[113.586,-7.0611,0.0],[113.5994,-7.0626,0.0],[113.6212,-7.0848,0.0],[113.6227,-7.104,0.0],[113.6121,-7.1053,0.0],[113.602,-7.1285,0.0],[113.5892,-7.1386,0.0],[113.5783,-7.1577,0.0],[113.5737,-7.1614,0.0],[113.565,-7.1969,0.0],[113.5565,-7.2027,0.0],[113.5608,-7.2096,0.0],[113.5497,-7.2301,0.0],[113.5517,-7.2341,0.0],[113.5378,-7.2347,0.0],[113.5113,-7.2539,0.0],[113.5036,-7.2523,0.0],[113.4985,-7.2437,0.0],[113.5033,-7.2476,0.0],[113.5,-7.2423,0.0],[113.5088,-7.2409,0.0],[113.517,-7.2458,0.0],[113.5109,-7.2395,0.0],[113.5135,-7.2394,0.0],[113.5142,-7.2384,0.0],[113.4971,-7.2269,0.0],[113.474,-7.2222,0.0],[113.4824,-7.2088,0.0],[113.4742,-7.2218,0.0]],[[113.5812,-7.1412,0.0],[113.5832,-7.1448,0.0],[113.5849,-7.146,0.0],[113.5812,-7.1412,0.0]],[[113.4352,-6.9791,0.0],[113.4353,-6.9777,0.0],[113.4334,-6.9753,0.0],[113.4352,-6.9791,0.0]],[[113.4363,-6.9815,0.0],[113.4383,-6.9785,0.0],[113.4362,-6.9813,0.0],[113.4363,-6.9815,0.0]],[[113.509,-7.0119,0.0],[113.5081,-7.0112,0.0],[113.5072,-7.0114,0.0],[113.509,-7.0119,0.0]],[[113.5212,-7.0154,0.0],[113.523,-7.0157,0.0],[113.5192,-7.0148,0.0],[113.5212,-7.0154,0.0]],[[113.5186,-7.0213,0.0],[113.5213,-7.0194,0.0],[113.5213,-7.0186,0.0],[113.5186,-7.0213,0.0]],[[113.5205,-7.022,0.0],[113.5205,-7.022,0.0],[113.5186,-7.0213,0.0],[113.5205,-7.022,0.0]],[[113.5184,-7.0237,0.0],[113.5201,-7.0231,0.0],[113.5205,-7.022,0.0],[113.5184,-7.0237,0.0]],[[113.5233,-7.062,0.0],[113.5227,-7.0624,0.0],[113.5264,-7.0614,0.0],[113.5233,-7.062,0.0]],[[113.5214,-7.0635,0.0],[113.5213,-7.0648,0.0],[113.5223,-7.0628,0.0],[113.5214,-7.0635,0.0]],[[113.5189,-7.0697,0.0],[113.5189,-7.0697,0.0],[113.519,-7.0696,0.0],[113.5189,-7.0697,0.0]],[[113.5138,-7.072,0.0],[113.514,-7.0721,0.0],[113.5156,-7.0697,0.0],[113.5138,-7.072,0.0]],[[113.5073,-7.0712,0.0],[113.5072,-7.0712,0.0],[113.5089,-7.0714,0.0],[113.5073,-7.0712,0.0]],[[113.5032,-7.0782,0.0],[113.5057,-7.0753,0.0],[113.5072,-7.0713,0.0],[113.5032,-7.0782,0.0]],[[113.5025,-7.0794,0.0],[113.5051,-7.0917,0.0],[113.5027,-7.0791,0.0],[113.5025,-7.0794,0.0]],[[113.5005,-7.1101,0.0],[113.5006,-7.1099,0.0],[113.4986,-7.109,0.0],[113.5005,-7.1101,0.0]],[[113.4969,-7.1166,0.0],[113.4862,-7.113,0.0],[113.4984,-7.1178,0.0],[113.4969,-7.1166,0.0]],[[113.4956,-7.1219,0.0],[113.4988,-7.1181,0.0],[113.4988,-7.118,0.0],[113.4956,-7.1219,0.0]],[[113.5078,-7.1288,0.0],[113.5065,-7.1287,0.0],[113.4992,-7.1333,0.0],[113.5078,-7.1288,0.0]],[[113.5243,-7.1455,0.0],[113.5243,-7.1454,0.0],[113.5246,-7.1438,0.0],[113.5243,-7.1455,0.0]],[[113.5294,-7.1628,0.0],[113.5294,-7.1624,0.0],[113.5255,-7.1613,0.0],[113.5294,-7.1628,0.0]],[[113.5513,-7.2061,0.0],[113.5543,-7.2067,0.0],[113.5547,-7.2064,0.0],[113.5513,-7.2061,0.0]],[[113.3943,-7.1683,0.0],[113.3942,-7.1685,0.0],[113.3948,-7.1682,0.0],[113.3943,-7.1683,0.0]],[[113.3965,-7.168,0.0],[113.396,-7.1681,0.0],[113.4035,-7.1716,0.0],[113.3965,-7.168,0.0]],[[113.4341,-7.161,0.0],[113.4339,-7.1612,0.0],[113.4397,-7.1615,0.0],[113.4341,-7.161,0.0]],[[113.4463,-7.1659,0.0],[113.4431,-7.163,0.0],[113.4397,-7.1615,0.0],[113.4463,-7.1659,0.0]],[[113.447,-7.1454,0.0],[113.4464,-7.1473,0.0],[113.4472,-7.1455,0.0],[113.447,-7.1454,0.0]],[[113.4725,-7.1352,0.0],[113.4694,-7.131,0.0],[113.4641,-7.1289,0.0],[113.4682,-7.1308,0.0],[113.4725,-7.1352,0.0]],[[113.4774,-7.1371,0.0],[113.4749,-7.1363,0.0],[113.477,-7.1372,0.0],[113.4774,-7.1371,0.0]],[[113.4815,-7.1358,0.0],[113.4793,-7.1357,0.0],[113.479,-7.1366,0.0],[113.4815,-7.1358,0.0]],[[113.487,-7.1284,0.0],[113.4832,-7.1302,0.0],[113.4864,-7.1294,0.0],[113.487,-7.1284,0.0]],[[113.4873,-7.1216,0.0],[113.4876,-7.1273,0.0],[113.4881,-7.1264,0.0],[113.4873,-7.1216,0.0]],[[113.4479,-7.1672,0.0],[113.447,-7.1703,0.0],[113.4481,-7.1674,0.0],[113.4479,-7.1672,0.0]],[[113.473,-7.1824,0.0],[113.4741,-7.1823,0.0],[113.4737,-7.1821,0.0],[113.473,-7.1824,0.0]],[[113.4795,-7.1833,0.0],[113.4802,-7.184,0.0],[113.48,-7.1832,0.0],[113.4795,-7.1833,0.0]],[[113.4805,-7.1848,0.0],[113.4795,-7.1875,0.0],[113.4808,-7.1856,0.0],[113.4805,-7.1848,0.0]],[[113.4867,-7.1897,0.0],[113.4867,-7.1898,0.0],[113.4886,-7.188,0.0],[113.4867,-7.1897,0.0]],[[113.4856,-7.1924,0.0],[113.4851,-7.1933,0.0],[113.4853,-7.1937,0.0],[113.4856,-7.1924,0.0]],[[113.4955,-7.1922,0.0],[113.4955,-7.1901,0.0],[113.495,-7.1934,0.0],[113.4955,-7.1922,0.0]],[[113.4956,-7.1778,0.0],[113.4917,-7.1743,0.0],[113.4956,-7.1778,0.0],[113.4956,-7.1778,0.0]],[[113.4878,-7.1738,0.0],[113.4862,-7.1746,0.0],[113.4917,-7.1743,0.0],[113.4878,-7.1738,0.0]],[[113.4852,-7.1738,0.0],[113.4853,-7.1746,0.0],[113.4857,-7.1746,0.0],[113.4852,-7.1738,0.0]],[[113.4863,-7.1631,0.0],[113.4848,-7.1689,0.0],[113.4851,-7.1722,0.0],[113.4863,-7.1631,0.0]],[[113.4556,-7.0641,0.0],[113.4559,-7.0643,0.0],[113.4559,-7.0624,0.0],[113.4556,-7.0641,0.0]],[[113.4566,-7.0647,0.0],[113.4569,-7.0646,0.0],[113.4564,-7.0646,0.0],[113.4566,-7.0647,0.0]],[[113.4794,-7.1036,0.0],[113.4791,-7.1027,0.0],[113.4789,-7.1027,0.0],[113.4794,-7.1036,0.0]],[[113.4842,-7.1119,0.0],[113.4846,-7.1122,0.0],[113.4837,-7.1111,0.0],[113.4842,-7.1119,0.0]],[[113.445,-7.0591,0.0],[113.4451,-7.0591,0.0],[113.4439,-7.0577,0.0],[113.445,-7.0591,0.0]],[[113.4432,-7.0594,0.0],[113.4432,-7.0595,0.0],[113.4432,-7.0594,0.0],[113.4432,-7.0594,0.0]],[[113.5303,-6.9247,0.0],[113.5322,-6.9234,0.0],[113.5302,-6.9242,0.0],[113.5303,-6.9247,0.0]],[[113.5312,-6.9295,0.0],[113.5312,-6.9293,0.0],[113.5292,-6.9318,0.0],[113.5312,-6.9295,0.0]],[[113.5332,-6.9465,0.0],[113.5304,-6.9413,0.0],[113.5334,-6.9485,0.0],[113.5332,-6.9465,0.0]],[[113.5362,-6.9551,0.0],[113.5358,-6.9544,0.0],[113.5362,-6.9554,0.0],[113.5362,-6.9551,0.0]],[[113.5351,-6.9928,0.0],[113.5338,-6.9909,0.0],[113.5345,-6.993,0.0],[113.5351,-6.9928,0.0]],[[113.5356,-6.9935,0.0],[113.5356,-6.9934,0.0],[113.5354,-6.9941,0.0],[113.5356,-6.9935,0.0]],[[113.535,-6.9954,0.0],[113.5351,-6.9951,0.0],[113.5329,-6.9945,0.0],[113.535,-6.9954,0.0]],[[113.5233,-7.0157,0.0],[113.524,-7.0124,0.0],[113.5233,-7.0157,0.0],[113.5233,-7.0157,0.0]],[[113.5061,-7.1059,0.0],[113.5014,-7.1115,0.0],[113.5017,-7.1116,0.0],[113.5061,-7.1059,0.0]],[[113.5274,-7.1008,0.0],[113.5248,-7.1019,0.0],[113.5275,-7.1008,0.0],[113.5274,-7.1008,0.0]],[[113.5975,-7.1122,0.0],[113.5938,-7.1149,0.0],[113.5972,-7.1131,0.0],[113.5975,-7.1122,0.0]],[[113.5411,-7.1437,0.0],[113.5367,-7.1369,0.0],[113.5408,-7.1437,0.0],[113.5411,-7.1437,0.0]],[[113.5572,-7.1208,0.0],[113.5538,-7.1205,0.0],[113.5538,-7.1205,0.0],[113.5572,-7.1208,0.0]],[[113.5732,-7.1304,0.0],[113.573,-7.1298,0.0],[113.5727,-7.1298,0.0],[113.5732,-7.1304,0.0]],[[113.5211,-7.0205,0.0],[113.524,-7.0204,0.0],[113.523,-7.0199,0.0],[113.5211,-7.0205,0.0]],[[113.5427,-7.0228,0.0],[113.5782,-7.0178,0.0],[113.577,-7.0178,0.0],[113.5427,-7.0228,0.0]],[[113.5544,-7.0652,0.0],[113.5639,-7.068,0.0],[113.5542,-7.0648,0.0],[113.5544,-7.0652,0.0]],[[113.57,-7.068,0.0],[113.5703,-7.0679,0.0],[113.5685,-7.0664,0.0],[113.57,-7.068,0.0]],[[113.5713,-7.0673,0.0],[113.5713,-7.0669,0.0],[113.5708,-7.0676,0.0],[113.5713,-7.0673,0.0]],[[113.5697,-6.9194,0.0],[113.5688,-6.9193,0.0],[113.5615,-6.9233,0.0],[113.5697,-6.9194,0.0]],[[113.5699,-6.9194,0.0],[113.5691,-6.9241,0.0],[113.57,-6.9217,0.0],[113.5699,-6.9194,0.0]],[[113.569,-6.9241,0.0],[113.569,-6.9241,0.0],[113.569,-6.9241,0.0],[113.569,-6.9241,0.0]],[[113.566,-6.9278,0.0],[113.5667,-6.9279,0.0],[113.5667,-6.927,0.0],[113.566,-6.9278,0.0]],[[113.5696,-6.9283,0.0],[113.57,-6.928,0.0],[113.5687,-6.9282,0.0],[113.5696,-6.9283,0.0]],[[113.5704,-6.9421,0.0],[113.5742,-6.9404,0.0],[113.5743,-6.9403,0.0],[113.5704,-6.9421,0.0]],[[113.5825,-6.9634,0.0],[113.583,-6.9637,0.0],[113.5833,-6.9613,0.0],[113.5825,-6.9634,0.0]],[[113.5839,-6.9644,0.0],[113.5877,-6.9645,0.0],[113.5831,-6.9638,0.0],[113.5839,-6.9644,0.0]],[[113.6018,-6.9725,0.0],[113.5995,-6.9723,0.0],[113.6022,-6.9731,0.0],[113.6018,-6.9725,0.0]],[[113.6071,-6.9836,0.0],[113.6052,-6.9775,0.0],[113.6031,-6.9744,0.0],[113.6071,-6.9836,0.0]],[[113.6063,-6.9862,0.0],[113.6068,-6.9861,0.0],[113.6071,-6.9836,0.0],[113.6063,-6.9862,0.0]]]}},{"type":"Feature","properties":{"kab_kota":"Mojokerto","kode":"kab-mojokerto"},"geometry":{"type":"Polygon","coordinates":[[[112.4786,-7.7679,0.0],[112.4616,-7.7697,0.0],[112.4561,-7.7791,0.0],[112.4514,-7.7751,0.0],[112.4481,-7.743,0.0],[112.4386,-7.7329,0.0],[112.4304,-7.7001,0.0],[112.4117,-7.6735,0.0],[112.4094,-7.6441,0.0],[112.4037,-7.6419,0.0],[112.3897,-7.6507,0.0],[112.3799,-7.6344,0.0],[112.385,-7.6298,0.0],[112.3873,-7.6143,0.0],[112.3717,-7.5717,0.0],[112.3754,-7.5634,0.0],[112.3637,-7.5528,0.0],[112.3647,-7.5439,0.0],[112.3705,-7.5403,0.0],[112.3661,-7.5266,0.0],[112.3739,-7.5255,0.0],[112.378,-7.5122,0.0],[112.3762,-7.4836,0.0],[112.3885,-7.4809,0.0],[112.3903,-7.4701,0.0],[112.4033,-7.467,0.0],[112.4049,-7.4613,0.0],[112.3512,-7.4549,0.0],[112.3414,-7.4598,0.0],[112.3327,-7.4544,0.0],[112.3406,-7.4407,0.0],[112.3459,-7.4416,0.0],[112.3413,-7.4323,0.0],[112.3463,-7.4178,0.0],[112.353,-7.4129,0.0],[112.3459,-7.4099,0.0],[112.3475,-7.3979,0.0],[112.3406,-7.3882,0.0],[112.3341,-7.3888,0.0],[112.3319,-7.3797,0.0],[112.3486,-7.3379,0.0],[112.3588,-7.3336,0.0],[112.3586,-7.3265,0.0],[112.3746,-7.3236,0.0],[112.3755,-7.3278,0.0],[112.3836,-7.3286,0.0],[112.3819,-7.3333,0.0],[112.3912,-7.3335,0.0],[112.3989,-7.32,0.0],[112.4041,-7.3228,0.0],[112.402,-7.3193,0.0],[112.4111,-7.3119,0.0],[112.4105,-7.3165,0.0],[112.416,-7.3158,0.0],[112.4149,-7.3107,0.0],[112.4229,-7.3123,0.0],[112.4216,-7.3172,0.0],[112.4289,-7.3108,0.0],[112.4418,-7.3142,0.0],[112.4475,-7.3031,0.0],[112.4588,-7.3121,0.0],[112.4674,-7.311,0.0],[112.4693,-7.304,0.0],[112.4802,-7.3085,0.0],[112.4798,-7.3284,0.0],[112.4763,-7.3296,0.0],[112.4856,-7.3402,0.0],[112.473,-7.3532,0.0],[112.4799,-7.365,0.0],[112.4741,-7.3721,0.0],[112.4757,-7.3852,0.0],[112.4852,-7.4038,0.0],[112.4936,-7.3994,0.0],[112.4946,-7.4085,0.0],[112.4842,-7.4098,0.0],[112.4735,-7.4291,0.0],[112.4622,-7.4321,0.0],[112.4558,-7.4473,0.0],[112.4686,-7.4453,0.0],[112.4881,-7.4597,0.0],[112.5706,-7.4797,0.0],[112.5826,-7.4927,0.0],[112.6026,-7.5009,0.0],[112.6308,-7.5331,0.0],[112.6471,-7.5384,0.0],[112.6638,-7.5573,0.0],[112.6569,-7.5689,0.0],[112.6527,-7.5969,0.0],[112.6293,-7.617,0.0],[112.6147,-7.612,0.0],[112.6208,-7.6154,0.0],[112.6278,-7.6529,0.0],[112.6144,-7.6817,0.0],[112.5982,-7.6944,0.0],[112.5857,-7.7207,0.0],[112.5747,-7.7326,0.0],[112.5622,-7.7378,0.0],[112.5284,-7.735,0.0],[112.5248,-7.7396,0.0],[112.5148,-7.7415,0.0],[112.5157,-7.7384,0.0],[112.5129,-7.7457,0.0],[112.5124,-7.7515,0.0],[112.4786,-7.7679,0.0]],[[112.5149,-7.7323,0.0],[112.5147,-7.7318,0.0],[112.5157,-7.7384,0.0],[112.5149,-7.7323,0.0]],[[112.3941,-7.3634,0.0],[112.3933,-7.3635,0.0],[112.392,-7.3661,0.0],[112.3941,-7.3634,0.0]],[[112.4001,-7.3654,0.0],[112.3946,-7.3634,0.0],[112.3942,-7.3634,0.0],[112.4001,-7.3654,0.0]],[[112.4154,-7.3706,0.0],[112.4134,-7.3721,0.0],[112.4133,-7.3724,0.0],[112.4154,-7.3706,0.0]],[[112.4226,-7.3706,0.0],[112.42,-7.37,0.0],[112.4197,-7.37,0.0],[112.4226,-7.3706,0.0]],[[112.4338,-7.3819,0.0],[112.4337,-7.3781,0.0],[112.4335,-7.3781,0.0],[112.4338,-7.3819,0.0]],[[112.4322,-7.3853,0.0],[112.4338,-7.3824,0.0],[112.4338,-7.3823,0.0],[112.4322,-7.3853,0.0]],[[112.5233,-7.4781,0.0],[112.5223,-7.482,0.0],[112.5246,-7.4787,0.0],[112.5233,-7.4781,0.0]],[[112.5257,-7.5094,0.0],[112.526,-7.5073,0.0],[112.526,-7.505,0.0],[112.5257,-7.5094,0.0]],[[112.5196,-7.5271,0.0],[112.5195,-7.5287,0.0],[112.5235,-7.5223,0.0],[112.5196,-7.5271,0.0]],[[112.5191,-7.5336,0.0],[112.5191,-7.5346,0.0],[112.5194,-7.5365,0.0],[112.5191,-7.5336,0.0]],[[112.5151,-7.5304,0.0],[112.5151,-7.5304,0.0],[112.5175,-7.5349,0.0],[112.5151,-7.5304,0.0]],[[112.4972,-7.5353,0.0],[112.4973,-7.5357,0.0],[112.4988,-7.5354,0.0],[112.4972,-7.5353,0.0]],[[112.4986,-7.5462,0.0],[112.4997,-7.5554,0.0],[112.4974,-7.542,0.0],[112.4986,-7.5462,0.0]],[[112.4987,-7.5851,0.0],[112.4993,-7.5858,0.0],[112.4982,-7.5823,0.0],[112.4987,-7.5851,0.0]],[[112.5061,-7.5934,0.0],[112.5062,-7.5926,0.0],[112.5022,-7.5891,0.0],[112.5061,-7.5934,0.0]],[[112.5049,-7.5977,0.0],[112.5049,-7.6046,0.0],[112.5059,-7.5951,0.0],[112.5049,-7.5977,0.0]],[[112.5098,-7.6055,0.0],[112.5241,-7.6037,0.0],[112.5348,-7.6007,0.0],[112.5098,-7.6055,0.0]],[[112.5255,-7.6166,0.0],[112.5279,-7.6129,0.0],[112.5277,-7.6126,0.0],[112.5255,-7.6166,0.0]],[[112.5024,-7.6312,0.0],[112.5039,-7.6314,0.0],[112.5042,-7.6312,0.0],[112.5024,-7.6312,0.0]],[[112.4989,-7.6312,0.0],[112.4999,-7.6363,0.0],[112.4991,-7.6312,0.0],[112.4989,-7.6312,0.0]],[[112.498,-7.6374,0.0],[112.5004,-7.6401,0.0],[112.4981,-7.6373,0.0],[112.498,-7.6374,0.0]],[[112.5099,-7.7184,0.0],[112.5103,-7.7194,0.0],[112.509,-7.7108,0.0],[112.5099,-7.7184,0.0]],[[112.3898,-7.4922,0.0],[112.3889,-7.4871,0.0],[112.3889,-7.4901,0.0],[112.3898,-7.4922,0.0]],[[112.4365,-7.4817,0.0],[112.4498,-7.4933,0.0],[112.4508,-7.4817,0.0],[112.4605,-7.4829,0.0],[112.4671,-7.4532,0.0],[112.4576,-7.4569,0.0],[112.4551,-7.4475,0.0],[112.4318,-7.4602,0.0],[112.421,-7.4569,0.0],[112.4078,-7.458,0.0],[112.4059,-7.459,0.0],[112.4157,-7.4574,0.0],[112.4168,-7.466,0.0],[112.4121,-7.4686,0.0],[112.4134,-7.4743,0.0],[112.406,-7.4779,0.0],[112.4077,-7.4916,0.0],[112.4221,-7.4941,0.0],[112.4287,-7.4805,0.0],[112.4352,-7.4875,0.0],[112.4335,-7.4983,0.0],[112.4365,-7.4817,0.0]],[[112.4775,-7.489,0.0],[112.4775,-7.489,0.0],[112.4777,-7.489,0.0],[112.4775,-7.489,0.0]],[[112.3952,-7.5848,0.0],[112.3951,-7.5832,0.0],[112.3949,-7.5843,0.0],[112.3952,-7.5848,0.0]],[[112.3955,-7.5814,0.0],[112.3964,-7.5801,0.0],[112.3957,-7.5803,0.0],[112.3955,-7.5814,0.0]],[[112.408,-7.5807,0.0],[112.4084,-7.5807,0.0],[112.4066,-7.5774,0.0],[112.408,-7.5807,0.0]],[[112.4259,-7.5706,0.0],[112.4213,-7.5666,0.0],[112.4259,-7.5706,0.0],[112.4259,-7.5706,0.0]],[[112.4271,-7.5754,0.0],[112.4272,-7.5761,0.0],[112.4279,-7.5764,0.0],[112.4271,-7.5754,0.0]],[[112.4308,-7.5776,0.0],[112.4308,-7.5776,0.0],[112.4312,-7.5776,0.0],[112.4308,-7.5776,0.0]],[[112.4318,-7.5776,0.0],[112.4318,-7.5776,0.0],[112.4306,-7.5757,0.0],[112.4318,-7.5776,0.0]],[[112.4414,-7.5688,0.0],[112.4419,-7.5741,0.0],[112.4426,-7.5715,0.0],[112.4414,-7.5688,0.0]],[[112.4404,-7.5635,0.0],[112.4404,-7.5625,0.0],[112.4393,-7.561,0.0],[112.4404,-7.5635,0.0]],[[112.4378,-7.5577,0.0],[112.4382,-7.5565,0.0],[112.4376,-7.5571,0.0],[112.4378,-7.5577,0.0]],[[112.4406,-7.5566,0.0],[112.4428,-7.5519,0.0],[112.4419,-7.5523,0.0],[112.4406,-7.5566,0.0]],[[112.4735,-7.5537,0.0],[112.4753,-7.5538,0.0],[112.4753,-7.5538,0.0],[112.4735,-7.5537,0.0]],[[112.4727,-7.5194,0.0],[112.4732,-7.5062,0.0],[112.4717,-7.5301,0.0],[112.4727,-7.5194,0.0]],[[112.4808,-7.5331,0.0],[112.4808,-7.5332,0.0],[112.4819,-7.5321,0.0],[112.4808,-7.5331,0.0]],[[112.4878,-7.5361,0.0],[112.4871,-7.5379,0.0],[112.4872,-7.5379,0.0],[112.4878,-7.5361,0.0]],[[112.4917,-7.5413,0.0],[112.4948,-7.5424,0.0],[112.4948,-7.5424,0.0],[112.4917,-7.5413,0.0]],[[112.4938,-7.5457,0.0],[112.4961,-7.5472,0.0],[112.4963,-7.5472,0.0],[112.4938,-7.5457,0.0]],[[112.4942,-7.5485,0.0],[112.4939,-7.5486,0.0],[112.4944,-7.5487,0.0],[112.4942,-7.5485,0.0]],[[112.4715,-7.7533,0.0],[112.4666,-7.751,0.0],[112.4714,-7.7535,0.0],[112.4715,-7.7533,0.0]],[[112.4521,-7.7066,0.0],[112.4501,-7.7115,0.0],[112.4503,-7.712,0.0],[112.4521,-7.7066,0.0]],[[112.4527,-7.7049,0.0],[112.4516,-7.6917,0.0],[112.4526,-7.7052,0.0],[112.4527,-7.7049,0.0]],[[112.455,-7.5879,0.0],[112.4549,-7.5879,0.0],[112.4553,-7.5913,0.0],[112.455,-7.5879,0.0]],[[112.4583,-7.5879,0.0],[112.4572,-7.5878,0.0],[112.4572,-7.5879,0.0],[112.4583,-7.5879,0.0]],[[112.4613,-7.5927,0.0],[112.4603,-7.588,0.0],[112.4602,-7.588,0.0],[112.4613,-7.5927,0.0]],[[112.4906,-7.6063,0.0],[112.4898,-7.6054,0.0],[112.4897,-7.6055,0.0],[112.4906,-7.6063,0.0]],[[112.496,-7.6111,0.0],[112.4964,-7.6108,0.0],[112.4959,-7.6109,0.0],[112.496,-7.6111,0.0]],[[112.445,-7.5727,0.0],[112.4437,-7.5721,0.0],[112.445,-7.5728,0.0],[112.445,-7.5727,0.0]],[[112.4496,-7.5667,0.0],[112.4534,-7.5682,0.0],[112.4496,-7.5665,0.0],[112.4496,-7.5667,0.0]],[[112.4548,-7.5688,0.0],[112.4544,-7.5686,0.0],[112.4563,-7.5715,0.0],[112.4548,-7.5688,0.0]],[[112.4217,-7.5607,0.0],[112.4201,-7.5645,0.0],[112.4203,-7.5649,0.0],[112.4217,-7.5607,0.0]],[[112.364,-7.4373,0.0],[112.3669,-7.4367,0.0],[112.3669,-7.4364,0.0],[112.364,-7.4373,0.0]],[[112.3584,-7.4463,0.0],[112.3574,-7.4463,0.0],[112.3552,-7.4478,0.0],[112.3584,-7.4463,0.0]],[[112.3668,-7.4479,0.0],[112.3622,-7.4461,0.0],[112.36,-7.4462,0.0],[112.3668,-7.4479,0.0]],[[112.3745,-7.4308,0.0],[112.3734,-7.4312,0.0],[112.3699,-7.4389,0.0],[112.3745,-7.4308,0.0]],[[112.3851,-7.4291,0.0],[112.3805,-7.4284,0.0],[112.3805,-7.4284,0.0],[112.3851,-7.4291,0.0]],[[112.4363,-7.4434,0.0],[112.4363,-7.4433,0.0],[112.4363,-7.43,0.0],[112.4363,-7.4434,0.0]],[[112.4047,-7.3889,0.0],[112.4046,-7.3892,0.0],[112.4064,-7.3882,0.0],[112.4047,-7.3889,0.0]],[[112.5206,-7.5382,0.0],[112.5197,-7.5378,0.0],[112.5198,-7.5384,0.0],[112.5206,-7.5382,0.0]],[[112.5215,-7.5372,0.0],[112.5214,-7.5379,0.0],[112.5244,-7.537,0.0],[112.5215,-7.5372,0.0]],[[112.553,-7.5372,0.0],[112.5507,-7.5426,0.0],[112.5508,-7.5426,0.0],[112.553,-7.5372,0.0]],[[112.5586,-7.5337,0.0],[112.5577,-7.5376,0.0],[112.5579,-7.5376,0.0],[112.5586,-7.5337,0.0]],[[112.5661,-7.5206,0.0],[112.5654,-7.525,0.0],[112.566,-7.5237,0.0],[112.5661,-7.5206,0.0]],[[112.5374,-7.5956,0.0],[112.5561,-7.5936,0.0],[112.5561,-7.5936,0.0],[112.5374,-7.5956,0.0]],[[112.5575,-7.5952,0.0],[112.5575,-7.5952,0.0],[112.5634,-7.5943,0.0],[112.5575,-7.5952,0.0]],[[112.5679,-7.5981,0.0],[112.5632,-7.5975,0.0],[112.5734,-7.5996,0.0],[112.5679,-7.5981,0.0]],[[112.5747,-7.5855,0.0],[112.5746,-7.5853,0.0],[112.5734,-7.5996,0.0],[112.5747,-7.5855,0.0]],[[112.5755,-7.5867,0.0],[112.5783,-7.5916,0.0],[112.5796,-7.5927,0.0],[112.5755,-7.5867,0.0]],[[112.5866,-7.5922,0.0],[112.5877,-7.5911,0.0],[112.5879,-7.5905,0.0],[112.5866,-7.5922,0.0]],[[112.6053,-7.5943,0.0],[112.6073,-7.6078,0.0],[112.6078,-7.6081,0.0],[112.6053,-7.5943,0.0]],[[112.5776,-7.7093,0.0],[112.5772,-7.709,0.0],[112.578,-7.7113,0.0],[112.5776,-7.7093,0.0]],[[112.5793,-7.718,0.0],[112.5788,-7.7154,0.0],[112.5791,-7.7224,0.0],[112.5793,-7.718,0.0]],[[112.5672,-7.5968,0.0],[112.5698,-7.5886,0.0],[112.5671,-7.5967,0.0],[112.5672,-7.5968,0.0]],[[112.5727,-7.5742,0.0],[112.5714,-7.5779,0.0],[112.5714,-7.5781,0.0],[112.5727,-7.5742,0.0]],[[112.5767,-7.5701,0.0],[112.5765,-7.5721,0.0],[112.5766,-7.5723,0.0],[112.5767,-7.5701,0.0]],[[112.5789,-7.5685,0.0],[112.5769,-7.5683,0.0],[112.5769,-7.5687,0.0],[112.5789,-7.5685,0.0]],[[112.5951,-7.5448,0.0],[112.5952,-7.5446,0.0],[112.5935,-7.5457,0.0],[112.5951,-7.5448,0.0]],[[112.5955,-7.5439,0.0],[112.5936,-7.5432,0.0],[112.5952,-7.5446,0.0],[112.5955,-7.5439,0.0]],[[112.6058,-7.5212,0.0],[112.606,-7.5164,0.0],[112.6054,-7.5222,0.0],[112.6058,-7.5212,0.0]],[[112.5479,-7.5729,0.0],[112.5464,-7.5717,0.0],[112.548,-7.5732,0.0],[112.5479,-7.5729,0.0]],[[112.5512,-7.583,0.0],[112.5514,-7.5806,0.0],[112.5508,-7.5822,0.0],[112.5512,-7.583,0.0]],[[112.5552,-7.5918,0.0],[112.5542,-7.5898,0.0],[112.5541,-7.5907,0.0],[112.5552,-7.5918,0.0]]]}},{"type":"Feature","properties":{"kab_kota":"Bojonegoro","kode":"kab-bojonegoro"},"geometry":{"type":"Polygon","coordinates":[[[111.7705,-7.4696,0.0],[111.7167,-7.4432,0.0],[111.6845,-7.4166,0.0],[111.6163,-7.3794,0.0],[111.6162,-7.368,0.0],[111.612,-7.3709,0.0],[111.5749,-7.3486,0.0],[111.5665,-7.36,0.0],[111.5549,-7.3558,0.0],[111.5451,-7.3701,0.0],[111.5279,-7.3722,0.0],[111.5135,-7.3629,0.0],[111.497,-7.3644,0.0],[111.4852,-7.3582,0.0],[111.4721,-7.3574,0.0],[111.4626,-7.363,0.0],[111.4569,-7.3518,0.0],[111.4437,-7.3602,0.0],[111.4418,-7.35,0.0],[111.4455,-7.3451,0.0],[111.4627,-7.3455,0.0],[111.4608,-7.3411,0.0],[111.4462,-7.3371,0.0],[111.4576,-7.3216,0.0],[111.4477,-7.3135,0.0],[111.4328,-7.3149,0.0],[111.4235,-7.3088,0.0],[111.4419,-7.2896,0.0],[111.4444,-7.2787,0.0],[111.4385,-7.2689,0.0],[111.4514,-7.2741,0.0],[111.4516,-7.2481,0.0],[111.4564,-7.2497,0.0],[111.4578,-7.2606,0.0],[111.4635,-7.2629,0.0],[111.4773,-7.2519,0.0],[111.4903,-7.2604,0.0],[111.4857,-7.2512,0.0],[111.4878,-7.2429,0.0],[111.5027,-7.2483,0.0],[111.5224,-7.237,0.0],[111.528,-7.2271,0.0],[111.5416,-7.2275,0.0],[111.5367,-7.2159,0.0],[111.5545,-7.2019,0.0],[111.5668,-7.2065,0.0],[111.5693,-7.1988,0.0],[111.5639,-7.1905,0.0],[111.5676,-7.1862,0.0],[111.5872,-7.1856,0.0],[111.5842,-7.1707,0.0],[111.5988,-7.1549,0.0],[111.5987,-7.1453,0.0],[111.6106,-7.1435,0.0],[111.606,-7.1279,0.0],[111.6137,-7.1226,0.0],[111.6134,-7.1107,0.0],[111.622,-7.1084,0.0],[111.6139,-7.0988,0.0],[111.6169,-7.0977,0.0],[111.6131,-7.0819,0.0],[111.6191,-7.0735,0.0],[111.6281,-7.0754,0.0],[111.6254,-7.0708,0.0],[111.6299,-7.0595,0.0],[111.6183,-7.05,0.0],[111.6187,-7.0401,0.0],[111.6135,-7.035,0.0],[111.6132,-7.0067,0.0],[111.6221,-6.9864,0.0],[111.6519,-7.0005,0.0],[111.6591,-7.039,0.0],[111.6715,-7.0409,0.0],[111.675,-7.0482,0.0],[111.6938,-7.0541,0.0],[111.6926,-7.0666,0.0],[111.7119,-7.081,0.0],[111.7178,-7.0781,0.0],[111.7257,-7.0839,0.0],[111.7362,-7.0778,0.0],[111.7625,-7.0879,0.0],[111.7692,-7.0825,0.0],[111.7933,-7.082,0.0],[111.7971,-7.0862,0.0],[111.8185,-7.0881,0.0],[111.8242,-7.1004,0.0],[111.8566,-7.1151,0.0],[111.856,-7.1253,0.0],[111.8602,-7.1239,0.0],[111.862,-7.1297,0.0],[111.8645,-7.1241,0.0],[111.8779,-7.1333,0.0],[111.8863,-7.1217,0.0],[111.9017,-7.1303,0.0],[111.8973,-7.1365,0.0],[111.9315,-7.1336,0.0],[111.9333,-7.1602,0.0],[111.9439,-7.157,0.0],[111.9397,-7.1576,0.0],[111.9535,-7.1317,0.0],[111.9767,-7.1437,0.0],[111.9777,-7.1616,0.0],[111.9843,-7.163,0.0],[111.9859,-7.1393,0.0],[111.9937,-7.1278,0.0],[111.9951,-7.1145,0.0],[111.9995,-7.1157,0.0],[111.999,-7.125,0.0],[112.0106,-7.1303,0.0],[112.0032,-7.1093,0.0],[112.0144,-7.1022,0.0],[112.0063,-7.0934,0.0],[112.013,-7.0937,0.0],[112.0207,-7.0865,0.0],[112.0157,-7.0756,0.0],[112.0189,-7.0678,0.0],[112.0251,-7.0685,0.0],[112.0319,-7.0791,0.0],[112.0387,-7.0714,0.0],[112.0453,-7.072,0.0],[112.0413,-7.0817,0.0],[112.0547,-7.0728,0.0],[112.0841,-7.0671,0.0],[112.0866,-7.0861,0.0],[112.1246,-7.0894,0.0],[112.1174,-7.0976,0.0],[112.1219,-7.1077,0.0],[112.1272,-7.1068,0.0],[112.1313,-7.097,0.0],[112.1443,-7.1063,0.0],[112.1514,-7.1009,0.0],[112.1462,-7.1067,0.0],[112.1522,-7.1094,0.0],[112.1541,-7.1198,0.0],[112.1654,-7.1129,0.0],[112.1601,-7.1417,0.0],[112.1517,-7.1495,0.0],[112.1509,-7.1584,0.0],[112.1396,-7.158,0.0],[112.13,-7.1837,0.0],[112.1242,-7.1858,0.0],[112.1184,-7.2121,0.0],[112.1093,-7.2225,0.0],[112.0966,-7.2284,0.0],[112.0926,-7.2231,0.0],[112.0871,-7.2301,0.0],[112.0895,-7.2389,0.0],[112.085,-7.2424,0.0],[112.0838,-7.25,0.0],[112.0881,-7.253,0.0],[112.0843,-7.2596,0.0],[112.0876,-7.267,0.0],[112.0944,-7.2693,0.0],[112.0912,-7.2822,0.0],[112.0855,-7.2835,0.0],[112.09,-7.304,0.0],[112.0771,-7.3133,0.0],[112.0783,-7.3242,0.0],[112.0726,-7.3335,0.0],[112.089,-7.3585,0.0],[112.0893,-7.3685,0.0],[112.0693,-7.397,0.0],[112.0463,-7.3938,0.0],[112.0479,-7.3996,0.0],[112.0352,-7.4018,0.0],[112.0242,-7.3956,0.0],[112.0197,-7.4098,0.0],[111.9987,-7.4034,0.0],[111.9837,-7.4074,0.0],[111.9713,-7.405,0.0],[111.958,-7.4133,0.0],[111.9432,-7.4063,0.0],[111.9424,-7.411,0.0],[111.9599,-7.4228,0.0],[111.9596,-7.4281,0.0],[111.9422,-7.4392,0.0],[111.9039,-7.4334,0.0],[111.8776,-7.441,0.0],[111.8616,-7.4359,0.0],[111.8215,-7.4395,0.0],[111.8145,-7.451,0.0],[111.8004,-7.4611,0.0],[111.7705,-7.4696,0.0]],[[111.4786,-7.27,0.0],[111.4783,-7.2695,0.0],[111.469,-7.2622,0.0],[111.4786,-7.27,0.0]],[[111.9436,-7.1588,0.0],[111.9438,-7.1588,0.0],[111.9439,-7.157,0.0],[111.9436,-7.1588,0.0]],[[111.7746,-7.4273,0.0],[111.7737,-7.4276,0.0],[111.7737,-7.4279,0.0],[111.7746,-7.4273,0.0]],[[111.7817,-7.4344,0.0],[111.7818,-7.4344,0.0],[111.7746,-7.4273,0.0],[111.7817,-7.4344,0.0]],[[111.7917,-7.4385,0.0],[111.7935,-7.4385,0.0],[111.7853,-7.4346,0.0],[111.7917,-7.4385,0.0]],[[111.7983,-7.441,0.0],[111.7983,-7.4408,0.0],[111.7982,-7.4408,0.0],[111.7983,-7.441,0.0]],[[111.6541,-7.0743,0.0],[111.6541,-7.0743,0.0],[111.654,-7.0744,0.0],[111.6541,-7.0743,0.0]],[[111.6563,-7.0775,0.0],[111.6565,-7.0773,0.0],[111.6544,-7.0747,0.0],[111.6563,-7.0775,0.0]],[[111.6575,-7.076,0.0],[111.6575,-7.0759,0.0],[111.6574,-7.0761,0.0],[111.6575,-7.076,0.0]],[[111.6571,-7.0673,0.0],[111.6546,-7.0669,0.0],[111.6571,-7.0675,0.0],[111.6571,-7.0673,0.0]],[[111.6594,-7.0597,0.0],[111.659,-7.0595,0.0],[111.6588,-7.06,0.0],[111.6594,-7.0597,0.0]],[[111.6649,-7.0628,0.0],[111.6622,-7.0605,0.0],[111.6614,-7.0603,0.0],[111.6649,-7.0628,0.0]],[[111.6655,-7.0637,0.0],[111.6653,-7.0631,0.0],[111.6652,-7.063,0.0],[111.6655,-7.0637,0.0]],[[111.6653,-7.0726,0.0],[111.6665,-7.068,0.0],[111.6663,-7.0675,0.0],[111.6653,-7.0726,0.0]],[[111.6602,-7.1047,0.0],[111.6605,-7.1047,0.0],[111.6603,-7.1046,0.0],[111.6602,-7.1047,0.0]],[[111.6747,-7.0982,0.0],[111.6769,-7.096,0.0],[111.6761,-7.0965,0.0],[111.6747,-7.0982,0.0]],[[111.6798,-7.0932,0.0],[111.6797,-7.093,0.0],[111.6789,-7.0941,0.0],[111.6798,-7.0932,0.0]],[[111.6799,-7.0892,0.0],[111.6799,-7.0892,0.0],[111.6815,-7.0908,0.0],[111.6799,-7.0892,0.0]],[[111.6852,-7.0842,0.0],[111.6806,-7.0879,0.0],[111.68,-7.0891,0.0],[111.6852,-7.0842,0.0]],[[111.6845,-7.0821,0.0],[111.6843,-7.0824,0.0],[111.6852,-7.0842,0.0],[111.6845,-7.0821,0.0]],[[111.6922,-7.0685,0.0],[111.6924,-7.0676,0.0],[111.6894,-7.0702,0.0],[111.6922,-7.0685,0.0]],[[111.8913,-7.1361,0.0],[111.8891,-7.14,0.0],[111.8917,-7.1361,0.0],[111.8913,-7.1361,0.0]],[[111.8817,-7.146,0.0],[111.8863,-7.1441,0.0],[111.8868,-7.1434,0.0],[111.8817,-7.146,0.0]],[[111.8658,-7.1352,0.0],[111.8657,-7.1353,0.0],[111.8688,-7.1344,0.0],[111.8658,-7.1352,0.0]],[[111.8707,-7.156,0.0],[111.871,-7.1544,0.0],[111.8696,-7.1466,0.0],[111.8707,-7.156,0.0]],[[111.8685,-7.1615,0.0],[111.8703,-7.1585,0.0],[111.8706,-7.157,0.0],[111.8685,-7.1615,0.0]],[[111.8616,-7.1646,0.0],[111.8637,-7.1644,0.0],[111.8685,-7.1615,0.0],[111.8616,-7.1646,0.0]],[[111.8583,-7.1635,0.0],[111.8578,-7.1648,0.0],[111.8597,-7.1647,0.0],[111.8583,-7.1635,0.0]],[[111.8588,-7.1557,0.0],[111.8586,-7.1533,0.0],[111.8585,-7.158,0.0],[111.8588,-7.1557,0.0]],[[111.8545,-7.14,0.0],[111.8544,-7.1403,0.0],[111.8566,-7.1396,0.0],[111.8545,-7.14,0.0]],[[111.8514,-7.1519,0.0],[111.8516,-7.1517,0.0],[111.8517,-7.1513,0.0],[111.8514,-7.1519,0.0]],[[111.8389,-7.1461,0.0],[111.8427,-7.1543,0.0],[111.843,-7.1544,0.0],[111.8389,-7.1461,0.0]],[[111.8281,-7.1687,0.0],[111.8271,-7.1695,0.0],[111.8352,-7.1683,0.0],[111.8281,-7.1687,0.0]],[[111.8224,-7.1696,0.0],[111.8218,-7.1703,0.0],[111.8242,-7.1699,0.0],[111.8224,-7.1696,0.0]],[[111.8084,-7.1982,0.0],[111.8095,-7.1981,0.0],[111.8114,-7.1938,0.0],[111.8084,-7.1982,0.0]],[[111.7912,-7.238,0.0],[111.7914,-7.2384,0.0],[111.7991,-7.2131,0.0],[111.7912,-7.238,0.0]],[[111.7989,-7.2605,0.0],[111.7991,-7.2606,0.0],[111.797,-7.255,0.0],[111.7989,-7.2605,0.0]],[[111.8038,-7.2686,0.0],[111.8064,-7.2701,0.0],[111.8038,-7.2685,0.0],[111.8038,-7.2686,0.0]],[[111.8142,-7.2799,0.0],[111.8201,-7.284,0.0],[111.8092,-7.275,0.0],[111.8142,-7.2799,0.0]],[[111.8466,-7.2894,0.0],[111.8469,-7.2893,0.0],[111.8418,-7.286,0.0],[111.8466,-7.2894,0.0]],[[111.8671,-7.2914,0.0],[111.8657,-7.2904,0.0],[111.8646,-7.2904,0.0],[111.8671,-7.2914,0.0]],[[111.8804,-7.3121,0.0],[111.8744,-7.3012,0.0],[111.8792,-7.3101,0.0],[111.8707,-7.2988,0.0],[111.8804,-7.3121,0.0]],[[111.8807,-7.3154,0.0],[111.8807,-7.3127,0.0],[111.8806,-7.3126,0.0],[111.8807,-7.3154,0.0]],[[111.8631,-7.3548,0.0],[111.8633,-7.355,0.0],[111.8619,-7.3469,0.0],[111.8631,-7.3548,0.0]],[[111.8705,-7.3624,0.0],[111.8704,-7.3626,0.0],[111.8709,-7.3777,0.0],[111.8705,-7.3624,0.0]],[[111.7826,-7.3441,0.0],[111.7824,-7.3453,0.0],[111.7835,-7.3455,0.0],[111.7826,-7.3441,0.0]],[[111.7816,-7.3427,0.0],[111.7818,-7.3437,0.0],[111.7823,-7.3437,0.0],[111.7816,-7.3427,0.0]],[[111.779,-7.3447,0.0],[111.779,-7.3448,0.0],[111.7806,-7.3437,0.0],[111.779,-7.3447,0.0]],[[111.7766,-7.3511,0.0],[111.7798,-7.3495,0.0],[111.7798,-7.3493,0.0],[111.7766,-7.3511,0.0]],[[111.7764,-7.3564,0.0],[111.7775,-7.3564,0.0],[111.7765,-7.3563,0.0],[111.7764,-7.3564,0.0]],[[111.7782,-7.3568,0.0],[111.7783,-7.3565,0.0],[111.7783,-7.3565,0.0],[111.7782,-7.3568,0.0]],[[111.7764,-7.3592,0.0],[111.7768,-7.3593,0.0],[111.7771,-7.3587,0.0],[111.7764,-7.3592,0.0]],[[111.7741,-7.3607,0.0],[111.7741,-7.3608,0.0],[111.7742,-7.3606,0.0],[111.7741,-7.3607,0.0]],[[111.7653,-7.3589,0.0],[111.7654,-7.3589,0.0],[111.7718,-7.3589,0.0],[111.7653,-7.3589,0.0]],[[111.7638,-7.3559,0.0],[111.7603,-7.3552,0.0],[111.7602,-7.3553,0.0],[111.7638,-7.3559,0.0]],[[111.7594,-7.3564,0.0],[111.7598,-7.3561,0.0],[111.7599,-7.3557,0.0],[111.7594,-7.3564,0.0]],[[111.7617,-7.361,0.0],[111.7618,-7.3608,0.0],[111.7593,-7.3587,0.0],[111.7617,-7.361,0.0]],[[111.7598,-7.3671,0.0],[111.7632,-7.3666,0.0],[111.7631,-7.3665,0.0],[111.7598,-7.3671,0.0]],[[111.771,-7.421,0.0],[111.7726,-7.4192,0.0],[111.7729,-7.4163,0.0],[111.771,-7.421,0.0]],[[111.7708,-7.4215,0.0],[111.7737,-7.4226,0.0],[111.7709,-7.4212,0.0],[111.7708,-7.4215,0.0]],[[111.5761,-7.2092,0.0],[111.5745,-7.2088,0.0],[111.5823,-7.2131,0.0],[111.5761,-7.2092,0.0]],[[111.6055,-7.2135,0.0],[111.5899,-7.2148,0.0],[111.5901,-7.2148,0.0],[111.6055,-7.2135,0.0]],[[111.6119,-7.2165,0.0],[111.6118,-7.2165,0.0],[111.6118,-7.2165,0.0],[111.6119,-7.2165,0.0]],[[111.6166,-7.2152,0.0],[111.6163,-7.2152,0.0],[111.6207,-7.2167,0.0],[111.6166,-7.2152,0.0]],[[111.6247,-7.2115,0.0],[111.6226,-7.2091,0.0],[111.6238,-7.2125,0.0],[111.6247,-7.2115,0.0]],[[111.6407,-7.2462,0.0],[111.6404,-7.2457,0.0],[111.6405,-7.2461,0.0],[111.6407,-7.2462,0.0]],[[111.6489,-7.2456,0.0],[111.6429,-7.2474,0.0],[111.6429,-7.2474,0.0],[111.6489,-7.2456,0.0]],[[111.6642,-7.2454,0.0],[111.6543,-7.2422,0.0],[111.6647,-7.2459,0.0],[111.6642,-7.2454,0.0]],[[111.6833,-7.2668,0.0],[111.6728,-7.2693,0.0],[111.677,-7.269,0.0],[111.6833,-7.2668,0.0]],[[111.6862,-7.26,0.0],[111.6874,-7.2653,0.0],[111.6863,-7.2592,0.0],[111.6862,-7.26,0.0]],[[111.687,-7.2553,0.0],[111.6869,-7.2559,0.0],[111.6872,-7.2552,0.0],[111.687,-7.2553,0.0]],[[111.6917,-7.2484,0.0],[111.6917,-7.2487,0.0],[111.692,-7.2484,0.0],[111.6917,-7.2484,0.0]],[[111.702,-7.2473,0.0],[111.6973,-7.2478,0.0],[111.7054,-7.2476,0.0],[111.702,-7.2473,0.0]],[[111.7096,-7.2484,0.0],[111.7087,-7.2435,0.0],[111.7088,-7.2499,0.0],[111.7096,-7.2484,0.0]],[[111.7104,-7.2432,0.0],[111.7093,-7.2427,0.0],[111.7087,-7.2435,0.0],[111.7104,-7.2432,0.0]],[[111.7114,-7.242,0.0],[111.7114,-7.2431,0.0],[111.7117,-7.243,0.0],[111.7114,-7.242,0.0]],[[111.7079,-7.242,0.0],[111.7112,-7.2414,0.0],[111.7111,-7.2409,0.0],[111.7079,-7.242,0.0]],[[111.7064,-7.2351,0.0],[111.7064,-7.2351,0.0],[111.7074,-7.235,0.0],[111.7064,-7.2351,0.0]],[[111.711,-7.2345,0.0],[111.711,-7.2347,0.0],[111.7111,-7.2347,0.0],[111.711,-7.2345,0.0]],[[111.7083,-7.23,0.0],[111.7102,-7.232,0.0],[111.7085,-7.23,0.0],[111.7083,-7.23,0.0]],[[111.7149,-7.228,0.0],[111.7144,-7.2283,0.0],[111.7151,-7.2281,0.0],[111.7149,-7.228,0.0]],[[111.7129,-7.226,0.0],[111.7135,-7.2265,0.0],[111.7129,-7.2259,0.0],[111.7129,-7.226,0.0]],[[111.7177,-7.2128,0.0],[111.7176,-7.2128,0.0],[111.7201,-7.2144,0.0],[111.7177,-7.2128,0.0]],[[111.7247,-7.2129,0.0],[111.7244,-7.213,0.0],[111.728,-7.2163,0.0],[111.7247,-7.2129,0.0]],[[111.7365,-7.219,0.0],[111.7325,-7.2169,0.0],[111.728,-7.2163,0.0],[111.7365,-7.219,0.0]],[[111.7399,-7.2168,0.0],[111.7376,-7.2194,0.0],[111.7384,-7.2196,0.0],[111.7399,-7.2168,0.0]],[[111.738,-7.1553,0.0],[111.7385,-7.1555,0.0],[111.7408,-7.1561,0.0],[111.738,-7.1553,0.0]],[[111.7522,-7.1585,0.0],[111.7506,-7.1587,0.0],[111.7516,-7.1589,0.0],[111.7522,-7.1585,0.0]],[[111.7566,-7.16,0.0],[111.7561,-7.1579,0.0],[111.7559,-7.1608,0.0],[111.7566,-7.16,0.0]],[[111.7566,-7.162,0.0],[111.7558,-7.1614,0.0],[111.7558,-7.1618,0.0],[111.7566,-7.162,0.0]],[[111.7719,-7.1657,0.0],[111.7598,-7.1606,0.0],[111.7718,-7.1658,0.0],[111.7719,-7.1657,0.0]],[[111.7733,-7.1565,0.0],[111.7722,-7.1646,0.0],[111.7739,-7.1598,0.0],[111.7733,-7.1565,0.0]],[[111.7878,-7.1606,0.0],[111.7792,-7.1611,0.0],[111.7793,-7.1612,0.0],[111.7878,-7.1606,0.0]],[[111.6229,-7.367,0.0],[111.631,-7.3594,0.0],[111.6309,-7.3594,0.0],[111.6229,-7.367,0.0]],[[111.654,-7.3541,0.0],[111.6718,-7.3445,0.0],[111.6833,-7.3383,0.0],[111.654,-7.3541,0.0]],[[111.705,-7.2878,0.0],[111.7051,-7.2877,0.0],[111.7063,-7.2839,0.0],[111.705,-7.2878,0.0]],[[111.7233,-7.2818,0.0],[111.7234,-7.2819,0.0],[111.7235,-7.2818,0.0],[111.7233,-7.2818,0.0]],[[111.7285,-7.2797,0.0],[111.7288,-7.281,0.0],[111.7287,-7.2798,0.0],[111.7285,-7.2797,0.0]],[[111.7268,-7.282,0.0],[111.7287,-7.2864,0.0],[111.7287,-7.2863,0.0],[111.7268,-7.282,0.0]],[[111.7257,-7.2897,0.0],[111.7256,-7.2897,0.0],[111.7271,-7.2927,0.0],[111.7257,-7.2897,0.0]],[[111.7258,-7.2934,0.0],[111.7242,-7.2935,0.0],[111.7266,-7.2934,0.0],[111.7258,-7.2934,0.0]],[[111.7271,-7.2932,0.0],[111.7262,-7.2953,0.0],[111.7276,-7.2932,0.0],[111.7271,-7.2932,0.0]],[[111.7276,-7.2999,0.0],[111.7276,-7.2999,0.0],[111.7262,-7.2953,0.0],[111.7276,-7.2999,0.0]],[[111.7289,-7.3006,0.0],[111.7303,-7.3013,0.0],[111.7304,-7.3012,0.0],[111.7289,-7.3006,0.0]],[[111.7357,-7.3006,0.0],[111.7353,-7.2976,0.0],[111.7357,-7.3006,0.0],[111.7357,-7.3006,0.0]],[[111.7391,-7.2992,0.0],[111.7398,-7.2996,0.0],[111.7393,-7.2991,0.0],[111.7391,-7.2992,0.0]],[[111.74,-7.2999,0.0],[111.7399,-7.3005,0.0],[111.7402,-7.3001,0.0],[111.74,-7.2999,0.0]],[[111.7449,-7.3189,0.0],[111.7445,-7.3192,0.0],[111.7444,-7.3205,0.0],[111.7449,-7.3189,0.0]],[[111.7443,-7.3223,0.0],[111.7443,-7.3226,0.0],[111.7444,-7.3224,0.0],[111.7443,-7.3223,0.0]],[[111.7473,-7.3195,0.0],[111.7473,-7.3203,0.0],[111.7476,-7.3192,0.0],[111.7473,-7.3195,0.0]],[[111.7492,-7.3214,0.0],[111.7472,-7.3211,0.0],[111.7472,-7.3214,0.0],[111.7492,-7.3214,0.0]],[[111.7491,-7.3218,0.0],[111.7483,-7.3239,0.0],[111.7489,-7.3233,0.0],[111.7491,-7.3218,0.0]],[[111.7514,-7.3369,0.0],[111.7513,-7.3372,0.0],[111.7537,-7.3379,0.0],[111.7514,-7.3369,0.0]],[[111.7541,-7.3412,0.0],[111.7541,-7.3413,0.0],[111.7562,-7.3406,0.0],[111.7541,-7.3412,0.0]],[[111.7567,-7.343,0.0],[111.7554,-7.3442,0.0],[111.7556,-7.3442,0.0],[111.7567,-7.343,0.0]],[[111.7577,-7.3493,0.0],[111.7598,-7.3481,0.0],[111.7577,-7.3487,0.0],[111.7577,-7.3493,0.0]],[[111.7575,-7.3511,0.0],[111.7557,-7.3519,0.0],[111.7575,-7.3514,0.0],[111.7575,-7.3511,0.0]],[[111.7565,-7.3575,0.0],[111.7564,-7.3576,0.0],[111.7565,-7.3577,0.0],[111.7565,-7.3575,0.0]],[[111.7567,-7.3577,0.0],[111.7572,-7.358,0.0],[111.7587,-7.3552,0.0],[111.7567,-7.3577,0.0]],[[111.7589,-7.3568,0.0],[111.7587,-7.3551,0.0],[111.7587,-7.3569,0.0],[111.7589,-7.3568,0.0]],[[111.7036,-7.3724,0.0],[111.7052,-7.3719,0.0],[111.7032,-7.3722,0.0],[111.7036,-7.3724,0.0]],[[111.7831,-7.3424,0.0],[111.7815,-7.3424,0.0],[111.7832,-7.3427,0.0],[111.7831,-7.3424,0.0]],[[111.783,-7.342,0.0],[111.7827,-7.3408,0.0],[111.7819,-7.3406,0.0],[111.783,-7.342,0.0]],[[111.7806,-7.3389,0.0],[111.7789,-7.3389,0.0],[111.7785,-7.34,0.0],[111.7806,-7.3389,0.0]],[[111.7781,-7.3402,0.0],[111.7779,-7.3396,0.0],[111.7776,-7.3405,0.0],[111.7781,-7.3402,0.0]],[[111.7761,-7.3393,0.0],[111.7778,-7.3393,0.0],[111.7776,-7.3387,0.0],[111.7761,-7.3393,0.0]],[[111.776,-7.3377,0.0],[111.7759,-7.3366,0.0],[111.7759,-7.3366,0.0],[111.776,-7.3377,0.0]],[[111.7772,-7.3369,0.0],[111.7773,-7.3369,0.0],[111.7785,-7.3321,0.0],[111.7772,-7.3369,0.0]],[[111.4802,-7.2732,0.0],[111.4802,-7.2728,0.0],[111.4797,-7.2718,0.0],[111.4802,-7.2732,0.0]],[[111.4762,-7.2835,0.0],[111.4802,-7.2781,0.0],[111.4802,-7.2779,0.0],[111.4762,-7.2835,0.0]],[[111.4835,-7.2974,0.0],[111.4893,-7.2975,0.0],[111.4834,-7.2971,0.0],[111.4835,-7.2974,0.0]],[[111.5124,-7.2726,0.0],[111.5123,-7.2699,0.0],[111.512,-7.2698,0.0],[111.5124,-7.2726,0.0]],[[111.5139,-7.2703,0.0],[111.5138,-7.2701,0.0],[111.5134,-7.27,0.0],[111.5139,-7.2703,0.0]],[[111.5267,-7.2646,0.0],[111.5266,-7.2645,0.0],[111.5263,-7.2645,0.0],[111.5267,-7.2646,0.0]],[[111.5283,-7.2665,0.0],[111.5288,-7.2666,0.0],[111.5272,-7.2651,0.0],[111.5283,-7.2665,0.0]],[[111.5336,-7.3005,0.0],[111.5341,-7.3011,0.0],[111.5353,-7.2994,0.0],[111.5336,-7.3005,0.0]],[[111.5387,-7.3071,0.0],[111.5391,-7.3071,0.0],[111.5358,-7.3033,0.0],[111.5387,-7.3071,0.0]],[[111.5529,-7.3092,0.0],[111.5467,-7.3071,0.0],[111.5529,-7.3093,0.0],[111.5529,-7.3092,0.0]],[[111.5557,-7.308,0.0],[111.5566,-7.305,0.0],[111.5555,-7.308,0.0],[111.5557,-7.308,0.0]],[[111.5906,-7.23,0.0],[111.5906,-7.23,0.0],[111.5893,-7.2286,0.0],[111.5906,-7.23,0.0]],[[111.5914,-7.229,0.0],[111.5914,-7.229,0.0],[111.5912,-7.2293,0.0],[111.5914,-7.229,0.0]],[[111.5935,-7.2304,0.0],[111.5939,-7.2301,0.0],[111.5932,-7.2302,0.0],[111.5935,-7.2304,0.0]],[[111.6008,-7.2257,0.0],[111.5978,-7.2268,0.0],[111.5956,-7.2291,0.0],[111.6008,-7.2257,0.0]],[[111.7086,-7.2504,0.0],[111.7096,-7.2506,0.0],[111.7086,-7.2503,0.0],[111.7086,-7.2504,0.0]],[[111.7104,-7.2515,0.0],[111.7102,-7.2507,0.0],[111.7102,-7.2507,0.0],[111.7104,-7.2515,0.0]],[[111.7093,-7.2539,0.0],[111.7106,-7.2526,0.0],[111.7105,-7.2523,0.0],[111.7093,-7.2539,0.0]],[[111.7086,-7.2547,0.0],[111.709,-7.2549,0.0],[111.7087,-7.2547,0.0],[111.7086,-7.2547,0.0]],[[111.7123,-7.2571,0.0],[111.7123,-7.2571,0.0],[111.7123,-7.2571,0.0],[111.7123,-7.2571,0.0]],[[111.7107,-7.2611,0.0],[111.7108,-7.2611,0.0],[111.7117,-7.2587,0.0],[111.7107,-7.2611,0.0]],[[111.7245,-7.2716,0.0],[111.7245,-7.2716,0.0],[111.7214,-7.2717,0.0],[111.7245,-7.2716,0.0]],[[111.726,-7.2732,0.0],[111.7261,-7.2732,0.0],[111.7252,-7.2723,0.0],[111.726,-7.2732,0.0]],[[111.7247,-7.2784,0.0],[111.7248,-7.2785,0.0],[111.7254,-7.2759,0.0],[111.7247,-7.2784,0.0]],[[111.5555,-7.318,0.0],[111.5554,-7.3178,0.0],[111.5547,-7.3203,0.0],[111.5555,-7.318,0.0]],[[111.5553,-7.3317,0.0],[111.5552,-7.3317,0.0],[111.5546,-7.3334,0.0],[111.5553,-7.3317,0.0]],[[111.5548,-7.3487,0.0],[111.5521,-7.3406,0.0],[111.552,-7.341,0.0],[111.5548,-7.3487,0.0]],[[111.6202,-7.1551,0.0],[111.6226,-7.1554,0.0],[111.6244,-7.1552,0.0],[111.6202,-7.1551,0.0]],[[111.6267,-7.1549,0.0],[111.627,-7.1549,0.0],[111.6306,-7.1498,0.0],[111.6267,-7.1549,0.0]],[[111.6327,-7.1471,0.0],[111.6343,-7.1461,0.0],[111.6333,-7.1463,0.0],[111.6327,-7.1471,0.0]],[[111.6354,-7.1459,0.0],[111.6363,-7.1465,0.0],[111.6358,-7.1459,0.0],[111.6354,-7.1459,0.0]],[[111.6373,-7.1479,0.0],[111.6384,-7.156,0.0],[111.6377,-7.1484,0.0],[111.6373,-7.1479,0.0]],[[111.641,-7.1604,0.0],[111.6433,-7.1624,0.0],[111.6384,-7.156,0.0],[111.641,-7.1604,0.0]],[[111.6453,-7.1642,0.0],[111.6459,-7.1647,0.0],[111.6495,-7.1656,0.0],[111.6453,-7.1642,0.0]],[[111.6554,-7.1676,0.0],[111.6552,-7.1693,0.0],[111.6555,-7.1676,0.0],[111.6554,-7.1676,0.0]],[[111.6638,-7.162,0.0],[111.6605,-7.1653,0.0],[111.662,-7.1646,0.0],[111.6638,-7.162,0.0]],[[111.6659,-7.1597,0.0],[111.6678,-7.1576,0.0],[111.6702,-7.1523,0.0],[111.6659,-7.1597,0.0]],[[111.6715,-7.1499,0.0],[111.6758,-7.1499,0.0],[111.6717,-7.1496,0.0],[111.6715,-7.1499,0.0]],[[111.6763,-7.1298,0.0],[111.6827,-7.1334,0.0],[111.6834,-7.1332,0.0],[111.6763,-7.1298,0.0]],[[111.7266,-7.1341,0.0],[111.7106,-7.1359,0.0],[111.7234,-7.1346,0.0],[111.7266,-7.1341,0.0]],[[111.7275,-7.1316,0.0],[111.7273,-7.131,0.0],[111.7266,-7.1341,0.0],[111.7275,-7.1316,0.0]],[[111.7234,-7.1349,0.0],[111.7234,-7.1402,0.0],[111.7239,-7.1392,0.0],[111.7234,-7.1349,0.0]],[[111.7234,-7.1432,0.0],[111.7234,-7.1436,0.0],[111.7237,-7.1437,0.0],[111.7234,-7.1432,0.0]],[[111.7334,-7.1499,0.0],[111.7356,-7.1544,0.0],[111.7362,-7.1546,0.0],[111.7334,-7.1499,0.0]],[[111.6223,-7.2064,0.0],[111.6213,-7.2052,0.0],[111.6219,-7.2071,0.0],[111.6223,-7.2064,0.0]],[[111.6574,-7.1923,0.0],[111.6576,-7.1919,0.0],[111.6524,-7.1957,0.0],[111.6574,-7.1923,0.0]],[[111.6711,-7.1836,0.0],[111.6714,-7.1835,0.0],[111.6719,-7.1801,0.0],[111.6711,-7.1836,0.0]],[[111.7098,-7.2124,0.0],[111.71,-7.2121,0.0],[111.7058,-7.2129,0.0],[111.7098,-7.2124,0.0]],[[111.7084,-7.2171,0.0],[111.7098,-7.2193,0.0],[111.7083,-7.2147,0.0],[111.7084,-7.2171,0.0]],[[111.7118,-7.2189,0.0],[111.7116,-7.2186,0.0],[111.7098,-7.2193,0.0],[111.7118,-7.2189,0.0]],[[111.7319,-7.1109,0.0],[111.7302,-7.1105,0.0],[111.7299,-7.111,0.0],[111.7319,-7.1109,0.0]],[[111.7465,-7.1153,0.0],[111.7449,-7.114,0.0],[111.7439,-7.1138,0.0],[111.7465,-7.1153,0.0]],[[111.7781,-7.126,0.0],[111.7786,-7.1246,0.0],[111.7773,-7.1264,0.0],[111.7781,-7.126,0.0]],[[111.7809,-7.119,0.0],[111.7808,-7.1184,0.0],[111.7805,-7.12,0.0],[111.7809,-7.119,0.0]],[[111.7805,-7.1172,0.0],[111.7782,-7.1159,0.0],[111.7806,-7.1175,0.0],[111.7805,-7.1172,0.0]],[[111.7683,-7.1137,0.0],[111.7685,-7.1145,0.0],[111.7782,-7.1159,0.0],[111.7683,-7.1137,0.0]],[[111.7676,-7.1095,0.0],[111.7673,-7.1097,0.0],[111.7676,-7.1108,0.0],[111.7676,-7.1095,0.0]],[[111.7728,-7.1057,0.0],[111.772,-7.1058,0.0],[111.7689,-7.1083,0.0],[111.7728,-7.1057,0.0]],[[111.7876,-7.1102,0.0],[111.775,-7.1055,0.0],[111.7739,-7.1056,0.0],[111.7876,-7.1102,0.0]],[[111.7841,-7.0923,0.0],[111.7866,-7.087,0.0],[111.7837,-7.0927,0.0],[111.7841,-7.0923,0.0]],[[111.7907,-7.1114,0.0],[111.7899,-7.1111,0.0],[111.7992,-7.1161,0.0],[111.7907,-7.1114,0.0]],[[111.8312,-7.1176,0.0],[111.8223,-7.1125,0.0],[111.8325,-7.1191,0.0],[111.8312,-7.1176,0.0]],[[111.8341,-7.1212,0.0],[111.8336,-7.1206,0.0],[111.8337,-7.1219,0.0],[111.8341,-7.1212,0.0]],[[111.6518,-7.1518,0.0],[111.6518,-7.1518,0.0],[111.6556,-7.1523,0.0],[111.6518,-7.1518,0.0]],[[111.6665,-7.1292,0.0],[111.6664,-7.1352,0.0],[111.667,-7.1286,0.0],[111.6665,-7.1292,0.0]],[[111.667,-7.1271,0.0],[111.6672,-7.1273,0.0],[111.6672,-7.1271,0.0],[111.667,-7.1271,0.0]],[[111.6719,-7.107,0.0],[111.6752,-7.1138,0.0],[111.6732,-7.108,0.0],[111.6719,-7.107,0.0]],[[111.6712,-7.1055,0.0],[111.6713,-7.1057,0.0],[111.6713,-7.1051,0.0],[111.6712,-7.1055,0.0]],[[111.6728,-7.1004,0.0],[111.6726,-7.1012,0.0],[111.6736,-7.0995,0.0],[111.6728,-7.1004,0.0]],[[111.8761,-7.1857,0.0],[111.8692,-7.1844,0.0],[111.8716,-7.1848,0.0],[111.8761,-7.1857,0.0]],[[111.9022,-7.234,0.0],[111.8976,-7.2401,0.0],[111.8976,-7.2401,0.0],[111.9022,-7.234,0.0]],[[111.915,-7.213,0.0],[111.9121,-7.2139,0.0],[111.9146,-7.2138,0.0],[111.915,-7.213,0.0]],[[111.9292,-7.2092,0.0],[111.9274,-7.2065,0.0],[111.9249,-7.2049,0.0],[111.9292,-7.2092,0.0]],[[111.9312,-7.2105,0.0],[111.9307,-7.2099,0.0],[111.9295,-7.2105,0.0],[111.9312,-7.2105,0.0]],[[111.9288,-7.2128,0.0],[111.9288,-7.2127,0.0],[111.927,-7.2111,0.0],[111.9288,-7.2128,0.0]],[[111.9333,-7.2218,0.0],[111.9327,-7.2146,0.0],[111.9331,-7.2218,0.0],[111.9333,-7.2218,0.0]],[[111.9352,-7.2189,0.0],[111.9334,-7.2218,0.0],[111.9343,-7.2216,0.0],[111.9352,-7.2189,0.0]],[[111.9655,-7.2439,0.0],[111.9639,-7.2487,0.0],[111.9656,-7.244,0.0],[111.9655,-7.2439,0.0]],[[111.984,-7.241,0.0],[111.9778,-7.2417,0.0],[111.9823,-7.2412,0.0],[111.984,-7.241,0.0]],[[111.9899,-7.2366,0.0],[111.9857,-7.2426,0.0],[111.9858,-7.2427,0.0],[111.9899,-7.2366,0.0]],[[112.0027,-7.2392,0.0],[111.9928,-7.2374,0.0],[112.0039,-7.2395,0.0],[112.0027,-7.2392,0.0]],[[112.0178,-7.2627,0.0],[112.0135,-7.2613,0.0],[112.0135,-7.2615,0.0],[112.0178,-7.2627,0.0]],[[112.0253,-7.2664,0.0],[112.022,-7.2658,0.0],[112.0219,-7.2665,0.0],[112.0253,-7.2664,0.0]],[[112.0695,-7.265,0.0],[112.0677,-7.2642,0.0],[112.0683,-7.2652,0.0],[112.0695,-7.265,0.0]],[[112.0823,-7.2698,0.0],[112.0822,-7.2697,0.0],[112.083,-7.2715,0.0],[112.0823,-7.2698,0.0]],[[111.8886,-7.2817,0.0],[111.8933,-7.2742,0.0],[111.8934,-7.2738,0.0],[111.8886,-7.2817,0.0]],[[111.9212,-7.2797,0.0],[111.9218,-7.2803,0.0],[111.9235,-7.28,0.0],[111.9212,-7.2797,0.0]],[[111.9254,-7.2798,0.0],[111.9249,-7.2883,0.0],[111.9254,-7.2798,0.0],[111.9254,-7.2798,0.0]],[[111.923,-7.3057,0.0],[111.9231,-7.3056,0.0],[111.9231,-7.3056,0.0],[111.923,-7.3057,0.0]],[[111.9431,-7.3265,0.0],[111.9446,-7.3301,0.0],[111.9442,-7.3283,0.0],[111.9431,-7.3265,0.0]],[[111.9528,-7.3593,0.0],[111.9572,-7.3598,0.0],[111.9571,-7.3597,0.0],[111.9528,-7.3593,0.0]],[[111.9572,-7.3598,0.0],[111.957,-7.3618,0.0],[111.9579,-7.3613,0.0],[111.9572,-7.3598,0.0]],[[111.9626,-7.3701,0.0],[111.962,-7.3725,0.0],[111.962,-7.3727,0.0],[111.9626,-7.3701,0.0]],[[111.9282,-7.2788,0.0],[111.9284,-7.2783,0.0],[111.9282,-7.2788,0.0],[111.9282,-7.2788,0.0]],[[111.9543,-7.2618,0.0],[111.954,-7.2622,0.0],[111.9537,-7.269,0.0],[111.9543,-7.2618,0.0]],[[111.9611,-7.2625,0.0],[111.9552,-7.261,0.0],[111.9551,-7.2611,0.0],[111.9611,-7.2625,0.0]],[[111.9719,-7.2775,0.0],[111.9722,-7.2776,0.0],[111.969,-7.2645,0.0],[111.9719,-7.2775,0.0]],[[111.9777,-7.2795,0.0],[111.9822,-7.2795,0.0],[111.9742,-7.2782,0.0],[111.9777,-7.2795,0.0]],[[111.9807,-7.2701,0.0],[111.9801,-7.2716,0.0],[111.9809,-7.2743,0.0],[111.9807,-7.2701,0.0]],[[111.9805,-7.2527,0.0],[111.9807,-7.2525,0.0],[111.978,-7.253,0.0],[111.9805,-7.2527,0.0]],[[111.9853,-7.2816,0.0],[111.9849,-7.2813,0.0],[111.9853,-7.2816,0.0],[111.9853,-7.2816,0.0]],[[111.9863,-7.2889,0.0],[111.9831,-7.2882,0.0],[111.9832,-7.2888,0.0],[111.9863,-7.2889,0.0]],[[111.8995,-7.2509,0.0],[111.8994,-7.2429,0.0],[111.899,-7.2424,0.0],[111.8995,-7.2509,0.0]],[[111.8808,-7.1821,0.0],[111.8809,-7.1821,0.0],[111.8823,-7.1797,0.0],[111.8808,-7.1821,0.0]],[[111.8939,-7.1714,0.0],[111.896,-7.1693,0.0],[111.8949,-7.1701,0.0],[111.8939,-7.1714,0.0]],[[111.8994,-7.166,0.0],[111.8996,-7.1657,0.0],[111.8995,-7.1657,0.0],[111.8994,-7.166,0.0]],[[111.8994,-7.1652,0.0],[111.8988,-7.1636,0.0],[111.8977,-7.1635,0.0],[111.8994,-7.1652,0.0]],[[111.9202,-7.1427,0.0],[111.9238,-7.1475,0.0],[111.9214,-7.1429,0.0],[111.9202,-7.1427,0.0]],[[111.9258,-7.1599,0.0],[111.9284,-7.16,0.0],[111.9259,-7.1596,0.0],[111.9258,-7.1599,0.0]],[[111.9872,-7.1627,0.0],[111.9897,-7.1657,0.0],[111.9886,-7.1634,0.0],[111.9872,-7.1627,0.0]],[[111.9899,-7.1627,0.0],[111.9895,-7.1639,0.0],[111.9911,-7.1625,0.0],[111.9899,-7.1627,0.0]],[[112.0078,-7.1666,0.0],[112.0079,-7.1671,0.0],[112.0086,-7.1671,0.0],[112.0078,-7.1666,0.0]],[[112.0238,-7.1687,0.0],[112.0262,-7.1642,0.0],[112.0246,-7.1657,0.0],[112.0238,-7.1687,0.0]],[[112.0275,-7.163,0.0],[112.0334,-7.1618,0.0],[112.0278,-7.1627,0.0],[112.0275,-7.163,0.0]],[[112.0367,-7.1593,0.0],[112.0399,-7.1629,0.0],[112.037,-7.1591,0.0],[112.0367,-7.1593,0.0]],[[112.0505,-7.1602,0.0],[112.0505,-7.1602,0.0],[112.0485,-7.1556,0.0],[112.0505,-7.1602,0.0]],[[112.0506,-7.1602,0.0],[112.0506,-7.1601,0.0],[112.0562,-7.157,0.0],[112.0506,-7.1602,0.0]],[[112.0598,-7.1601,0.0],[112.0584,-7.1645,0.0],[112.0589,-7.1655,0.0],[112.0598,-7.1601,0.0]],[[112.0621,-7.1679,0.0],[112.059,-7.1657,0.0],[112.0612,-7.1679,0.0],[112.0621,-7.1679,0.0]],[[112.0625,-7.1679,0.0],[112.0634,-7.168,0.0],[112.0635,-7.1675,0.0],[112.0625,-7.1679,0.0]],[[112.0651,-7.1628,0.0],[112.0667,-7.1579,0.0],[112.0667,-7.1538,0.0],[112.0651,-7.1628,0.0]],[[112.0838,-7.1458,0.0],[112.0732,-7.1538,0.0],[112.0848,-7.1455,0.0],[112.0838,-7.1458,0.0]],[[112.0856,-7.1453,0.0],[112.0867,-7.1455,0.0],[112.086,-7.1452,0.0],[112.0856,-7.1453,0.0]],[[112.106,-7.1387,0.0],[112.1075,-7.1355,0.0],[112.1067,-7.1365,0.0],[112.106,-7.1387,0.0]],[[112.1086,-7.1342,0.0],[112.1123,-7.1317,0.0],[112.1103,-7.1321,0.0],[112.1086,-7.1342,0.0]],[[112.115,-7.1311,0.0],[112.1203,-7.1317,0.0],[112.1159,-7.1309,0.0],[112.115,-7.1311,0.0]],[[112.1257,-7.1361,0.0],[112.1255,-7.1379,0.0],[112.1257,-7.1378,0.0],[112.1257,-7.1361,0.0]],[[112.1264,-7.1373,0.0],[112.1276,-7.1365,0.0],[112.1273,-7.1365,0.0],[112.1264,-7.1373,0.0]],[[112.1316,-7.1455,0.0],[112.1451,-7.151,0.0],[112.1451,-7.1509,0.0],[112.1316,-7.1455,0.0]],[[112.0511,-7.1825,0.0],[112.0513,-7.1806,0.0],[112.0499,-7.1847,0.0],[112.0511,-7.1825,0.0]],[[112.0497,-7.1856,0.0],[112.0496,-7.1855,0.0],[112.0495,-7.1856,0.0],[112.0497,-7.1856,0.0]],[[112.052,-7.184,0.0],[112.0514,-7.1848,0.0],[112.0552,-7.1832,0.0],[112.052,-7.184,0.0]],[[112.0662,-7.1906,0.0],[112.0605,-7.189,0.0],[112.0662,-7.1907,0.0],[112.0662,-7.1906,0.0]],[[112.0651,-7.2287,0.0],[112.0665,-7.2257,0.0],[112.0651,-7.2276,0.0],[112.0651,-7.2287,0.0]],[[112.0657,-7.2362,0.0],[112.0651,-7.2313,0.0],[112.0652,-7.2344,0.0],[112.0657,-7.2362,0.0]],[[111.9423,-7.1618,0.0],[111.9424,-7.1602,0.0],[111.9415,-7.1625,0.0],[111.9423,-7.1618,0.0]],[[111.9409,-7.163,0.0],[111.9411,-7.1629,0.0],[111.9407,-7.1628,0.0],[111.9409,-7.163,0.0]],[[111.9421,-7.1644,0.0],[111.9403,-7.1648,0.0],[111.9422,-7.1646,0.0],[111.9421,-7.1644,0.0]],[[111.9425,-7.1656,0.0],[111.9422,-7.1647,0.0],[111.9414,-7.1667,0.0],[111.9425,-7.1656,0.0]],[[111.9402,-7.1678,0.0],[111.9405,-7.1675,0.0],[111.94,-7.1675,0.0],[111.9402,-7.1678,0.0]],[[111.9342,-7.1657,0.0],[111.9366,-7.1641,0.0],[111.9363,-7.1638,0.0],[111.9342,-7.1657,0.0]],[[111.9392,-7.1684,0.0],[111.934,-7.1659,0.0],[111.934,-7.1659,0.0],[111.9392,-7.1684,0.0]],[[111.9443,-7.1857,0.0],[111.9443,-7.1856,0.0],[111.9425,-7.1856,0.0],[111.9443,-7.1857,0.0]],[[111.9318,-7.207,0.0],[111.9321,-7.2033,0.0],[111.9317,-7.207,0.0],[111.9318,-7.207,0.0]],[[111.9296,-7.2069,0.0],[111.9305,-7.207,0.0],[111.9296,-7.2068,0.0],[111.9296,-7.2069,0.0]],[[111.9275,-7.2063,0.0],[111.9288,-7.2062,0.0],[111.9275,-7.2059,0.0],[111.9275,-7.2063,0.0]],[[112.0904,-7.1398,0.0],[112.0902,-7.1405,0.0],[112.0914,-7.139,0.0],[112.0904,-7.1398,0.0]]]}},{"type":"Feature","properties":{"kab_kota":"Kota Pasuruan","kode":"kota-pasuruan"},"geometry":{"type":"Polygon","coordinates":[[[112.9078,-7.6792,0.0],[112.9011,-7.6863,0.0],[112.8952,-7.6849,0.0],[112.8937,-7.6755,0.0],[112.8811,-7.6719,0.0],[112.8865,-7.6673,0.0],[112.8814,-7.6646,0.0],[112.8828,-7.6608,0.0],[112.8867,-7.6601,0.0],[112.8783,-7.6553,0.0],[112.8722,-7.6626,0.0],[112.8747,-7.6268,0.0],[112.8843,-7.6319,0.0],[112.8859,-7.6234,0.0],[112.9005,-7.6288,0.0],[112.9026,-7.6252,0.0],[112.9054,-7.6293,0.0],[112.9191,-7.6264,0.0],[112.9348,-7.6311,0.0],[112.9309,-7.6392,0.0],[112.9472,-7.6172,0.0],[112.9531,-7.6218,0.0],[112.9519,-7.6333,0.0],[112.9425,-7.6466,0.0],[112.9426,-7.656,0.0],[112.9362,-7.6565,0.0],[112.9361,-7.662,0.0],[112.9232,-7.6754,0.0],[112.9078,-7.6792,0.0]],[[112.8865,-7.657,0.0],[112.8861,-7.6583,0.0],[112.8866,-7.6588,0.0],[112.8865,-7.657,0.0]],[[112.8962,-7.6439,0.0],[112.8975,-7.6402,0.0],[112.894,-7.6486,0.0],[112.8962,-7.6439,0.0]],[[112.9071,-7.662,0.0],[112.9075,-7.6617,0.0],[112.9077,-7.6606,0.0],[112.9071,-7.662,0.0]],[[112.9107,-7.6582,0.0],[112.911,-7.6535,0.0],[112.9102,-7.6587,0.0],[112.9107,-7.6582,0.0]],[[112.9112,-7.6765,0.0],[112.9083,-7.6758,0.0],[112.9112,-7.6767,0.0],[112.9112,-7.6765,0.0]],[[112.9098,-7.6678,0.0],[112.9054,-7.6661,0.0],[112.9096,-7.6685,0.0],[112.9098,-7.6678,0.0]],[[112.9067,-7.6335,0.0],[112.9029,-7.6325,0.0],[112.9058,-7.634,0.0],[112.9067,-7.6335,0.0]],[[112.9075,-7.6315,0.0],[112.9068,-7.6334,0.0],[112.9069,-7.6334,0.0],[112.9075,-7.6315,0.0]],[[112.9053,-7.6293,0.0],[112.9053,-7.6294,0.0],[112.9075,-7.6315,0.0],[112.9053,-7.6293,0.0]]]}},{"type":"Feature","properties":{"kab_kota":"Gresik","kode":"kab-gresik"},"geometry":{"type":"MultiPolygon","coordinates":[[[[112.4936,-7.3994,0.0],[112.4852,-7.4039,0.0],[112.4741,-7.3724,0.0],[112.4796,-7.3624,0.0],[112.473,-7.3532,0.0],[112.4855,-7.3409,0.0],[112.4763,-7.3287,0.0],[112.4798,-7.3284,0.0],[112.4802,-7.3082,0.0],[112.4857,-7.3074,0.0],[112.4693,-7.304,0.0],[112.4674,-7.311,0.0],[112.4541,-7.3111,0.0],[112.4475,-7.3031,0.0],[112.4418,-7.3142,0.0],[112.4289,-7.3108,0.0],[112.4213,-7.3172,0.0],[112.4229,-7.3123,0.0],[112.4149,-7.3107,0.0],[112.4155,-7.3162,0.0],[112.4134,-7.3132,0.0],[112.4105,-7.3165,0.0],[112.4111,-7.3119,0.0],[112.4043,-7.3166,0.0],[112.4078,-7.3177,0.0],[112.402,-7.3193,0.0],[112.4048,-7.3219,0.0],[112.4044,-7.3227,0.0],[112.3985,-7.3211,0.0],[112.3912,-7.3335,0.0],[112.3819,-7.3333,0.0],[112.3835,-7.3285,0.0],[112.3754,-7.3278,0.0],[112.3746,-7.3236,0.0],[112.3716,-7.3266,0.0],[112.3704,-7.3216,0.0],[112.3889,-7.3215,0.0],[112.3919,-7.3131,0.0],[112.4034,-7.3115,0.0],[112.4107,-7.3045,0.0],[112.4116,-7.2963,0.0],[112.4071,-7.2911,0.0],[112.4124,-7.2729,0.0],[112.397,-7.2643,0.0],[112.4132,-7.2493,0.0],[112.4191,-7.2318,0.0],[112.4348,-7.2285,0.0],[112.4371,-7.2211,0.0],[112.4552,-7.2114,0.0],[112.4557,-7.2072,0.0],[112.4639,-7.2086,0.0],[112.4674,-7.2017,0.0],[112.4746,-7.2041,0.0],[112.479,-7.1979,0.0],[112.5015,-7.1918,0.0],[112.5073,-7.1759,0.0],[112.5037,-7.1721,0.0],[112.5059,-7.1636,0.0],[112.4788,-7.1647,0.0],[112.47,-7.159,0.0],[112.4734,-7.1341,0.0],[112.478,-7.1247,0.0],[112.4876,-7.1288,0.0],[112.4943,-7.123,0.0],[112.4993,-7.1246,0.0],[112.4956,-7.1201,0.0],[112.5013,-7.1068,0.0],[112.5172,-7.1075,0.0],[112.5164,-7.1028,0.0],[112.5363,-7.0956,0.0],[112.5312,-7.091,0.0],[112.5317,-7.0822,0.0],[112.5375,-7.081,0.0],[112.5522,-7.0506,0.0],[112.5461,-7.0475,0.0],[112.5421,-7.0537,0.0],[112.5243,-7.0391,0.0],[112.5192,-7.0471,0.0],[112.499,-7.0313,0.0],[112.4965,-7.0249,0.0],[112.5109,-7.0183,0.0],[112.5118,-7.0127,0.0],[112.5014,-7.0109,0.0],[112.4975,-7.0172,0.0],[112.4958,-7.0086,0.0],[112.4804,-7.0107,0.0],[112.4823,-7.0029,0.0],[112.4502,-7.0152,0.0],[112.4526,-7.0015,0.0],[112.4279,-7.0024,0.0],[112.4172,-6.9938,0.0],[112.3987,-6.9934,0.0],[112.3912,-6.9858,0.0],[112.3673,-6.9877,0.0],[112.3669,-6.9796,0.0],[112.3766,-6.9528,0.0],[112.3871,-6.9589,0.0],[112.3943,-6.9551,0.0],[112.4052,-6.9605,0.0],[112.4124,-6.9519,0.0],[112.4238,-6.9507,0.0],[112.4277,-6.9561,0.0],[112.4234,-6.9469,0.0],[112.4301,-6.9301,0.0],[112.4214,-6.9245,0.0],[112.4275,-6.9053,0.0],[112.437,-6.9018,0.0],[112.4484,-6.8848,0.0],[112.4433,-6.88,0.0],[112.4406,-6.8826,0.0],[112.44,-6.8743,0.0],[112.4462,-6.8741,0.0],[112.4529,-6.8833,0.0],[112.4575,-6.8808,0.0],[112.4562,-6.8847,0.0],[112.4578,-6.8814,0.0],[112.4677,-6.8934,0.0],[112.4738,-6.8938,0.0],[112.4734,-6.8979,0.0],[112.4822,-6.8981,0.0],[112.4898,-6.9042,0.0],[112.4936,-6.8993,0.0],[112.5048,-6.9069,0.0],[112.52,-6.9058,0.0],[112.5283,-6.9021,0.0],[112.5418,-6.8775,0.0],[112.5241,-6.8727,0.0],[112.5235,-6.8648,0.0],[112.5491,-6.8524,0.0],[112.5493,-6.8477,0.0],[112.5602,-6.8485,0.0],[112.5672,-6.8563,0.0],[112.5738,-6.8483,0.0],[112.5785,-6.8533,0.0],[112.5737,-6.8661,0.0],[112.5803,-6.8873,0.0],[112.5842,-6.8902,0.0],[112.6072,-6.8766,0.0],[112.6062,-6.8809,0.0],[112.6171,-6.8909,0.0],[112.6195,-6.9137,0.0],[112.6083,-6.9257,0.0],[112.6007,-6.9253,0.0],[112.5969,-6.9168,0.0],[112.5927,-6.9291,0.0],[112.6039,-6.9587,0.0],[112.6,-6.966,0.0],[112.6068,-6.9631,0.0],[112.6153,-6.9932,0.0],[112.6294,-7.0092,0.0],[112.6504,-7.0187,0.0],[112.6427,-7.0323,0.0],[112.653,-7.0418,0.0],[112.6507,-7.0561,0.0],[112.6478,-7.0593,0.0],[112.637,-7.0564,0.0],[112.6321,-7.0693,0.0],[112.6379,-7.0693,0.0],[112.6343,-7.098,0.0],[112.627,-7.0985,0.0],[112.6226,-7.1108,0.0],[112.6474,-7.1083,0.0],[112.6464,-7.1127,0.0],[112.6226,-7.1111,0.0],[112.6265,-7.1204,0.0],[112.6465,-7.1229,0.0],[112.6249,-7.1286,0.0],[112.6302,-7.1363,0.0],[112.6478,-7.1282,0.0],[112.6501,-7.1336,0.0],[112.6396,-7.1377,0.0],[112.6489,-7.135,0.0],[112.6522,-7.1402,0.0],[112.6475,-7.142,0.0],[112.6569,-7.1443,0.0],[112.6525,-7.1446,0.0],[112.6491,-7.1472,0.0],[112.6588,-7.1477,0.0],[112.6605,-7.1582,0.0],[112.6666,-7.1581,0.0],[112.6604,-7.1624,0.0],[112.6662,-7.1595,0.0],[112.6685,-7.1628,0.0],[112.6628,-7.1633,0.0],[112.6679,-7.1639,0.0],[112.6668,-7.1691,0.0],[112.6711,-7.1685,0.0],[112.6665,-7.1709,0.0],[112.6713,-7.1709,0.0],[112.6763,-7.1821,0.0],[112.6669,-7.1821,0.0],[112.6632,-7.1932,0.0],[112.6273,-7.1961,0.0],[112.6215,-7.201,0.0],[112.6257,-7.2016,0.0],[112.6242,-7.2076,0.0],[112.6199,-7.2087,0.0],[112.6203,-7.2017,0.0],[112.6147,-7.2077,0.0],[112.6125,-7.2007,0.0],[112.6096,-7.2078,0.0],[112.6078,-7.2023,0.0],[112.6048,-7.2075,0.0],[112.5974,-7.204,0.0],[112.6006,-7.2135,0.0],[112.5947,-7.2146,0.0],[112.6011,-7.2162,0.0],[112.5992,-7.2233,0.0],[112.5901,-7.2152,0.0],[112.5918,-7.2235,0.0],[112.5969,-7.2234,0.0],[112.6072,-7.2372,0.0],[112.6018,-7.2463,0.0],[112.6041,-7.2496,0.0],[112.6126,-7.2497,0.0],[112.6183,-7.2577,0.0],[112.6329,-7.2635,0.0],[112.6217,-7.2827,0.0],[112.6278,-7.2906,0.0],[112.63,-7.3137,0.0],[112.6492,-7.3146,0.0],[112.6482,-7.3335,0.0],[112.6578,-7.3305,0.0],[112.665,-7.3404,0.0],[112.6646,-7.3514,0.0],[112.6534,-7.3622,0.0],[112.5885,-7.3703,0.0],[112.584,-7.383,0.0],[112.5718,-7.392,0.0],[112.5679,-7.3879,0.0],[112.567,-7.3976,0.0],[112.5495,-7.4033,0.0],[112.5292,-7.4037,0.0],[112.5259,-7.3973,0.0],[112.4946,-7.4085,0.0],[112.4936,-7.3994,0.0]],[[112.6333,-7.149,0.0],[112.6326,-7.1498,0.0],[112.6367,-7.1483,0.0],[112.6333,-7.149,0.0]],[[112.6306,-7.1499,0.0],[112.6288,-7.1511,0.0],[112.6313,-7.1502,0.0],[112.6306,-7.1499,0.0]],[[112.6206,-7.149,0.0],[112.6292,-7.1527,0.0],[112.6291,-7.1527,0.0],[112.6206,-7.149,0.0]],[[112.6171,-7.1561,0.0],[112.6174,-7.156,0.0],[112.6173,-7.1557,0.0],[112.6171,-7.1561,0.0]],[[112.6157,-7.1558,0.0],[112.615,-7.1566,0.0],[112.6164,-7.1563,0.0],[112.6157,-7.1558,0.0]],[[112.6128,-7.1594,0.0],[112.6128,-7.1594,0.0],[112.6129,-7.1592,0.0],[112.6128,-7.1594,0.0]],[[112.6031,-7.161,0.0],[112.6037,-7.1615,0.0],[112.606,-7.1612,0.0],[112.6031,-7.161,0.0]],[[112.5872,-7.1547,0.0],[112.5895,-7.1554,0.0],[112.5897,-7.1547,0.0],[112.5872,-7.1547,0.0]],[[112.5772,-7.1623,0.0],[112.5796,-7.1649,0.0],[112.5796,-7.1598,0.0],[112.5772,-7.1623,0.0]],[[112.5764,-7.1737,0.0],[112.5822,-7.1673,0.0],[112.5797,-7.1695,0.0],[112.5764,-7.1737,0.0]],[[112.6277,-7.3148,0.0],[112.6287,-7.3154,0.0],[112.6292,-7.3147,0.0],[112.6277,-7.3148,0.0]],[[112.6247,-7.3152,0.0],[112.6251,-7.3152,0.0],[112.6252,-7.3151,0.0],[112.6247,-7.3152,0.0]],[[112.6107,-7.3135,0.0],[112.6202,-7.3148,0.0],[112.6236,-7.3151,0.0],[112.6107,-7.3135,0.0]],[[112.5659,-7.3645,0.0],[112.5655,-7.3645,0.0],[112.5759,-7.3676,0.0],[112.5659,-7.3645,0.0]],[[112.5122,-7.1792,0.0],[112.5114,-7.1793,0.0],[112.5118,-7.1797,0.0],[112.5122,-7.1792,0.0]],[[112.5171,-7.1785,0.0],[112.5167,-7.1786,0.0],[112.5171,-7.1786,0.0],[112.5171,-7.1785,0.0]],[[112.5168,-7.1818,0.0],[112.5168,-7.1814,0.0],[112.5168,-7.1818,0.0],[112.5168,-7.1818,0.0]],[[112.512,-7.205,0.0],[112.5124,-7.2014,0.0],[112.5117,-7.2049,0.0],[112.512,-7.205,0.0]],[[112.5211,-7.2046,0.0],[112.5194,-7.2034,0.0],[112.5236,-7.2084,0.0],[112.5211,-7.2046,0.0]],[[112.5269,-7.2016,0.0],[112.5229,-7.204,0.0],[112.5245,-7.2036,0.0],[112.5269,-7.2016,0.0]],[[112.5303,-7.1938,0.0],[112.529,-7.1999,0.0],[112.5292,-7.1997,0.0],[112.5303,-7.1938,0.0]],[[112.4881,-7.307,0.0],[112.4886,-7.307,0.0],[112.4877,-7.3026,0.0],[112.4881,-7.307,0.0]],[[112.4851,-7.3026,0.0],[112.4849,-7.3029,0.0],[112.4877,-7.3026,0.0],[112.4851,-7.3026,0.0]],[[112.4861,-7.2993,0.0],[112.4894,-7.2952,0.0],[112.4861,-7.2992,0.0],[112.4861,-7.2993,0.0]],[[112.4883,-7.2941,0.0],[112.4883,-7.2942,0.0],[112.4894,-7.2952,0.0],[112.4883,-7.2941,0.0]],[[112.4883,-7.294,0.0],[112.489,-7.2887,0.0],[112.4884,-7.29,0.0],[112.4883,-7.294,0.0]],[[112.4912,-7.2842,0.0],[112.4912,-7.2841,0.0],[112.4912,-7.2841,0.0],[112.4912,-7.2842,0.0]],[[112.4966,-7.2859,0.0],[112.4981,-7.2868,0.0],[112.4977,-7.2863,0.0],[112.4966,-7.2859,0.0]],[[112.4997,-7.2889,0.0],[112.5004,-7.2906,0.0],[112.5009,-7.2906,0.0],[112.4997,-7.2889,0.0]],[[112.5119,-7.2679,0.0],[112.5143,-7.2672,0.0],[112.5156,-7.2654,0.0],[112.5119,-7.2679,0.0]],[[112.5156,-7.2654,0.0],[112.5152,-7.2647,0.0],[112.5126,-7.2649,0.0],[112.5156,-7.2654,0.0]],[[112.5158,-7.2646,0.0],[112.5167,-7.2659,0.0],[112.5163,-7.2646,0.0],[112.5158,-7.2646,0.0]],[[112.5183,-7.2684,0.0],[112.5197,-7.2705,0.0],[112.5193,-7.2687,0.0],[112.5183,-7.2684,0.0]],[[112.5269,-7.2722,0.0],[112.527,-7.2721,0.0],[112.5197,-7.2705,0.0],[112.5269,-7.2722,0.0]],[[112.5288,-7.2708,0.0],[112.5277,-7.275,0.0],[112.5296,-7.2701,0.0],[112.5288,-7.2708,0.0]],[[112.5284,-7.2835,0.0],[112.5275,-7.2759,0.0],[112.5277,-7.2824,0.0],[112.5284,-7.2835,0.0]],[[112.5285,-7.2836,0.0],[112.5286,-7.2836,0.0],[112.5313,-7.2825,0.0],[112.5285,-7.2836,0.0]],[[112.5331,-7.2835,0.0],[112.5332,-7.2835,0.0],[112.5313,-7.2825,0.0],[112.5331,-7.2835,0.0]],[[112.5866,-7.3132,0.0],[112.5872,-7.3114,0.0],[112.5871,-7.3114,0.0],[112.5866,-7.3132,0.0]],[[112.5889,-7.311,0.0],[112.591,-7.3107,0.0],[112.589,-7.3104,0.0],[112.5889,-7.311,0.0]],[[112.4863,-7.3378,0.0],[112.4865,-7.3375,0.0],[112.4863,-7.3378,0.0],[112.4863,-7.3378,0.0]],[[112.4905,-7.3336,0.0],[112.4889,-7.333,0.0],[112.4888,-7.3332,0.0],[112.4905,-7.3336,0.0]],[[112.4894,-7.3384,0.0],[112.4898,-7.3386,0.0],[112.4888,-7.3371,0.0],[112.4894,-7.3384,0.0]],[[112.4911,-7.3391,0.0],[112.4964,-7.3391,0.0],[112.4971,-7.3385,0.0],[112.4911,-7.3391,0.0]],[[112.4982,-7.3375,0.0],[112.4981,-7.3364,0.0],[112.4974,-7.3382,0.0],[112.4982,-7.3375,0.0]],[[112.498,-7.3356,0.0],[112.4949,-7.3346,0.0],[112.498,-7.3359,0.0],[112.498,-7.3356,0.0]],[[112.5041,-7.3382,0.0],[112.5035,-7.3382,0.0],[112.5124,-7.338,0.0],[112.5041,-7.3382,0.0]],[[112.4693,-7.2138,0.0],[112.47,-7.2087,0.0],[112.4698,-7.2087,0.0],[112.4693,-7.2138,0.0]],[[112.4571,-7.3077,0.0],[112.4591,-7.3045,0.0],[112.459,-7.3045,0.0],[112.4571,-7.3077,0.0]],[[112.459,-7.3089,0.0],[112.4591,-7.3088,0.0],[112.4571,-7.3077,0.0],[112.459,-7.3089,0.0]],[[112.5301,-7.2699,0.0],[112.5299,-7.2698,0.0],[112.5299,-7.2699,0.0],[112.5301,-7.2699,0.0]],[[112.5337,-7.2697,0.0],[112.5387,-7.2708,0.0],[112.5388,-7.2707,0.0],[112.5337,-7.2697,0.0]],[[112.5403,-7.2688,0.0],[112.5399,-7.2674,0.0],[112.539,-7.2704,0.0],[112.5403,-7.2688,0.0]],[[112.5433,-7.2667,0.0],[112.5432,-7.2665,0.0],[112.5415,-7.2661,0.0],[112.5433,-7.2667,0.0]],[[112.5445,-7.2648,0.0],[112.5445,-7.2647,0.0],[112.5422,-7.2645,0.0],[112.5445,-7.2648,0.0]],[[112.5473,-7.259,0.0],[112.5451,-7.2585,0.0],[112.5451,-7.2588,0.0],[112.5473,-7.259,0.0]],[[112.5473,-7.2571,0.0],[112.5494,-7.2583,0.0],[112.5494,-7.2582,0.0],[112.5473,-7.2571,0.0]],[[112.5502,-7.2569,0.0],[112.55,-7.2567,0.0],[112.5495,-7.258,0.0],[112.5502,-7.2569,0.0]],[[112.5519,-7.2592,0.0],[112.5519,-7.2592,0.0],[112.5515,-7.2587,0.0],[112.5519,-7.2592,0.0]],[[112.5626,-7.2593,0.0],[112.5624,-7.2572,0.0],[112.5624,-7.2593,0.0],[112.5626,-7.2593,0.0]],[[112.5608,-7.2548,0.0],[112.5621,-7.2549,0.0],[112.5608,-7.2539,0.0],[112.5608,-7.2548,0.0]],[[112.5614,-7.2524,0.0],[112.5607,-7.2531,0.0],[112.5608,-7.2535,0.0],[112.5614,-7.2524,0.0]],[[112.5618,-7.2519,0.0],[112.5644,-7.2541,0.0],[112.5619,-7.2518,0.0],[112.5618,-7.2519,0.0]],[[112.5657,-7.2521,0.0],[112.5657,-7.2521,0.0],[112.5655,-7.2524,0.0],[112.5657,-7.2521,0.0]],[[112.5637,-7.2452,0.0],[112.5629,-7.2461,0.0],[112.5624,-7.2476,0.0],[112.5637,-7.2452,0.0]],[[112.5648,-7.244,0.0],[112.5667,-7.2455,0.0],[112.5667,-7.2455,0.0],[112.5648,-7.244,0.0]],[[112.5941,-7.2269,0.0],[112.5941,-7.2268,0.0],[112.5943,-7.2309,0.0],[112.5941,-7.2269,0.0]],[[112.5918,-7.2247,0.0],[112.5913,-7.2243,0.0],[112.5914,-7.2256,0.0],[112.5918,-7.2247,0.0]],[[112.5256,-7.2119,0.0],[112.5232,-7.211,0.0],[112.5256,-7.212,0.0],[112.5256,-7.2119,0.0]],[[112.5236,-7.2212,0.0],[112.5244,-7.2177,0.0],[112.5236,-7.2212,0.0],[112.5236,-7.2212,0.0]],[[112.508,-7.2363,0.0],[112.5079,-7.2361,0.0],[112.5079,-7.2362,0.0],[112.508,-7.2363,0.0]],[[112.5103,-7.2364,0.0],[112.5102,-7.2364,0.0],[112.5111,-7.2382,0.0],[112.5103,-7.2364,0.0]],[[112.4292,-6.9563,0.0],[112.4297,-6.9592,0.0],[112.4292,-6.9563,0.0],[112.4292,-6.9563,0.0]],[[112.4506,-6.9594,0.0],[112.4495,-6.9624,0.0],[112.4504,-6.9621,0.0],[112.4506,-6.9594,0.0]],[[112.4745,-6.9757,0.0],[112.4775,-6.9807,0.0],[112.4776,-6.9803,0.0],[112.4745,-6.9757,0.0]],[[112.4758,-6.9954,0.0],[112.4766,-6.9955,0.0],[112.477,-6.9948,0.0],[112.4758,-6.9954,0.0]],[[112.4813,-6.9866,0.0],[112.4858,-6.9837,0.0],[112.4817,-6.9859,0.0],[112.4813,-6.9866,0.0]],[[112.5306,-7.0062,0.0],[112.5323,-7.0071,0.0],[112.5323,-7.0071,0.0],[112.5306,-7.0062,0.0]],[[112.5356,-7.0044,0.0],[112.5355,-7.0044,0.0],[112.5356,-7.0065,0.0],[112.5356,-7.0044,0.0]],[[112.5358,-7.0044,0.0],[112.5427,-7.0076,0.0],[112.5376,-7.0045,0.0],[112.5358,-7.0044,0.0]],[[112.5433,-7.0091,0.0],[112.5433,-7.0092,0.0],[112.5446,-7.0094,0.0],[112.5433,-7.0091,0.0]],[[112.5458,-7.0096,0.0],[112.5462,-7.0096,0.0],[112.5467,-7.0063,0.0],[112.5458,-7.0096,0.0]],[[112.5516,-7.0071,0.0],[112.5518,-7.0097,0.0],[112.5521,-7.0096,0.0],[112.5516,-7.0071,0.0]],[[112.5688,-7.0086,0.0],[112.5707,-7.0115,0.0],[112.571,-7.0115,0.0],[112.5688,-7.0086,0.0]],[[112.579,-7.0073,0.0],[112.5803,-7.0124,0.0],[112.5806,-7.0123,0.0],[112.579,-7.0073,0.0]],[[112.5815,-7.0121,0.0],[112.582,-7.012,0.0],[112.5828,-7.0112,0.0],[112.5815,-7.0121,0.0]],[[112.5852,-7.0089,0.0],[112.586,-7.0081,0.0],[112.589,-7.0018,0.0],[112.5852,-7.0089,0.0]],[[112.5628,-7.0588,0.0],[112.554,-7.0515,0.0],[112.5531,-7.0511,0.0],[112.5628,-7.0588,0.0]],[[112.5767,-7.0624,0.0],[112.5782,-7.0632,0.0],[112.5762,-7.0603,0.0],[112.5767,-7.0624,0.0]],[[112.5788,-7.0635,0.0],[112.5813,-7.0629,0.0],[112.5785,-7.0634,0.0],[112.5788,-7.0635,0.0]],[[112.5839,-7.0623,0.0],[112.5869,-7.0576,0.0],[112.5836,-7.0623,0.0],[112.5839,-7.0623,0.0]],[[112.587,-7.0698,0.0],[112.5872,-7.0698,0.0],[112.5873,-7.0683,0.0],[112.587,-7.0698,0.0]],[[112.5977,-7.066,0.0],[112.5976,-7.0658,0.0],[112.5961,-7.0697,0.0],[112.5977,-7.066,0.0]],[[112.5993,-7.068,0.0],[112.5993,-7.0676,0.0],[112.5993,-7.0675,0.0],[112.5993,-7.068,0.0]],[[112.588,-7.075,0.0],[112.5881,-7.0753,0.0],[112.5943,-7.0762,0.0],[112.588,-7.075,0.0]],[[112.5898,-7.0809,0.0],[112.5899,-7.0809,0.0],[112.5895,-7.0798,0.0],[112.5898,-7.0809,0.0]],[[112.5928,-7.0828,0.0],[112.6006,-7.0824,0.0],[112.5926,-7.0827,0.0],[112.5928,-7.0828,0.0]],[[112.6213,-7.0333,0.0],[112.6213,-7.0332,0.0],[112.6193,-7.0347,0.0],[112.6213,-7.0333,0.0]],[[112.5393,-7.0976,0.0],[112.5365,-7.0957,0.0],[112.54,-7.0993,0.0],[112.5393,-7.0976,0.0]],[[112.5415,-7.1008,0.0],[112.5457,-7.1015,0.0],[112.5409,-7.1002,0.0],[112.5415,-7.1008,0.0]],[[112.5718,-7.1406,0.0],[112.5718,-7.1403,0.0],[112.5688,-7.1429,0.0],[112.5718,-7.1406,0.0]],[[112.5736,-7.1525,0.0],[112.5689,-7.1454,0.0],[112.5689,-7.1456,0.0],[112.5736,-7.1525,0.0]],[[112.5297,-7.019,0.0],[112.5258,-7.0172,0.0],[112.5287,-7.0193,0.0],[112.5297,-7.019,0.0]],[[112.5338,-7.0148,0.0],[112.5329,-7.0182,0.0],[112.5347,-7.0147,0.0],[112.5338,-7.0148,0.0]],[[112.5107,-7.0223,0.0],[112.5116,-7.0205,0.0],[112.5113,-7.0204,0.0],[112.5107,-7.0223,0.0]],[[112.5239,-7.0163,0.0],[112.5132,-7.0173,0.0],[112.5247,-7.0166,0.0],[112.5239,-7.0163,0.0]],[[112.4853,-6.9159,0.0],[112.4887,-6.9091,0.0],[112.4882,-6.9083,0.0],[112.4853,-6.9159,0.0]],[[112.5183,-6.9682,0.0],[112.5184,-6.9683,0.0],[112.5183,-6.9682,0.0],[112.5183,-6.9682,0.0]],[[112.5367,-6.9657,0.0],[112.5366,-6.9656,0.0],[112.5331,-6.9671,0.0],[112.5367,-6.9657,0.0]],[[112.5604,-6.9751,0.0],[112.5603,-6.975,0.0],[112.5603,-6.9751,0.0],[112.5604,-6.9751,0.0]],[[112.563,-6.978,0.0],[112.5632,-6.978,0.0],[112.5631,-6.976,0.0],[112.563,-6.978,0.0]],[[112.564,-6.9784,0.0],[112.5661,-6.9777,0.0],[112.5637,-6.9782,0.0],[112.564,-6.9784,0.0]]],[[[112.5818,-5.775,0.0],[112.581,-5.7756,0.0],[112.5811,-5.7749,0.0],[112.5818,-5.775,0.0]]],[[[112.5884,-5.7676,0.0],[112.5863,-5.7752,0.0],[112.5809,-5.7686,0.0],[112.5884,-5.7676,0.0]]],[[[112.6485,-7.0871,0.0],[112.6395,-7.093,0.0],[112.6385,-7.0924,0.0],[112.6391,-7.0812,0.0],[112.6485,-7.0808,0.0],[112.6485,-7.0871,0.0]]],[[[112.7047,-5.8715,0.0],[112.7051,-5.8708,0.0],[112.7076,-5.8716,0.0],[112.7047,-5.8715,0.0]]],[[[112.6908,-5.8679,0.0],[112.6901,-5.8681,0.0],[112.6908,-5.8676,0.0],[112.6908,-5.8679,0.0]]],[[[112.6877,-5.8588,0.0],[112.6895,-5.8669,0.0],[112.6856,-5.8687,0.0],[112.6838,-5.865,0.0],[112.6877,-5.8588,0.0]]],[[[112.6252,-5.8605,0.0],[112.625,-5.8606,0.0],[112.6245,-5.8602,0.0],[112.6252,-5.8605,0.0]]],[[[112.6572,-5.8532,0.0],[112.649,-5.849,0.0],[112.6471,-5.8537,0.0],[112.6488,-5.8489,0.0],[112.6448,-5.8509,0.0],[112.643,-5.8462,0.0],[112.6437,-5.8516,0.0],[112.6432,-5.8524,0.0],[112.6419,-5.8529,0.0],[112.6425,-5.846,0.0],[112.632,-5.8446,0.0],[112.6261,-5.8522,0.0],[112.6275,-5.8597,0.0],[112.6262,-5.861,0.0],[112.6247,-5.8595,0.0],[112.623,-5.8605,0.0],[112.6206,-5.8714,0.0],[112.621,-5.8557,0.0],[112.5917,-5.8556,0.0],[112.5827,-5.8435,0.0],[112.5762,-5.845,0.0],[112.5847,-5.8317,0.0],[112.5745,-5.8271,0.0],[112.58,-5.8147,0.0],[112.5695,-5.8092,0.0],[112.5723,-5.8037,0.0],[112.5825,-5.8058,0.0],[112.5848,-5.7954,0.0],[112.5793,-5.7894,0.0],[112.5874,-5.7883,0.0],[112.5898,-5.7761,0.0],[112.5981,-5.769,0.0],[112.6039,-5.7736,0.0],[112.6106,-5.7717,0.0],[112.6129,-5.7505,0.0],[112.6282,-5.7474,0.0],[112.6459,-5.7306,0.0],[112.6728,-5.7358,0.0],[112.6744,-5.7228,0.0],[112.6864,-5.7158,0.0],[112.6896,-5.7254,0.0],[112.7044,-5.7354,0.0],[112.7128,-5.7316,0.0],[112.7262,-5.737,0.0],[112.7242,-5.76,0.0],[112.7314,-5.7595,0.0],[112.7356,-5.7652,0.0],[112.7304,-5.7718,0.0],[112.7412,-5.7896,0.0],[112.7321,-5.8002,0.0],[112.7276,-5.8173,0.0],[112.734,-5.831,0.0],[112.7211,-5.8329,0.0],[112.7184,-5.8429,0.0],[112.7031,-5.8467,0.0],[112.6999,-5.8526,0.0],[112.6703,-5.8554,0.0],[112.6648,-5.8507,0.0],[112.6558,-5.8566,0.0],[112.6572,-5.8532,0.0]],[[112.5911,-5.7843,0.0],[112.5925,-5.7851,0.0],[112.5918,-5.7842,0.0],[112.5911,-5.7843,0.0]],[[112.5959,-5.7869,0.0],[112.5961,-5.787,0.0],[112.596,-5.7869,0.0],[112.5959,-5.7869,0.0]]],[[[112.7679,-5.8135,0.0],[112.7679,-5.8123,0.0],[112.7689,-5.8108,0.0],[112.7679,-5.8135,0.0]]],[[[112.7775,-5.803,0.0],[112.7781,-5.8025,0.0],[112.7784,-5.8028,0.0],[112.7775,-5.803,0.0]]],[[[112.7704,-5.8038,0.0],[112.7676,-5.7972,0.0],[112.7677,-5.7952,0.0],[112.7761,-5.8034,0.0],[112.7704,-5.8038,0.0]]],[[[112.6072,-5.7373,0.0],[112.6059,-5.7391,0.0],[112.6052,-5.7375,0.0],[112.6072,-5.7373,0.0]]],[[[112.7037,-5.7338,0.0],[112.7045,-5.7334,0.0],[112.7039,-5.7348,0.0],[112.7037,-5.7338,0.0]]]]}},{"type":"Feature","properties":{"kab_kota":"Trenggalek","kode":"kab-trenggalek"},"geometry":{"type":"MultiPolygon","coordinates":[[[[111.4834,-8.364,0.0],[111.4839,-8.3638,0.0],[111.4833,-8.3641,0.0],[111.4834,-8.364,0.0]]],[[[111.4772,-8.3293,0.0],[111.4774,-8.3297,0.0],[111.4768,-8.3299,0.0],[111.4772,-8.3293,0.0]]],[[[111.4792,-8.3279,0.0],[111.4808,-8.33,0.0],[111.4779,-8.3312,0.0],[111.4792,-8.3279,0.0]]],[[[111.462,-8.3291,0.0],[111.4625,-8.3291,0.0],[111.462,-8.3293,0.0],[111.462,-8.3291,0.0]]],[[[111.4625,-8.3285,0.0],[111.4623,-8.3284,0.0],[111.4635,-8.3279,0.0],[111.4625,-8.3285,0.0]]],[[[111.4633,-8.3277,0.0],[111.4632,-8.3275,0.0],[111.4635,-8.3275,0.0],[111.4633,-8.3277,0.0]]],[[[111.4373,-8.3235,0.0],[111.4379,-8.3233,0.0],[111.4373,-8.3237,0.0],[111.4373,-8.3235,0.0]]],[[[111.4635,-8.323,0.0],[111.4637,-8.323,0.0],[111.4632,-8.3235,0.0],[111.4635,-8.323,0.0]]],[[[111.4563,-8.3214,0.0],[111.4562,-8.3216,0.0],[111.456,-8.3209,0.0],[111.4563,-8.3214,0.0]]],[[[111.4678,-8.32,0.0],[111.468,-8.3199,0.0],[111.4682,-8.3206,0.0],[111.4678,-8.32,0.0]]],[[[111.4567,-8.3196,0.0],[111.4567,-8.32,0.0],[111.4563,-8.3196,0.0],[111.4567,-8.3196,0.0]]],[[[111.4527,-8.3169,0.0],[111.4521,-8.3173,0.0],[111.4522,-8.3168,0.0],[111.4527,-8.3169,0.0]]],[[[111.4815,-8.3159,0.0],[111.4814,-8.3163,0.0],[111.4812,-8.3162,0.0],[111.4815,-8.3159,0.0]]],[[[111.4455,-8.3067,0.0],[111.4458,-8.3071,0.0],[111.4454,-8.307,0.0],[111.4455,-8.3067,0.0]]],[[[111.4452,-8.2978,0.0],[111.4426,-8.2969,0.0],[111.4425,-8.2957,0.0],[111.4452,-8.2978,0.0]]],[[[111.4414,-8.2954,0.0],[111.442,-8.2957,0.0],[111.4418,-8.2959,0.0],[111.4414,-8.2954,0.0]]],[[[111.4441,-8.2893,0.0],[111.4436,-8.2901,0.0],[111.4434,-8.2901,0.0],[111.4441,-8.2893,0.0]]],[[[111.4152,-8.2782,0.0],[111.4147,-8.2781,0.0],[111.415,-8.277,0.0],[111.4152,-8.2782,0.0]]],[[[111.4155,-8.2773,0.0],[111.4156,-8.2769,0.0],[111.4159,-8.2772,0.0],[111.4155,-8.2773,0.0]]],[[[111.4157,-8.2741,0.0],[111.4159,-8.2739,0.0],[111.4159,-8.2741,0.0],[111.4157,-8.2741,0.0]]],[[[111.4357,-8.2726,0.0],[111.4357,-8.2726,0.0],[111.4356,-8.2726,0.0],[111.4357,-8.2726,0.0]]],[[[111.4388,-8.2709,0.0],[111.4365,-8.2715,0.0],[111.4386,-8.2695,0.0],[111.4388,-8.2709,0.0]]],[[[111.4414,-8.269,0.0],[111.4412,-8.2694,0.0],[111.4411,-8.2694,0.0],[111.4414,-8.269,0.0]]],[[[111.42,-8.262,0.0],[111.4201,-8.2624,0.0],[111.4196,-8.2621,0.0],[111.42,-8.262,0.0]]],[[[111.4235,-8.2604,0.0],[111.4237,-8.2614,0.0],[111.4232,-8.2612,0.0],[111.4235,-8.2604,0.0]]],[[[111.4226,-8.2594,0.0],[111.4225,-8.2593,0.0],[111.4226,-8.259,0.0],[111.4226,-8.2594,0.0]]],[[[111.4221,-8.2584,0.0],[111.4195,-8.2605,0.0],[111.4154,-8.267,0.0],[111.4158,-8.2762,0.0],[111.4102,-8.2784,0.0],[111.4032,-8.2678,0.0],[111.4064,-8.2584,0.0],[111.3922,-8.2332,0.0],[111.4089,-8.2127,0.0],[111.4034,-8.1973,0.0],[111.4243,-8.1914,0.0],[111.4248,-8.1704,0.0],[111.4328,-8.1699,0.0],[111.4378,-8.1632,0.0],[111.4586,-8.1688,0.0],[111.465,-8.1755,0.0],[111.4771,-8.1733,0.0],[111.4787,-8.1658,0.0],[111.4737,-8.1648,0.0],[111.4732,-8.1581,0.0],[111.483,-8.126,0.0],[111.4795,-8.1164,0.0],[111.4836,-8.1081,0.0],[111.4996,-8.1127,0.0],[111.5073,-8.1064,0.0],[111.5211,-8.1107,0.0],[111.5279,-8.1074,0.0],[111.5269,-8.0811,0.0],[111.5435,-8.0665,0.0],[111.5353,-8.0597,0.0],[111.5733,-8.0479,0.0],[111.5749,-8.0396,0.0],[111.5827,-8.0257,0.0],[111.5905,-8.0194,0.0],[111.6063,-8.0193,0.0],[111.6118,-8.0117,0.0],[111.6232,-8.0065,0.0],[111.6259,-8.0109,0.0],[111.6361,-8.0022,0.0],[111.6477,-8.0038,0.0],[111.6482,-8.0209,0.0],[111.6532,-8.0206,0.0],[111.6569,-7.99,0.0],[111.6537,-7.9816,0.0],[111.6634,-7.9676,0.0],[111.6484,-7.9604,0.0],[111.6471,-7.9538,0.0],[111.6556,-7.9408,0.0],[111.6593,-7.9451,0.0],[111.6678,-7.9446,0.0],[111.6885,-7.9327,0.0],[111.6943,-7.9181,0.0],[111.7067,-7.9065,0.0],[111.6991,-7.8996,0.0],[111.7013,-7.8962,0.0],[111.7133,-7.8955,0.0],[111.7351,-7.8862,0.0],[111.7409,-7.8792,0.0],[111.7482,-7.88,0.0],[111.753,-7.8846,0.0],[111.7549,-7.9144,0.0],[111.7612,-7.9229,0.0],[111.744,-7.9324,0.0],[111.7457,-7.9475,0.0],[111.7381,-7.9585,0.0],[111.7435,-7.9718,0.0],[111.7484,-7.9697,0.0],[111.7605,-7.9879,0.0],[111.7545,-8.0027,0.0],[111.7546,-8.0312,0.0],[111.7802,-8.0392,0.0],[111.7976,-8.0673,0.0],[111.8096,-8.0757,0.0],[111.8132,-8.0876,0.0],[111.8357,-8.0947,0.0],[111.8383,-8.0916,0.0],[111.8469,-8.1064,0.0],[111.8367,-8.1245,0.0],[111.8223,-8.1347,0.0],[111.7336,-8.1422,0.0],[111.7185,-8.1686,0.0],[111.7166,-8.1903,0.0],[111.7302,-8.2056,0.0],[111.7376,-8.2002,0.0],[111.7401,-8.2032,0.0],[111.7395,-8.2089,0.0],[111.7337,-8.2105,0.0],[111.729,-8.2313,0.0],[111.7323,-8.2365,0.0],[111.7273,-8.2422,0.0],[111.734,-8.2531,0.0],[111.7438,-8.2527,0.0],[111.7479,-8.2579,0.0],[111.75,-8.2898,0.0],[111.7776,-8.2897,0.0],[111.7685,-8.2943,0.0],[111.7763,-8.3069,0.0],[111.7694,-8.3086,0.0],[111.769,-8.3167,0.0],[111.7817,-8.3261,0.0],[111.7704,-8.3278,0.0],[111.7493,-8.3409,0.0],[111.7466,-8.334,0.0],[111.739,-8.3325,0.0],[111.7485,-8.3094,0.0],[111.7384,-8.2964,0.0],[111.7313,-8.2949,0.0],[111.7346,-8.2933,0.0],[111.7271,-8.2891,0.0],[111.7304,-8.2879,0.0],[111.7129,-8.2909,0.0],[111.7066,-8.3029,0.0],[111.7139,-8.309,0.0],[111.7132,-8.3224,0.0],[111.6954,-8.3218,0.0],[111.6884,-8.3353,0.0],[111.7135,-8.3517,0.0],[111.724,-8.3687,0.0],[111.7142,-8.3723,0.0],[111.7037,-8.3671,0.0],[111.7019,-8.3832,0.0],[111.6885,-8.3663,0.0],[111.682,-8.3749,0.0],[111.6749,-8.3714,0.0],[111.6673,-8.3558,0.0],[111.6576,-8.3569,0.0],[111.6527,-8.3665,0.0],[111.6476,-8.3516,0.0],[111.6347,-8.3474,0.0],[111.626,-8.3539,0.0],[111.6248,-8.3477,0.0],[111.6343,-8.3405,0.0],[111.6323,-8.3363,0.0],[111.6272,-8.3352,0.0],[111.6283,-8.3252,0.0],[111.6173,-8.3199,0.0],[111.6074,-8.3286,0.0],[111.6108,-8.3351,0.0],[111.6071,-8.339,0.0],[111.6029,-8.3245,0.0],[111.5989,-8.3219,0.0],[111.5953,-8.3221,0.0],[111.5935,-8.3251,0.0],[111.5905,-8.3255,0.0],[111.5875,-8.3283,0.0],[111.5876,-8.3343,0.0],[111.5778,-8.3289,0.0],[111.5702,-8.3337,0.0],[111.5678,-8.326,0.0],[111.5716,-8.3255,0.0],[111.5727,-8.3163,0.0],[111.5502,-8.306,0.0],[111.5449,-8.3072,0.0],[111.546,-8.3133,0.0],[111.5377,-8.3136,0.0],[111.5314,-8.3176,0.0],[111.5306,-8.3221,0.0],[111.5378,-8.3272,0.0],[111.5337,-8.3329,0.0],[111.5294,-8.3298,0.0],[111.5119,-8.3328,0.0],[111.5103,-8.3272,0.0],[111.505,-8.3222,0.0],[111.4945,-8.3232,0.0],[111.4947,-8.3151,0.0],[111.4899,-8.3139,0.0],[111.482,-8.3194,0.0],[111.4835,-8.3093,0.0],[111.4784,-8.3053,0.0],[111.462,-8.3229,0.0],[111.4602,-8.3171,0.0],[111.4532,-8.3173,0.0],[111.4579,-8.3104,0.0],[111.4452,-8.3023,0.0],[111.4499,-8.2969,0.0],[111.4451,-8.2938,0.0],[111.4545,-8.2886,0.0],[111.4509,-8.2815,0.0],[111.4573,-8.2772,0.0],[111.4424,-8.2628,0.0],[111.4221,-8.2584,0.0]],[[111.5821,-8.0469,0.0],[111.5824,-8.047,0.0],[111.5749,-8.0396,0.0],[111.5821,-8.0469,0.0]],[[111.4923,-8.1733,0.0],[111.4907,-8.1723,0.0],[111.4857,-8.1715,0.0],[111.4923,-8.1733,0.0]],[[111.4933,-8.1765,0.0],[111.4934,-8.1741,0.0],[111.4926,-8.1735,0.0],[111.4933,-8.1765,0.0]],[[111.4934,-8.177,0.0],[111.4955,-8.1794,0.0],[111.4934,-8.1768,0.0],[111.4934,-8.177,0.0]],[[111.504,-8.1842,0.0],[111.5039,-8.1866,0.0],[111.5061,-8.1796,0.0],[111.504,-8.1842,0.0]],[[111.5686,-8.1395,0.0],[111.5682,-8.1396,0.0],[111.5681,-8.1399,0.0],[111.5686,-8.1395,0.0]],[[111.5748,-8.1389,0.0],[111.5738,-8.1386,0.0],[111.5722,-8.1389,0.0],[111.5748,-8.1389,0.0]],[[111.5789,-8.1413,0.0],[111.5769,-8.1362,0.0],[111.5759,-8.1391,0.0],[111.5789,-8.1413,0.0]],[[111.5792,-8.1416,0.0],[111.5837,-8.1411,0.0],[111.5832,-8.1407,0.0],[111.5792,-8.1416,0.0]],[[111.5876,-8.144,0.0],[111.5873,-8.1437,0.0],[111.5857,-8.1425,0.0],[111.5876,-8.144,0.0]],[[111.6212,-8.141,0.0],[111.6245,-8.1379,0.0],[111.617,-8.143,0.0],[111.6212,-8.141,0.0]],[[111.6283,-8.1419,0.0],[111.6263,-8.1366,0.0],[111.626,-8.1368,0.0],[111.6283,-8.1419,0.0]],[[111.6333,-8.1503,0.0],[111.6343,-8.1481,0.0],[111.6345,-8.1439,0.0],[111.6333,-8.1503,0.0]],[[111.6145,-8.2351,0.0],[111.6145,-8.2373,0.0],[111.6156,-8.232,0.0],[111.6145,-8.2351,0.0]],[[111.6161,-8.2419,0.0],[111.613,-8.2397,0.0],[111.6133,-8.2405,0.0],[111.6161,-8.2419,0.0]],[[111.6114,-8.2384,0.0],[111.6113,-8.2384,0.0],[111.6114,-8.2384,0.0],[111.6114,-8.2384,0.0]],[[111.6052,-8.2448,0.0],[111.6055,-8.2446,0.0],[111.6084,-8.2427,0.0],[111.6052,-8.2448,0.0]],[[111.5898,-8.2472,0.0],[111.5898,-8.2474,0.0],[111.59,-8.2474,0.0],[111.5898,-8.2472,0.0]],[[111.5905,-8.2409,0.0],[111.5903,-8.2409,0.0],[111.5901,-8.2427,0.0],[111.5905,-8.2409,0.0]],[[111.5889,-8.2406,0.0],[111.5866,-8.2414,0.0],[111.5897,-8.2407,0.0],[111.5889,-8.2406,0.0]],[[111.5764,-8.2453,0.0],[111.5763,-8.2454,0.0],[111.577,-8.2451,0.0],[111.5764,-8.2453,0.0]],[[111.5662,-8.2506,0.0],[111.566,-8.251,0.0],[111.5667,-8.2506,0.0],[111.5662,-8.2506,0.0]],[[111.561,-8.2596,0.0],[111.5631,-8.2571,0.0],[111.5638,-8.2548,0.0],[111.561,-8.2596,0.0]],[[111.5114,-8.2756,0.0],[111.5167,-8.2753,0.0],[111.5179,-8.2747,0.0],[111.5114,-8.2756,0.0]],[[111.4847,-8.2783,0.0],[111.4844,-8.2787,0.0],[111.4904,-8.2764,0.0],[111.4847,-8.2783,0.0]],[[111.5039,-8.1883,0.0],[111.5038,-8.1896,0.0],[111.5055,-8.195,0.0],[111.5039,-8.1883,0.0]],[[111.5026,-8.196,0.0],[111.5025,-8.196,0.0],[111.506,-8.204,0.0],[111.5026,-8.196,0.0]],[[111.5942,-8.0539,0.0],[111.5938,-8.0532,0.0],[111.5936,-8.0585,0.0],[111.5942,-8.0539,0.0]],[[111.5998,-8.0655,0.0],[111.5979,-8.0666,0.0],[111.5958,-8.0694,0.0],[111.5998,-8.0655,0.0]],[[111.5959,-8.0952,0.0],[111.5959,-8.0948,0.0],[111.5914,-8.0993,0.0],[111.5959,-8.0952,0.0]],[[111.5884,-8.0985,0.0],[111.5882,-8.0987,0.0],[111.5914,-8.0993,0.0],[111.5884,-8.0985,0.0]],[[111.5856,-8.1011,0.0],[111.5866,-8.1001,0.0],[111.5856,-8.101,0.0],[111.5856,-8.1011,0.0]],[[111.5822,-8.1285,0.0],[111.584,-8.1296,0.0],[111.5825,-8.1283,0.0],[111.5822,-8.1285,0.0]],[[111.5798,-8.1312,0.0],[111.5821,-8.1286,0.0],[111.5758,-8.133,0.0],[111.5798,-8.1312,0.0]],[[111.5748,-8.1352,0.0],[111.5754,-8.1332,0.0],[111.5753,-8.1333,0.0],[111.5748,-8.1352,0.0]],[[111.6598,-8.1392,0.0],[111.6483,-8.1348,0.0],[111.6597,-8.1392,0.0],[111.6598,-8.1392,0.0]],[[111.6637,-8.1382,0.0],[111.6626,-8.1339,0.0],[111.6622,-8.1362,0.0],[111.6637,-8.1382,0.0]],[[111.6869,-8.1703,0.0],[111.6874,-8.1678,0.0],[111.6863,-8.1694,0.0],[111.6869,-8.1703,0.0]],[[111.6906,-8.1713,0.0],[111.6873,-8.1707,0.0],[111.6879,-8.1716,0.0],[111.6906,-8.1713,0.0]],[[111.6916,-8.1715,0.0],[111.6914,-8.1714,0.0],[111.692,-8.1721,0.0],[111.6916,-8.1715,0.0]],[[111.694,-8.1749,0.0],[111.6938,-8.1746,0.0],[111.6939,-8.1749,0.0],[111.694,-8.1749,0.0]],[[111.6957,-8.1806,0.0],[111.6966,-8.181,0.0],[111.6933,-8.1773,0.0],[111.6957,-8.1806,0.0]],[[111.6897,-8.1875,0.0],[111.6898,-8.1873,0.0],[111.6898,-8.1873,0.0],[111.6897,-8.1875,0.0]],[[111.6757,-8.2082,0.0],[111.6797,-8.207,0.0],[111.6761,-8.2078,0.0],[111.6757,-8.2082,0.0]],[[111.6745,-8.2112,0.0],[111.675,-8.2093,0.0],[111.6742,-8.2104,0.0],[111.6745,-8.2112,0.0]],[[111.6558,-8.2618,0.0],[111.6559,-8.2616,0.0],[111.6555,-8.262,0.0],[111.6558,-8.2618,0.0]],[[111.6395,-8.267,0.0],[111.6449,-8.2683,0.0],[111.6389,-8.2665,0.0],[111.6395,-8.267,0.0]],[[111.6496,-8.3294,0.0],[111.6525,-8.3233,0.0],[111.6495,-8.3289,0.0],[111.6496,-8.3294,0.0]],[[111.6522,-8.3368,0.0],[111.6497,-8.3302,0.0],[111.6498,-8.3311,0.0],[111.6522,-8.3368,0.0]],[[111.6569,-8.3421,0.0],[111.6576,-8.3421,0.0],[111.6522,-8.3368,0.0],[111.6569,-8.3421,0.0]],[[111.6759,-8.3452,0.0],[111.672,-8.3424,0.0],[111.6771,-8.3468,0.0],[111.6759,-8.3452,0.0]],[[111.6798,-8.3501,0.0],[111.6793,-8.3496,0.0],[111.6798,-8.3508,0.0],[111.6798,-8.3501,0.0]],[[111.6799,-8.3638,0.0],[111.6798,-8.3534,0.0],[111.6792,-8.358,0.0],[111.6799,-8.3638,0.0]],[[111.6198,-8.2477,0.0],[111.6193,-8.2458,0.0],[111.6181,-8.2444,0.0],[111.6198,-8.2477,0.0]],[[111.6241,-8.256,0.0],[111.628,-8.2588,0.0],[111.624,-8.2559,0.0],[111.6241,-8.256,0.0]],[[111.6626,-7.9718,0.0],[111.6629,-7.972,0.0],[111.6658,-7.9688,0.0],[111.6626,-7.9718,0.0]],[[111.6909,-8.0294,0.0],[111.6795,-8.0179,0.0],[111.6793,-8.0134,0.0],[111.679,-8.0249,0.0],[111.6797,-8.0191,0.0],[111.6909,-8.0294,0.0]],[[111.6952,-8.0139,0.0],[111.6953,-8.0132,0.0],[111.6795,-8.0179,0.0],[111.6952,-8.0139,0.0]],[[111.6788,-8.0262,0.0],[111.6746,-8.0287,0.0],[111.6788,-8.0267,0.0],[111.6788,-8.0262,0.0]],[[111.6447,-8.071,0.0],[111.6443,-8.0713,0.0],[111.6401,-8.0754,0.0],[111.6447,-8.071,0.0]],[[111.6249,-8.0784,0.0],[111.6259,-8.0817,0.0],[111.6285,-8.0847,0.0],[111.6281,-8.0815,0.0],[111.6249,-8.0784,0.0]],[[111.6719,-8.1136,0.0],[111.6738,-8.1159,0.0],[111.6739,-8.1158,0.0],[111.6719,-8.1136,0.0]],[[111.6721,-8.1186,0.0],[111.6752,-8.1236,0.0],[111.6758,-8.1234,0.0],[111.6721,-8.1186,0.0]],[[111.673,-8.1254,0.0],[111.6718,-8.1264,0.0],[111.6707,-8.1298,0.0],[111.673,-8.1254,0.0]],[[111.6102,-8.0734,0.0],[111.614,-8.0731,0.0],[111.6138,-8.073,0.0],[111.6102,-8.0734,0.0]],[[111.6208,-8.0763,0.0],[111.6239,-8.0778,0.0],[111.6217,-8.0763,0.0],[111.6208,-8.0763,0.0]],[[111.6812,-8.1212,0.0],[111.6805,-8.1219,0.0],[111.6808,-8.1218,0.0],[111.6812,-8.1212,0.0]],[[111.6878,-8.1105,0.0],[111.6843,-8.1171,0.0],[111.6863,-8.1144,0.0],[111.6878,-8.1105,0.0]],[[111.6968,-8.1811,0.0],[111.6971,-8.1812,0.0],[111.7,-8.1773,0.0],[111.6968,-8.1811,0.0]],[[111.7056,-8.1745,0.0],[111.7068,-8.1739,0.0],[111.7072,-8.17,0.0],[111.7056,-8.1745,0.0]],[[111.7811,-8.1189,0.0],[111.782,-8.1214,0.0],[111.782,-8.1192,0.0],[111.7811,-8.1189,0.0]],[[111.7849,-8.1113,0.0],[111.7847,-8.1112,0.0],[111.7811,-8.1189,0.0],[111.7849,-8.1113,0.0]],[[111.7757,-8.093,0.0],[111.7761,-8.0934,0.0],[111.7763,-8.0893,0.0],[111.7757,-8.093,0.0]],[[111.7233,-8.0858,0.0],[111.7235,-8.0853,0.0],[111.7233,-8.0852,0.0],[111.7233,-8.0858,0.0]],[[111.7471,-8.0405,0.0],[111.7519,-8.0391,0.0],[111.7519,-8.0388,0.0],[111.7471,-8.0405,0.0]]],[[[111.5133,-8.3689,0.0],[111.5149,-8.3697,0.0],[111.5114,-8.3715,0.0],[111.5133,-8.3689,0.0]]],[[[111.4872,-8.3647,0.0],[111.4871,-8.3647,0.0],[111.4872,-8.3642,0.0],[111.4872,-8.3647,0.0]]],[[[111.4847,-8.3579,0.0],[111.4877,-8.3633,0.0],[111.4864,-8.3646,0.0],[111.4847,-8.3579,0.0]]],[[[111.5686,-8.3388,0.0],[111.5684,-8.3386,0.0],[111.5684,-8.3385,0.0],[111.5686,-8.3388,0.0]]],[[[111.5625,-8.3385,0.0],[111.5635,-8.3382,0.0],[111.5634,-8.3383,0.0],[111.5625,-8.3385,0.0]]],[[[111.5678,-8.3382,0.0],[111.5682,-8.3381,0.0],[111.5678,-8.3385,0.0],[111.5678,-8.3382,0.0]]],[[[111.5695,-8.338,0.0],[111.5689,-8.3382,0.0],[111.5689,-8.3381,0.0],[111.5695,-8.338,0.0]]],[[[111.5684,-8.3375,0.0],[111.5684,-8.3375,0.0],[111.5683,-8.3376,0.0],[111.5684,-8.3375,0.0]]],[[[111.5694,-8.3375,0.0],[111.5691,-8.3375,0.0],[111.5692,-8.3373,0.0],[111.5694,-8.3375,0.0]]],[[[111.5633,-8.3373,0.0],[111.5632,-8.3371,0.0],[111.5634,-8.337,0.0],[111.5633,-8.3373,0.0]]],[[[111.5695,-8.3368,0.0],[111.5691,-8.3369,0.0],[111.5691,-8.3368,0.0],[111.5695,-8.3368,0.0]]],[[[111.5678,-8.3364,0.0],[111.5673,-8.3358,0.0],[111.5701,-8.3349,0.0],[111.5678,-8.3364,0.0]]],[[[111.5165,-8.3354,0.0],[111.5166,-8.3356,0.0],[111.5164,-8.3356,0.0],[111.5165,-8.3354,0.0]]],[[[111.5169,-8.3348,0.0],[111.5167,-8.3349,0.0],[111.5167,-8.3346,0.0],[111.5169,-8.3348,0.0]]],[[[111.5695,-8.3347,0.0],[111.5693,-8.3347,0.0],[111.5695,-8.3345,0.0],[111.5695,-8.3347,0.0]]],[[[111.5354,-8.3325,0.0],[111.5354,-8.3329,0.0],[111.5352,-8.3327,0.0],[111.5354,-8.3325,0.0]]],[[[111.5092,-8.3269,0.0],[111.5089,-8.3272,0.0],[111.5089,-8.3272,0.0],[111.5092,-8.3269,0.0]]],[[[111.5079,-8.3268,0.0],[111.5078,-8.3268,0.0],[111.5077,-8.3267,0.0],[111.5079,-8.3268,0.0]]],[[[111.5375,-8.3246,0.0],[111.538,-8.3249,0.0],[111.5377,-8.3252,0.0],[111.5375,-8.3246,0.0]]],[[[111.4881,-8.3177,0.0],[111.4882,-8.318,0.0],[111.488,-8.318,0.0],[111.4881,-8.3177,0.0]]],[[[111.5371,-8.317,0.0],[111.5366,-8.3169,0.0],[111.5366,-8.3168,0.0],[111.5371,-8.317,0.0]]],[[[111.5457,-8.3144,0.0],[111.5455,-8.3141,0.0],[111.5462,-8.3141,0.0],[111.5457,-8.3144,0.0]]],[[[111.5388,-8.3141,0.0],[111.5388,-8.3143,0.0],[111.5386,-8.3143,0.0],[111.5388,-8.3141,0.0]]],[[[111.546,-8.3138,0.0],[111.5455,-8.3138,0.0],[111.5456,-8.3137,0.0],[111.546,-8.3138,0.0]]],[[[111.5436,-8.3134,0.0],[111.5439,-8.3135,0.0],[111.5435,-8.3136,0.0],[111.5436,-8.3134,0.0]]],[[[111.6506,-8.3842,0.0],[111.65,-8.3763,0.0],[111.652,-8.3823,0.0],[111.6506,-8.3842,0.0]]],[[[111.6513,-8.3765,0.0],[111.6515,-8.3764,0.0],[111.6516,-8.3779,0.0],[111.6513,-8.3765,0.0]]],[[[111.6548,-8.3661,0.0],[111.6549,-8.3664,0.0],[111.6546,-8.3664,0.0],[111.6548,-8.3661,0.0]]],[[[111.6587,-8.3575,0.0],[111.6586,-8.3576,0.0],[111.6585,-8.3573,0.0],[111.6587,-8.3575,0.0]]],[[[111.6303,-8.3564,0.0],[111.6305,-8.3565,0.0],[111.6304,-8.3566,0.0],[111.6303,-8.3564,0.0]]],[[[111.6259,-8.3554,0.0],[111.6255,-8.3573,0.0],[111.6245,-8.3565,0.0],[111.6259,-8.3554,0.0]]],[[[111.6302,-8.3561,0.0],[111.63,-8.3561,0.0],[111.6303,-8.3557,0.0],[111.6302,-8.3561,0.0]]],[[[111.6284,-8.355,0.0],[111.6283,-8.3551,0.0],[111.6283,-8.3549,0.0],[111.6284,-8.355,0.0]]],[[[111.6308,-8.355,0.0],[111.6299,-8.3552,0.0],[111.6313,-8.3545,0.0],[111.6308,-8.355,0.0]]],[[[111.6274,-8.3543,0.0],[111.6275,-8.3549,0.0],[111.6273,-8.3546,0.0],[111.6274,-8.3543,0.0]]],[[[111.6267,-8.3544,0.0],[111.6267,-8.3542,0.0],[111.6268,-8.3542,0.0],[111.6267,-8.3544,0.0]]],[[[111.6242,-8.3492,0.0],[111.6239,-8.3492,0.0],[111.6239,-8.349,0.0],[111.6242,-8.3492,0.0]]],[[[111.6242,-8.3487,0.0],[111.6242,-8.3488,0.0],[111.624,-8.3488,0.0],[111.6242,-8.3487,0.0]]],[[[111.6308,-8.3365,0.0],[111.6307,-8.3364,0.0],[111.6309,-8.3363,0.0],[111.6308,-8.3365,0.0]]],[[[111.5702,-8.3365,0.0],[111.5698,-8.3364,0.0],[111.5698,-8.3363,0.0],[111.5702,-8.3365,0.0]]],[[[111.5699,-8.3358,0.0],[111.5704,-8.3355,0.0],[111.5702,-8.336,0.0],[111.5699,-8.3358,0.0]]],[[[111.5707,-8.3344,0.0],[111.5705,-8.3343,0.0],[111.5706,-8.3343,0.0],[111.5707,-8.3344,0.0]]],[[[111.5722,-8.3342,0.0],[111.572,-8.3345,0.0],[111.5719,-8.3341,0.0],[111.5722,-8.3342,0.0]]],[[[111.5741,-8.3335,0.0],[111.5745,-8.3338,0.0],[111.5744,-8.3339,0.0],[111.5741,-8.3335,0.0]]],[[[111.5904,-8.3321,0.0],[111.5905,-8.3323,0.0],[111.5899,-8.3323,0.0],[111.5904,-8.3321,0.0]]],[[[111.576,-8.3304,0.0],[111.5759,-8.3305,0.0],[111.5758,-8.3304,0.0],[111.576,-8.3304,0.0]]],[[[111.6018,-8.3283,0.0],[111.602,-8.3284,0.0],[111.6016,-8.3287,0.0],[111.6018,-8.3283,0.0]]],[[[111.5903,-8.326,0.0],[111.5902,-8.3262,0.0],[111.5902,-8.326,0.0],[111.5903,-8.326,0.0]]],[[[111.7088,-8.4066,0.0],[111.7088,-8.4066,0.0],[111.7087,-8.4066,0.0],[111.7088,-8.4066,0.0]]],[[[111.7075,-8.4,0.0],[111.7077,-8.3998,0.0],[111.7076,-8.4001,0.0],[111.7075,-8.4,0.0]]],[[[111.7068,-8.3984,0.0],[111.7067,-8.398,0.0],[111.7071,-8.3982,0.0],[111.7068,-8.3984,0.0]]],[[[111.7488,-8.3881,0.0],[111.7484,-8.3883,0.0],[111.7485,-8.3881,0.0],[111.7488,-8.3881,0.0]]],[[[111.6685,-8.3773,0.0],[111.6685,-8.3779,0.0],[111.6682,-8.3777,0.0],[111.6685,-8.3773,0.0]]],[[[111.7137,-8.3729,0.0],[111.714,-8.3724,0.0],[111.7147,-8.3737,0.0],[111.7137,-8.3729,0.0]]],[[[111.7266,-8.3708,0.0],[111.7254,-8.3714,0.0],[111.725,-8.37,0.0],[111.7266,-8.3708,0.0]]],[[[111.6699,-8.3698,0.0],[111.6698,-8.3697,0.0],[111.6699,-8.3696,0.0],[111.6699,-8.3698,0.0]]],[[[111.6719,-8.3695,0.0],[111.6717,-8.3695,0.0],[111.6717,-8.3693,0.0],[111.6719,-8.3695,0.0]]],[[[111.6694,-8.3693,0.0],[111.6692,-8.3693,0.0],[111.6693,-8.3687,0.0],[111.6694,-8.3693,0.0]]],[[[111.6682,-8.3601,0.0],[111.668,-8.3602,0.0],[111.668,-8.3599,0.0],[111.6682,-8.3601,0.0]]],[[[111.6589,-8.3576,0.0],[111.6591,-8.3574,0.0],[111.6591,-8.3577,0.0],[111.6589,-8.3576,0.0]]],[[[111.749,-8.3438,0.0],[111.7489,-8.3445,0.0],[111.7477,-8.3453,0.0],[111.749,-8.3438,0.0]]],[[[111.7537,-8.3401,0.0],[111.7536,-8.3402,0.0],[111.7535,-8.3401,0.0],[111.7537,-8.3401,0.0]]],[[[111.7586,-8.3373,0.0],[111.7585,-8.3378,0.0],[111.7582,-8.3377,0.0],[111.7586,-8.3373,0.0]]],[[[111.7384,-8.3229,0.0],[111.7386,-8.3235,0.0],[111.7384,-8.3236,0.0],[111.7384,-8.3229,0.0]]],[[[111.7441,-8.3084,0.0],[111.744,-8.3087,0.0],[111.7437,-8.3082,0.0],[111.7441,-8.3084,0.0]]],[[[111.731,-8.2978,0.0],[111.7321,-8.2972,0.0],[111.7311,-8.2993,0.0],[111.731,-8.2978,0.0]]]]}},{"type":"Feature","properties":{"kab_kota":"Sidoarjo","kode":"kab-sidoarjo"},"geometry":{"type":"Polygon","coordinates":[[[112.6308,-7.5331,0.0],[112.603,-7.5016,0.0],[112.5844,-7.4935,0.0],[112.5643,-7.4764,0.0],[112.4881,-7.4597,0.0],[112.4686,-7.4453,0.0],[112.4567,-7.447,0.0],[112.4598,-7.4363,0.0],[112.4733,-7.4292,0.0],[112.4835,-7.417,0.0],[112.4842,-7.4098,0.0],[112.507,-7.4067,0.0],[112.5251,-7.3972,0.0],[112.5292,-7.4037,0.0],[112.5339,-7.4008,0.0],[112.544,-7.4047,0.0],[112.5659,-7.398,0.0],[112.568,-7.3879,0.0],[112.5718,-7.392,0.0],[112.584,-7.383,0.0],[112.5885,-7.3703,0.0],[112.6534,-7.3622,0.0],[112.6624,-7.3516,0.0],[112.6786,-7.3504,0.0],[112.7043,-7.3365,0.0],[112.716,-7.34,0.0],[112.7125,-7.3508,0.0],[112.7156,-7.3418,0.0],[112.7332,-7.3481,0.0],[112.743,-7.3408,0.0],[112.7535,-7.3422,0.0],[112.7554,-7.3367,0.0],[112.7774,-7.3401,0.0],[112.7796,-7.3448,0.0],[112.8125,-7.3464,0.0],[112.8274,-7.3439,0.0],[112.8334,-7.3323,0.0],[112.8411,-7.3309,0.0],[112.8315,-7.4049,0.0],[112.8369,-7.4093,0.0],[112.8342,-7.4259,0.0],[112.8415,-7.4773,0.0],[112.8356,-7.485,0.0],[112.8282,-7.4736,0.0],[112.8187,-7.4721,0.0],[112.8128,-7.4784,0.0],[112.8182,-7.4805,0.0],[112.8207,-7.4971,0.0],[112.8235,-7.4934,0.0],[112.8365,-7.5106,0.0],[112.8615,-7.5213,0.0],[112.858,-7.5252,0.0],[112.8627,-7.5237,0.0],[112.8612,-7.527,0.0],[112.87,-7.5326,0.0],[112.8731,-7.5379,0.0],[112.8661,-7.5405,0.0],[112.8696,-7.5428,0.0],[112.8676,-7.5527,0.0],[112.8778,-7.5636,0.0],[112.8686,-7.5626,0.0],[112.8696,-7.5716,0.0],[112.8451,-7.5774,0.0],[112.832,-7.5524,0.0],[112.8167,-7.5589,0.0],[112.8068,-7.555,0.0],[112.8014,-7.562,0.0],[112.7985,-7.5583,0.0],[112.7905,-7.5644,0.0],[112.7832,-7.5631,0.0],[112.77,-7.5714,0.0],[112.7709,-7.5748,0.0],[112.7408,-7.5732,0.0],[112.7244,-7.5693,0.0],[112.706,-7.5452,0.0],[112.691,-7.5463,0.0],[112.6892,-7.5517,0.0],[112.684,-7.5466,0.0],[112.6743,-7.5502,0.0],[112.6702,-7.5625,0.0],[112.6631,-7.5602,0.0],[112.6663,-7.5531,0.0],[112.6658,-7.5525,0.0],[112.6613,-7.5557,0.0],[112.6471,-7.5384,0.0],[112.6308,-7.5331,0.0]],[[112.7138,-7.3649,0.0],[112.7136,-7.3643,0.0],[112.7117,-7.364,0.0],[112.7138,-7.3649,0.0]],[[112.716,-7.3659,0.0],[112.716,-7.3658,0.0],[112.7159,-7.3658,0.0],[112.716,-7.3659,0.0]],[[112.7161,-7.3669,0.0],[112.7255,-7.3703,0.0],[112.7257,-7.3699,0.0],[112.7161,-7.3669,0.0]],[[112.7192,-7.3823,0.0],[112.7193,-7.3823,0.0],[112.7199,-7.3794,0.0],[112.7192,-7.3823,0.0]],[[112.705,-7.3866,0.0],[112.7036,-7.3929,0.0],[112.7056,-7.3843,0.0],[112.705,-7.3866,0.0]],[[112.7057,-7.4074,0.0],[112.7057,-7.4074,0.0],[112.7001,-7.4052,0.0],[112.7057,-7.4074,0.0]],[[112.7047,-7.413,0.0],[112.7055,-7.4105,0.0],[112.7056,-7.4081,0.0],[112.7047,-7.413,0.0]],[[112.6923,-7.4283,0.0],[112.6872,-7.4273,0.0],[112.6922,-7.4303,0.0],[112.6934,-7.4232,0.0],[112.6923,-7.4283,0.0]],[[112.6815,-7.4214,0.0],[112.6814,-7.4214,0.0],[112.6862,-7.4233,0.0],[112.6815,-7.4214,0.0]],[[112.6792,-7.4224,0.0],[112.6793,-7.4225,0.0],[112.6797,-7.4222,0.0],[112.6792,-7.4224,0.0]],[[112.6715,-7.426,0.0],[112.6754,-7.4272,0.0],[112.6754,-7.4271,0.0],[112.6715,-7.426,0.0]],[[112.6638,-7.4234,0.0],[112.6634,-7.425,0.0],[112.6644,-7.4223,0.0],[112.6638,-7.4234,0.0]],[[112.6657,-7.4273,0.0],[112.6657,-7.4272,0.0],[112.6634,-7.425,0.0],[112.6657,-7.4273,0.0]],[[112.6639,-7.4351,0.0],[112.6655,-7.4314,0.0],[112.6656,-7.4275,0.0],[112.6639,-7.4351,0.0]],[[112.6606,-7.4553,0.0],[112.6606,-7.4553,0.0],[112.6623,-7.4503,0.0],[112.6606,-7.4553,0.0]],[[112.6603,-7.4597,0.0],[112.661,-7.4555,0.0],[112.661,-7.4555,0.0],[112.6603,-7.4597,0.0]],[[112.679,-7.4756,0.0],[112.6786,-7.4741,0.0],[112.6786,-7.4741,0.0],[112.679,-7.4756,0.0]],[[112.6827,-7.485,0.0],[112.6842,-7.4831,0.0],[112.684,-7.4829,0.0],[112.6827,-7.485,0.0]],[[112.6722,-7.4804,0.0],[112.6819,-7.486,0.0],[112.682,-7.486,0.0],[112.6722,-7.4804,0.0]],[[112.6629,-7.4785,0.0],[112.6613,-7.4838,0.0],[112.6629,-7.4786,0.0],[112.6629,-7.4785,0.0]],[[112.6688,-7.5002,0.0],[112.669,-7.5012,0.0],[112.6697,-7.4979,0.0],[112.6688,-7.5002,0.0]],[[112.67,-7.508,0.0],[112.6707,-7.5087,0.0],[112.6698,-7.5062,0.0],[112.67,-7.508,0.0]],[[112.5041,-7.4337,0.0],[112.5026,-7.4326,0.0],[112.5025,-7.4335,0.0],[112.5041,-7.4337,0.0]],[[112.5125,-7.4256,0.0],[112.5113,-7.4261,0.0],[112.5154,-7.4254,0.0],[112.5125,-7.4256,0.0]],[[112.5226,-7.425,0.0],[112.5216,-7.425,0.0],[112.524,-7.4261,0.0],[112.5226,-7.425,0.0]],[[112.5582,-7.435,0.0],[112.557,-7.4374,0.0],[112.5549,-7.4442,0.0],[112.5582,-7.435,0.0]],[[112.5647,-7.4371,0.0],[112.5593,-7.435,0.0],[112.5582,-7.435,0.0],[112.5647,-7.4371,0.0]],[[112.5706,-7.4308,0.0],[112.5714,-7.4285,0.0],[112.5686,-7.4299,0.0],[112.5706,-7.4308,0.0]],[[112.5758,-7.4333,0.0],[112.5706,-7.4327,0.0],[112.5706,-7.433,0.0],[112.5758,-7.4333,0.0]],[[112.582,-7.4332,0.0],[112.5804,-7.4333,0.0],[112.5829,-7.4338,0.0],[112.582,-7.4332,0.0]],[[112.5878,-7.4381,0.0],[112.5877,-7.438,0.0],[112.5852,-7.4377,0.0],[112.5878,-7.4381,0.0]],[[112.6117,-7.4494,0.0],[112.6122,-7.449,0.0],[112.6045,-7.4495,0.0],[112.6117,-7.4494,0.0]],[[112.6216,-7.445,0.0],[112.616,-7.4487,0.0],[112.6216,-7.445,0.0],[112.6216,-7.445,0.0]],[[112.6076,-7.4774,0.0],[112.6099,-7.479,0.0],[112.6078,-7.4772,0.0],[112.6076,-7.4774,0.0]],[[112.6136,-7.4778,0.0],[112.613,-7.4809,0.0],[112.6145,-7.4758,0.0],[112.6145,-7.4724,0.0],[112.6099,-7.479,0.0],[112.6136,-7.4778,0.0]],[[112.6145,-7.469,0.0],[112.6145,-7.4682,0.0],[112.6141,-7.4689,0.0],[112.6145,-7.469,0.0]],[[112.6152,-7.467,0.0],[112.6155,-7.4668,0.0],[112.6154,-7.4668,0.0],[112.6152,-7.467,0.0]],[[112.6207,-7.466,0.0],[112.6214,-7.4623,0.0],[112.6204,-7.4646,0.0],[112.6207,-7.466,0.0]],[[112.616,-7.4539,0.0],[112.6136,-7.4508,0.0],[112.6129,-7.4507,0.0],[112.616,-7.4539,0.0]],[[112.6624,-7.5064,0.0],[112.6617,-7.5063,0.0],[112.6605,-7.5089,0.0],[112.6624,-7.5064,0.0]],[[112.5548,-7.4446,0.0],[112.5547,-7.4449,0.0],[112.5596,-7.4467,0.0],[112.5548,-7.4446,0.0]],[[112.5907,-7.4277,0.0],[112.591,-7.4266,0.0],[112.591,-7.4266,0.0],[112.5907,-7.4277,0.0]],[[112.5945,-7.4265,0.0],[112.5947,-7.4249,0.0],[112.5947,-7.4249,0.0],[112.5945,-7.4265,0.0]],[[112.6246,-7.4036,0.0],[112.6253,-7.4021,0.0],[112.6256,-7.3942,0.0],[112.6246,-7.4036,0.0]],[[112.6257,-7.4021,0.0],[112.628,-7.4025,0.0],[112.6282,-7.4017,0.0],[112.6257,-7.4021,0.0]],[[112.5644,-7.404,0.0],[112.5576,-7.4046,0.0],[112.5641,-7.4043,0.0],[112.5644,-7.404,0.0]],[[112.5588,-7.4107,0.0],[112.5589,-7.4108,0.0],[112.56,-7.4098,0.0],[112.5588,-7.4107,0.0]],[[112.5714,-7.4222,0.0],[112.5714,-7.4284,0.0],[112.5714,-7.4284,0.0],[112.5714,-7.4222,0.0]],[[112.6324,-7.3902,0.0],[112.6322,-7.391,0.0],[112.633,-7.3896,0.0],[112.6324,-7.3902,0.0]],[[112.6506,-7.3808,0.0],[112.6503,-7.3812,0.0],[112.6543,-7.3816,0.0],[112.6506,-7.3808,0.0]],[[112.7037,-7.3668,0.0],[112.7036,-7.3669,0.0],[112.7041,-7.367,0.0],[112.7037,-7.3668,0.0]],[[112.7058,-7.3679,0.0],[112.7052,-7.3676,0.0],[112.704,-7.3795,0.0],[112.7058,-7.3679,0.0]],[[112.7721,-7.4918,0.0],[112.7705,-7.4895,0.0],[112.772,-7.4918,0.0],[112.7721,-7.4918,0.0]],[[112.7725,-7.4862,0.0],[112.774,-7.4909,0.0],[112.7728,-7.4858,0.0],[112.7725,-7.4862,0.0]],[[112.7738,-7.4845,0.0],[112.7733,-7.4851,0.0],[112.7754,-7.4844,0.0],[112.7738,-7.4845,0.0]],[[112.7963,-7.521,0.0],[112.792,-7.5179,0.0],[112.7918,-7.518,0.0],[112.7963,-7.521,0.0]],[[112.801,-7.5199,0.0],[112.8005,-7.5198,0.0],[112.7963,-7.521,0.0],[112.801,-7.5199,0.0]],[[112.8079,-7.5215,0.0],[112.8026,-7.5203,0.0],[112.8084,-7.5222,0.0],[112.8079,-7.5215,0.0]],[[112.8085,-7.5223,0.0],[112.8084,-7.5222,0.0],[112.8064,-7.522,0.0],[112.8085,-7.5223,0.0]],[[112.8109,-7.5256,0.0],[112.8101,-7.5245,0.0],[112.8108,-7.5256,0.0],[112.8109,-7.5256,0.0]],[[112.8136,-7.5254,0.0],[112.8116,-7.5256,0.0],[112.8135,-7.5256,0.0],[112.8136,-7.5254,0.0]],[[112.8202,-7.5187,0.0],[112.8147,-7.5219,0.0],[112.8198,-7.5194,0.0],[112.8202,-7.5187,0.0]],[[112.8238,-7.5099,0.0],[112.8214,-7.5164,0.0],[112.8224,-7.5144,0.0],[112.8238,-7.5099,0.0]],[[112.8205,-7.4978,0.0],[112.8238,-7.5017,0.0],[112.8206,-7.4974,0.0],[112.8205,-7.4978,0.0]],[[112.7206,-7.5231,0.0],[112.722,-7.5186,0.0],[112.7219,-7.5186,0.0],[112.7206,-7.5231,0.0]],[[112.7225,-7.5188,0.0],[112.7257,-7.5205,0.0],[112.7362,-7.5227,0.0],[112.7225,-7.5188,0.0]],[[112.7778,-7.5144,0.0],[112.7787,-7.5145,0.0],[112.779,-7.5139,0.0],[112.7778,-7.5144,0.0]],[[112.7801,-7.5116,0.0],[112.7803,-7.5113,0.0],[112.7802,-7.511,0.0],[112.7801,-7.5116,0.0]],[[112.7871,-7.5148,0.0],[112.7864,-7.5176,0.0],[112.7864,-7.5176,0.0],[112.7871,-7.5148,0.0]],[[112.7867,-7.5179,0.0],[112.7879,-7.5188,0.0],[112.7882,-7.5187,0.0],[112.7867,-7.5179,0.0]],[[112.8015,-7.5215,0.0],[112.8012,-7.5215,0.0],[112.7959,-7.5247,0.0],[112.8015,-7.5215,0.0]],[[112.6911,-7.4896,0.0],[112.6912,-7.4896,0.0],[112.6913,-7.4876,0.0],[112.6911,-7.4896,0.0]],[[112.695,-7.4922,0.0],[112.698,-7.4926,0.0],[112.6948,-7.4912,0.0],[112.695,-7.4922,0.0]],[[112.7026,-7.4958,0.0],[112.7187,-7.5017,0.0],[112.6999,-7.4934,0.0],[112.7026,-7.4958,0.0]],[[112.7786,-7.5043,0.0],[112.7787,-7.508,0.0],[112.7797,-7.5088,0.0],[112.7786,-7.5043,0.0]],[[112.7176,-7.413,0.0],[112.7198,-7.4133,0.0],[112.7179,-7.4125,0.0],[112.7176,-7.413,0.0]],[[112.7358,-7.4103,0.0],[112.7371,-7.4107,0.0],[112.7376,-7.4099,0.0],[112.7358,-7.4103,0.0]],[[112.7408,-7.4092,0.0],[112.7408,-7.4092,0.0],[112.7408,-7.4092,0.0],[112.7408,-7.4092,0.0]],[[112.7489,-7.4129,0.0],[112.7509,-7.4057,0.0],[112.7508,-7.4057,0.0],[112.7489,-7.4129,0.0]],[[112.7538,-7.4062,0.0],[112.7531,-7.4061,0.0],[112.7575,-7.3929,0.0],[112.7538,-7.4062,0.0]],[[112.7528,-7.3917,0.0],[112.7528,-7.3918,0.0],[112.7575,-7.3929,0.0],[112.7528,-7.3917,0.0]],[[112.8024,-7.4454,0.0],[112.8087,-7.443,0.0],[112.8087,-7.4428,0.0],[112.8024,-7.4454,0.0]],[[112.7181,-7.4357,0.0],[112.717,-7.4353,0.0],[112.717,-7.4353,0.0],[112.7181,-7.4357,0.0]],[[112.7256,-7.4389,0.0],[112.7256,-7.4388,0.0],[112.7208,-7.4373,0.0],[112.7256,-7.4389,0.0]],[[112.7734,-7.4476,0.0],[112.7733,-7.4473,0.0],[112.7682,-7.4484,0.0],[112.7734,-7.4476,0.0]],[[112.7456,-7.3651,0.0],[112.745,-7.3717,0.0],[112.7461,-7.3647,0.0],[112.7392,-7.3637,0.0],[112.7456,-7.3651,0.0]],[[112.8104,-7.3661,0.0],[112.8154,-7.3637,0.0],[112.8102,-7.366,0.0],[112.8104,-7.3661,0.0]]]}},{"type":"Feature","properties":{"kab_kota":"Tuban","kode":"kab-tuban"},"geometry":{"type":"Polygon","coordinates":[[[111.814,-7.0863,0.0],[111.77,-7.0824,0.0],[111.7625,-7.0879,0.0],[111.7362,-7.0778,0.0],[111.7257,-7.0839,0.0],[111.7178,-7.0781,0.0],[111.7119,-7.081,0.0],[111.6941,-7.0686,0.0],[111.6938,-7.0541,0.0],[111.675,-7.0482,0.0],[111.6715,-7.0409,0.0],[111.6591,-7.039,0.0],[111.6519,-7.0005,0.0],[111.6237,-6.9894,0.0],[111.6228,-6.9801,0.0],[111.6147,-6.9711,0.0],[111.5673,-6.9523,0.0],[111.5772,-6.9175,0.0],[111.6023,-6.9117,0.0],[111.608,-6.9029,0.0],[111.6039,-6.8975,0.0],[111.6122,-6.8816,0.0],[111.614,-6.833,0.0],[111.6192,-6.8217,0.0],[111.6355,-6.8288,0.0],[111.6564,-6.8263,0.0],[111.6681,-6.8017,0.0],[111.6595,-6.7854,0.0],[111.6695,-6.7634,0.0],[111.6754,-6.7655,0.0],[111.6759,-6.7754,0.0],[111.6786,-6.7698,0.0],[111.6848,-6.7712,0.0],[111.6914,-6.7542,0.0],[111.7218,-6.7705,0.0],[111.7234,-6.7706,0.0],[111.7241,-6.7687,0.0],[111.7256,-6.7677,0.0],[111.7272,-6.7675,0.0],[111.7243,-6.7697,0.0],[111.761,-6.775,0.0],[111.7661,-6.7718,0.0],[111.8225,-6.7985,0.0],[111.8227,-6.8031,0.0],[111.8227,-6.7984,0.0],[111.8375,-6.801,0.0],[111.8797,-6.7954,0.0],[111.9609,-6.7605,0.0],[111.9801,-6.7732,0.0],[111.9874,-6.7965,0.0],[111.9947,-6.8037,0.0],[111.9996,-6.799,0.0],[111.9946,-6.8044,0.0],[111.9978,-6.8068,0.0],[112.0035,-6.7978,0.0],[111.998,-6.8074,0.0],[112.0069,-6.8187,0.0],[112.0105,-6.8345,0.0],[112.049,-6.8855,0.0],[112.0649,-6.8926,0.0],[112.0674,-6.8885,0.0],[112.0669,-6.893,0.0],[112.081,-6.897,0.0],[112.1054,-6.8949,0.0],[112.1234,-6.9026,0.0],[112.1427,-6.9011,0.0],[112.1425,-6.8968,0.0],[112.1436,-6.895,0.0],[112.1435,-6.9009,0.0],[112.1442,-6.8959,0.0],[112.1669,-6.8987,0.0],[112.1697,-6.8929,0.0],[112.1804,-6.9131,0.0],[112.1988,-6.9128,0.0],[112.203,-6.9183,0.0],[112.2024,-6.9448,0.0],[112.2059,-6.969,0.0],[112.213,-6.9791,0.0],[112.2096,-6.9797,0.0],[112.2098,-6.9967,0.0],[112.214,-6.9992,0.0],[112.2146,-7.0094,0.0],[112.2033,-7.0294,0.0],[112.2225,-7.0373,0.0],[112.2158,-7.0429,0.0],[112.2182,-7.0708,0.0],[112.1898,-7.0844,0.0],[112.1838,-7.0835,0.0],[112.1849,-7.0763,0.0],[112.1793,-7.0751,0.0],[112.1745,-7.0862,0.0],[112.1839,-7.0887,0.0],[112.176,-7.0993,0.0],[112.1644,-7.0994,0.0],[112.1593,-7.1104,0.0],[112.1462,-7.1067,0.0],[112.1512,-7.1008,0.0],[112.1443,-7.1063,0.0],[112.1306,-7.097,0.0],[112.1233,-7.1084,0.0],[112.1174,-7.0976,0.0],[112.1246,-7.0894,0.0],[112.0856,-7.0856,0.0],[112.0835,-7.0664,0.0],[112.0547,-7.0728,0.0],[112.0413,-7.0817,0.0],[112.0443,-7.0712,0.0],[112.0313,-7.0791,0.0],[112.0251,-7.0685,0.0],[112.0166,-7.0687,0.0],[112.0204,-7.0874,0.0],[112.0063,-7.0934,0.0],[112.0144,-7.1022,0.0],[112.0032,-7.1093,0.0],[112.0101,-7.1309,0.0],[111.999,-7.125,0.0],[111.9997,-7.1174,0.0],[111.9951,-7.1145,0.0],[111.9928,-7.1297,0.0],[111.9848,-7.1426,0.0],[111.9848,-7.1609,0.0],[111.9796,-7.1648,0.0],[111.98,-7.151,0.0],[111.9701,-7.1378,0.0],[111.9527,-7.1318,0.0],[111.9444,-7.152,0.0],[111.9326,-7.1599,0.0],[111.931,-7.1331,0.0],[111.8992,-7.1363,0.0],[111.9017,-7.1303,0.0],[111.8883,-7.1221,0.0],[111.8837,-7.1221,0.0],[111.8778,-7.1333,0.0],[111.8645,-7.1241,0.0],[111.8617,-7.1296,0.0],[111.8547,-7.1218,0.0],[111.8566,-7.1151,0.0],[111.8242,-7.1004,0.0],[111.814,-7.0863,0.0]],[[112.0475,-6.8837,0.0],[112.0475,-6.8842,0.0],[112.049,-6.8855,0.0],[112.0475,-6.8837,0.0]],[[111.6703,-6.8095,0.0],[111.6736,-6.8095,0.0],[111.6686,-6.8086,0.0],[111.6703,-6.8095,0.0]],[[111.6749,-6.8076,0.0],[111.6745,-6.8071,0.0],[111.6736,-6.8095,0.0],[111.6749,-6.8076,0.0]],[[111.6796,-6.8136,0.0],[111.6797,-6.8124,0.0],[111.6762,-6.8088,0.0],[111.6796,-6.8136,0.0]],[[111.68,-6.8141,0.0],[111.6804,-6.8141,0.0],[111.6799,-6.814,0.0],[111.68,-6.8141,0.0]],[[111.6874,-6.8144,0.0],[111.6868,-6.8136,0.0],[111.6841,-6.8143,0.0],[111.6874,-6.8144,0.0]],[[111.6891,-6.8179,0.0],[111.6883,-6.8154,0.0],[111.688,-6.815,0.0],[111.6891,-6.8179,0.0]],[[111.6992,-6.8477,0.0],[111.7002,-6.8482,0.0],[111.6973,-6.8455,0.0],[111.6992,-6.8477,0.0]],[[111.7105,-6.8507,0.0],[111.7123,-6.8498,0.0],[111.71,-6.8504,0.0],[111.7105,-6.8507,0.0]],[[111.7132,-6.8498,0.0],[111.7128,-6.8497,0.0],[111.7127,-6.8497,0.0],[111.7132,-6.8498,0.0]],[[111.7217,-6.8521,0.0],[111.7216,-6.8519,0.0],[111.7211,-6.8517,0.0],[111.7217,-6.8521,0.0]],[[111.739,-6.8666,0.0],[111.7398,-6.8669,0.0],[111.7348,-6.8639,0.0],[111.739,-6.8666,0.0]],[[111.7409,-6.8674,0.0],[111.7411,-6.8668,0.0],[111.7404,-6.8672,0.0],[111.7409,-6.8674,0.0]],[[111.7433,-6.8655,0.0],[111.7433,-6.8654,0.0],[111.7432,-6.8655,0.0],[111.7433,-6.8655,0.0]],[[111.7601,-6.858,0.0],[111.7622,-6.8549,0.0],[111.76,-6.858,0.0],[111.7601,-6.858,0.0]],[[111.8914,-6.8221,0.0],[111.9034,-6.8416,0.0],[111.9022,-6.8388,0.0],[111.8914,-6.8221,0.0]],[[111.9319,-6.9305,0.0],[111.9322,-6.9292,0.0],[111.9315,-6.926,0.0],[111.9319,-6.9305,0.0]],[[111.9292,-6.9255,0.0],[111.9315,-6.9325,0.0],[111.9318,-6.9313,0.0],[111.9292,-6.9255,0.0]],[[111.9384,-6.9359,0.0],[111.9406,-6.9364,0.0],[111.9315,-6.9325,0.0],[111.9384,-6.9359,0.0]],[[111.9439,-6.9371,0.0],[111.949,-6.9363,0.0],[111.9421,-6.9367,0.0],[111.9439,-6.9371,0.0]],[[111.9663,-6.9419,0.0],[111.9723,-6.9395,0.0],[111.9662,-6.9419,0.0],[111.9663,-6.9419,0.0]],[[111.9673,-6.951,0.0],[111.9673,-6.9508,0.0],[111.966,-6.9485,0.0],[111.9673,-6.951,0.0]],[[111.962,-6.9545,0.0],[111.9659,-6.9528,0.0],[111.9671,-6.9512,0.0],[111.962,-6.9545,0.0]],[[111.9574,-6.9598,0.0],[111.9574,-6.9606,0.0],[111.962,-6.9545,0.0],[111.9574,-6.9598,0.0]],[[111.9572,-6.9714,0.0],[111.9581,-6.966,0.0],[111.9574,-6.962,0.0],[111.9572,-6.9714,0.0]],[[111.9569,-6.9819,0.0],[111.957,-6.9818,0.0],[111.9569,-6.9818,0.0],[111.9569,-6.9819,0.0]],[[111.9294,-7.0298,0.0],[111.93,-7.0293,0.0],[111.9305,-7.0273,0.0],[111.9294,-7.0298,0.0]],[[111.922,-7.0347,0.0],[111.9179,-7.0365,0.0],[111.9251,-7.0338,0.0],[111.922,-7.0347,0.0]],[[111.9027,-7.042,0.0],[111.9022,-7.0422,0.0],[111.9101,-7.0418,0.0],[111.9027,-7.042,0.0]],[[111.8942,-7.0456,0.0],[111.8942,-7.0457,0.0],[111.8959,-7.0449,0.0],[111.8942,-7.0456,0.0]],[[111.904,-7.0937,0.0],[111.904,-7.0935,0.0],[111.904,-7.0934,0.0],[111.904,-7.0937,0.0]],[[111.9006,-7.1146,0.0],[111.9012,-7.1132,0.0],[111.9016,-7.1108,0.0],[111.9006,-7.1146,0.0]],[[111.897,-7.1153,0.0],[111.9002,-7.1155,0.0],[111.9003,-7.1152,0.0],[111.897,-7.1153,0.0]],[[111.6699,-7.0165,0.0],[111.6656,-7.0187,0.0],[111.6662,-7.0188,0.0],[111.6699,-7.0165,0.0]],[[111.6875,-7.0078,0.0],[111.6826,-7.0101,0.0],[111.6863,-7.0088,0.0],[111.6875,-7.0078,0.0]],[[111.7388,-6.9797,0.0],[111.7327,-6.9935,0.0],[111.7355,-6.9875,0.0],[111.7388,-6.9797,0.0]],[[111.7384,-6.9765,0.0],[111.7382,-6.9758,0.0],[111.7388,-6.9797,0.0],[111.7384,-6.9765,0.0]],[[111.7758,-7.0312,0.0],[111.7747,-7.0324,0.0],[111.7752,-7.0326,0.0],[111.7758,-7.0312,0.0]],[[111.7787,-7.0306,0.0],[111.7782,-7.0306,0.0],[111.7797,-7.034,0.0],[111.7787,-7.0306,0.0]],[[111.7842,-7.0355,0.0],[111.7836,-7.0353,0.0],[111.7835,-7.036,0.0],[111.7842,-7.0355,0.0]],[[111.7873,-7.03,0.0],[111.7852,-7.0347,0.0],[111.786,-7.034,0.0],[111.7873,-7.03,0.0]],[[111.7875,-7.0296,0.0],[111.7874,-7.0298,0.0],[111.7893,-7.0292,0.0],[111.7875,-7.0296,0.0]],[[111.8026,-7.022,0.0],[111.8024,-7.0222,0.0],[111.8031,-7.022,0.0],[111.8026,-7.022,0.0]],[[111.8075,-7.0221,0.0],[111.8069,-7.0221,0.0],[111.8097,-7.0235,0.0],[111.8075,-7.0221,0.0]],[[111.8219,-7.0297,0.0],[111.8208,-7.0292,0.0],[111.8217,-7.0297,0.0],[111.8219,-7.0297,0.0]],[[111.8284,-7.0209,0.0],[111.8313,-7.0235,0.0],[111.8328,-7.0244,0.0],[111.8284,-7.0209,0.0]],[[111.8452,-7.0274,0.0],[111.8377,-7.0272,0.0],[111.8391,-7.028,0.0],[111.8452,-7.0274,0.0]],[[111.8489,-7.027,0.0],[111.8624,-7.0185,0.0],[111.8481,-7.0271,0.0],[111.8489,-7.027,0.0]],[[111.8656,-7.0134,0.0],[111.8637,-7.0166,0.0],[111.8655,-7.014,0.0],[111.8656,-7.0134,0.0]],[[111.7844,-7.0791,0.0],[111.7847,-7.0767,0.0],[111.7843,-7.0791,0.0],[111.7844,-7.0791,0.0]],[[111.7858,-7.0759,0.0],[111.7848,-7.0761,0.0],[111.7848,-7.0762,0.0],[111.7858,-7.0759,0.0]],[[111.7888,-7.055,0.0],[111.7873,-7.0542,0.0],[111.7902,-7.0561,0.0],[111.7888,-7.055,0.0]],[[111.7627,-7.0162,0.0],[111.7625,-7.0164,0.0],[111.7627,-7.0166,0.0],[111.7627,-7.0162,0.0]],[[111.7624,-7.0165,0.0],[111.7624,-7.0165,0.0],[111.7624,-7.0165,0.0],[111.7624,-7.0165,0.0]],[[111.687,-6.9278,0.0],[111.6933,-6.9292,0.0],[111.6865,-6.9276,0.0],[111.687,-6.9278,0.0]],[[111.7125,-6.9283,0.0],[111.7133,-6.9282,0.0],[111.7171,-6.925,0.0],[111.7125,-6.9283,0.0]],[[111.7292,-6.9083,0.0],[111.7332,-6.9044,0.0],[111.7293,-6.9082,0.0],[111.7292,-6.9083,0.0]],[[111.7446,-6.8979,0.0],[111.7447,-6.8978,0.0],[111.7332,-6.9044,0.0],[111.7446,-6.8979,0.0]],[[111.7555,-6.904,0.0],[111.7597,-6.9066,0.0],[111.7596,-6.9064,0.0],[111.7555,-6.904,0.0]],[[111.7682,-6.9136,0.0],[111.7733,-6.9199,0.0],[111.7735,-6.9201,0.0],[111.7682,-6.9136,0.0]],[[111.7881,-6.9285,0.0],[111.7879,-6.9283,0.0],[111.7905,-6.9333,0.0],[111.7881,-6.9285,0.0]],[[111.796,-6.931,0.0],[111.7973,-6.9314,0.0],[111.7975,-6.9313,0.0],[111.796,-6.931,0.0]],[[111.8037,-6.9292,0.0],[111.8084,-6.9316,0.0],[111.804,-6.9291,0.0],[111.8037,-6.9292,0.0]],[[111.8505,-6.9452,0.0],[111.8512,-6.9454,0.0],[111.8565,-6.9443,0.0],[111.8505,-6.9452,0.0]],[[111.8609,-6.9363,0.0],[111.8644,-6.9378,0.0],[111.8611,-6.9362,0.0],[111.8609,-6.9363,0.0]],[[111.8785,-6.9383,0.0],[111.8787,-6.9384,0.0],[111.8813,-6.9373,0.0],[111.8785,-6.9383,0.0]],[[111.8893,-6.934,0.0],[111.8922,-6.9329,0.0],[111.896,-6.9298,0.0],[111.8893,-6.934,0.0]],[[111.8973,-6.9269,0.0],[111.8971,-6.9253,0.0],[111.896,-6.9298,0.0],[111.8973,-6.9269,0.0]],[[111.9087,-6.9158,0.0],[111.9114,-6.918,0.0],[111.9117,-6.918,0.0],[111.9087,-6.9158,0.0]],[[111.9159,-6.9172,0.0],[111.9174,-6.9187,0.0],[111.9166,-6.917,0.0],[111.9159,-6.9172,0.0]],[[111.7378,-6.9746,0.0],[111.7327,-6.9715,0.0],[111.7378,-6.9747,0.0],[111.7378,-6.9746,0.0]],[[111.8004,-6.9533,0.0],[111.798,-6.9412,0.0],[111.7977,-6.9408,0.0],[111.8004,-6.9533,0.0]],[[111.8059,-6.9677,0.0],[111.8062,-6.968,0.0],[111.8055,-6.9604,0.0],[111.8059,-6.9677,0.0]],[[111.81,-6.9975,0.0],[111.8118,-7.0,0.0],[111.8101,-6.9973,0.0],[111.81,-6.9975,0.0]],[[111.8235,-7.0162,0.0],[111.8245,-7.0171,0.0],[111.8207,-7.0123,0.0],[111.8235,-7.0162,0.0]],[[111.7631,-7.0176,0.0],[111.763,-7.0173,0.0],[111.7626,-7.0179,0.0],[111.7631,-7.0176,0.0]],[[111.6091,-6.8901,0.0],[111.6085,-6.8895,0.0],[111.6083,-6.89,0.0],[111.6091,-6.8901,0.0]],[[111.6117,-6.8903,0.0],[111.6118,-6.8902,0.0],[111.6103,-6.889,0.0],[111.6117,-6.8903,0.0]],[[111.6553,-6.9001,0.0],[111.6513,-6.8982,0.0],[111.6427,-6.8964,0.0],[111.6553,-6.9001,0.0]],[[111.6722,-6.9148,0.0],[111.6568,-6.9009,0.0],[111.6568,-6.9008,0.0],[111.6722,-6.9148,0.0]],[[111.68,-6.9245,0.0],[111.6819,-6.9254,0.0],[111.6788,-6.9233,0.0],[111.68,-6.9245,0.0]],[[111.8815,-6.827,0.0],[111.8781,-6.8275,0.0],[111.8749,-6.8296,0.0],[111.8815,-6.827,0.0]],[[111.7362,-6.8708,0.0],[111.7361,-6.8703,0.0],[111.7361,-6.8709,0.0],[111.7362,-6.8708,0.0]],[[111.7478,-6.8924,0.0],[111.7453,-6.875,0.0],[111.745,-6.8746,0.0],[111.7478,-6.8924,0.0]],[[111.7473,-6.8953,0.0],[111.7477,-6.8929,0.0],[111.7455,-6.897,0.0],[111.7473,-6.8953,0.0]],[[111.9809,-6.9366,0.0],[111.9749,-6.9415,0.0],[111.9749,-6.9416,0.0],[111.9809,-6.9366,0.0]],[[111.9991,-6.921,0.0],[111.9916,-6.9336,0.0],[111.9917,-6.9336,0.0],[111.9991,-6.921,0.0]],[[112.0009,-6.9152,0.0],[112.0005,-6.9144,0.0],[111.9991,-6.921,0.0],[112.0009,-6.9152,0.0]],[[112.0016,-6.909,0.0],[112.0013,-6.9106,0.0],[112.0019,-6.909,0.0],[112.0016,-6.909,0.0]],[[112.0043,-6.9093,0.0],[112.0063,-6.9047,0.0],[112.0026,-6.9091,0.0],[112.0043,-6.9093,0.0]],[[112.0744,-6.8984,0.0],[112.0735,-6.9011,0.0],[112.0744,-6.8984,0.0],[112.0744,-6.8984,0.0]],[[112.0792,-6.8969,0.0],[112.0794,-6.9011,0.0],[112.0812,-6.9061,0.0],[112.0792,-6.8969,0.0]],[[112.0886,-6.9137,0.0],[112.0818,-6.9081,0.0],[112.082,-6.9085,0.0],[112.0886,-6.9137,0.0]],[[112.0926,-6.9211,0.0],[112.0916,-6.9194,0.0],[112.0947,-6.9275,0.0],[112.0926,-6.9211,0.0]],[[112.1289,-6.9529,0.0],[112.1252,-6.9519,0.0],[112.1289,-6.9529,0.0],[112.1289,-6.9529,0.0]],[[112.1435,-6.9823,0.0],[112.1395,-6.9827,0.0],[112.1432,-6.9826,0.0],[112.1435,-6.9823,0.0]],[[111.9296,-7.0308,0.0],[111.9296,-7.0309,0.0],[111.9329,-7.0362,0.0],[111.9296,-7.0308,0.0]],[[111.9367,-7.0474,0.0],[111.9373,-7.0475,0.0],[111.9367,-7.0473,0.0],[111.9367,-7.0474,0.0]],[[111.9464,-7.0504,0.0],[111.9476,-7.0508,0.0],[111.9477,-7.0503,0.0],[111.9464,-7.0504,0.0]],[[111.9489,-7.0502,0.0],[111.9512,-7.0508,0.0],[111.9558,-7.0497,0.0],[111.9489,-7.0502,0.0]],[[111.9652,-7.0568,0.0],[111.9652,-7.0566,0.0],[111.9558,-7.0497,0.0],[111.9652,-7.0568,0.0]],[[111.9795,-7.0365,0.0],[111.9804,-7.0365,0.0],[111.9797,-7.0364,0.0],[111.9795,-7.0365,0.0]],[[111.9817,-7.0367,0.0],[111.9898,-7.041,0.0],[111.9833,-7.037,0.0],[111.9817,-7.0367,0.0]],[[111.9929,-7.0426,0.0],[111.9933,-7.0428,0.0],[111.9998,-7.0368,0.0],[111.9929,-7.0426,0.0]],[[112.052,-7.035,0.0],[112.0554,-7.0349,0.0],[112.0625,-7.0328,0.0],[112.052,-7.035,0.0]],[[112.0658,-7.0572,0.0],[112.069,-7.0576,0.0],[112.0688,-7.0575,0.0],[112.0658,-7.0572,0.0]],[[112.0637,-7.0324,0.0],[112.0626,-7.0276,0.0],[112.0635,-7.0325,0.0],[112.0637,-7.0324,0.0]],[[112.0565,-7.0181,0.0],[112.0568,-7.019,0.0],[112.0626,-7.0276,0.0],[112.0565,-7.0181,0.0]],[[112.0659,-7.0166,0.0],[112.056,-7.0169,0.0],[112.0561,-7.0172,0.0],[112.0659,-7.0166,0.0]],[[112.0794,-7.0264,0.0],[112.0798,-7.0255,0.0],[112.0792,-7.0262,0.0],[112.0794,-7.0264,0.0]],[[112.1133,-6.9831,0.0],[112.1148,-6.9836,0.0],[112.1378,-6.9827,0.0],[112.1133,-6.9831,0.0]],[[112.1179,-6.9878,0.0],[112.1194,-6.9906,0.0],[112.1203,-6.9915,0.0],[112.1179,-6.9878,0.0]],[[112.1437,-7.0162,0.0],[112.1388,-7.011,0.0],[112.1437,-7.0163,0.0],[112.1437,-7.0162,0.0]],[[112.1298,-7.0936,0.0],[112.1302,-7.0929,0.0],[112.1297,-7.0931,0.0],[112.1298,-7.0936,0.0]],[[111.9973,-6.9662,0.0],[111.9962,-6.9677,0.0],[111.9987,-6.9655,0.0],[111.9973,-6.9662,0.0]],[[112.0031,-6.9633,0.0],[112.0008,-6.9645,0.0],[112.0038,-6.9634,0.0],[112.0031,-6.9633,0.0]],[[112.0055,-6.9635,0.0],[112.0046,-6.9634,0.0],[112.0069,-6.9641,0.0],[112.0055,-6.9635,0.0]],[[112.0131,-6.9669,0.0],[112.0116,-6.9662,0.0],[112.0137,-6.9678,0.0],[112.0131,-6.9669,0.0]],[[112.032,-6.9859,0.0],[112.0276,-6.9852,0.0],[112.0288,-6.986,0.0],[112.032,-6.9859,0.0]],[[112.0373,-6.9855,0.0],[112.0357,-6.9859,0.0],[112.0367,-6.9859,0.0],[112.0373,-6.9855,0.0]],[[112.0521,-6.9828,0.0],[112.0448,-6.9831,0.0],[112.0596,-6.9838,0.0],[112.0521,-6.9828,0.0]],[[112.0407,-7.0198,0.0],[112.041,-7.0162,0.0],[112.0406,-7.0197,0.0],[112.0407,-7.0198,0.0]],[[112.0446,-7.0192,0.0],[112.042,-7.0198,0.0],[112.0539,-7.0204,0.0],[112.0446,-7.0192,0.0]],[[112.0223,-6.8748,0.0],[112.0235,-6.8751,0.0],[112.0189,-6.8736,0.0],[112.0223,-6.8748,0.0]],[[112.025,-6.8755,0.0],[112.0252,-6.8755,0.0],[112.0279,-6.874,0.0],[112.025,-6.8755,0.0]],[[111.9219,-6.8275,0.0],[111.9204,-6.8251,0.0],[111.9218,-6.8277,0.0],[111.9219,-6.8275,0.0]],[[111.9242,-6.8218,0.0],[111.9243,-6.8216,0.0],[111.9216,-6.8215,0.0],[111.9242,-6.8218,0.0]],[[111.9273,-6.8207,0.0],[111.93,-6.8179,0.0],[111.9272,-6.8207,0.0],[111.9273,-6.8207,0.0]],[[111.9354,-6.8164,0.0],[111.9354,-6.8164,0.0],[111.93,-6.8179,0.0],[111.9354,-6.8164,0.0]],[[111.996,-6.8547,0.0],[111.9938,-6.853,0.0],[111.9935,-6.853,0.0],[111.996,-6.8547,0.0]],[[111.8934,-6.797,0.0],[111.8935,-6.797,0.0],[111.8933,-6.7957,0.0],[111.8934,-6.797,0.0]]]}},{"type":"Feature","properties":{"kab_kota":"Magetan","kode":"kab-magetan"},"geometry":{"type":"Polygon","coordinates":[[[111.3276,-7.8004,0.0],[111.3147,-7.7922,0.0],[111.3077,-7.7977,0.0],[111.2902,-7.7941,0.0],[111.2821,-7.7849,0.0],[111.2824,-7.7671,0.0],[111.2891,-7.7548,0.0],[111.2935,-7.7572,0.0],[111.2907,-7.7549,0.0],[111.2831,-7.7542,0.0],[111.2889,-7.7415,0.0],[111.2713,-7.7378,0.0],[111.2565,-7.7461,0.0],[111.2428,-7.7407,0.0],[111.2365,-7.7503,0.0],[111.2253,-7.7442,0.0],[111.212,-7.7222,0.0],[111.1815,-7.7108,0.0],[111.1861,-7.6954,0.0],[111.1825,-7.6893,0.0],[111.1899,-7.675,0.0],[111.1956,-7.6732,0.0],[111.1862,-7.6647,0.0],[111.1859,-7.6534,0.0],[111.1891,-7.6265,0.0],[111.1928,-7.6202,0.0],[111.232,-7.6099,0.0],[111.249,-7.6003,0.0],[111.2911,-7.6037,0.0],[111.3015,-7.5868,0.0],[111.3149,-7.583,0.0],[111.3156,-7.5891,0.0],[111.3309,-7.585,0.0],[111.3302,-7.5818,0.0],[111.3544,-7.5704,0.0],[111.3695,-7.5738,0.0],[111.3743,-7.5607,0.0],[111.3677,-7.5564,0.0],[111.3836,-7.5371,0.0],[111.4005,-7.5412,0.0],[111.4159,-7.5332,0.0],[111.4205,-7.5364,0.0],[111.4315,-7.5311,0.0],[111.4392,-7.5174,0.0],[111.4602,-7.5176,0.0],[111.4618,-7.5093,0.0],[111.4787,-7.517,0.0],[111.5032,-7.516,0.0],[111.5118,-7.5236,0.0],[111.5079,-7.5474,0.0],[111.5145,-7.5514,0.0],[111.5042,-7.5527,0.0],[111.5004,-7.5675,0.0],[111.4881,-7.5652,0.0],[111.4828,-7.5702,0.0],[111.4843,-7.5748,0.0],[111.4792,-7.5754,0.0],[111.4754,-7.5862,0.0],[111.4745,-7.6086,0.0],[111.4517,-7.6202,0.0],[111.4507,-7.6279,0.0],[111.4601,-7.6263,0.0],[111.4661,-7.6354,0.0],[111.4631,-7.639,0.0],[111.4691,-7.6414,0.0],[111.4803,-7.64,0.0],[111.4794,-7.6334,0.0],[111.4869,-7.6323,0.0],[111.4814,-7.641,0.0],[111.4869,-7.6415,0.0],[111.4818,-7.6604,0.0],[111.4847,-7.6627,0.0],[111.4906,-7.6577,0.0],[111.5012,-7.6589,0.0],[111.5043,-7.6494,0.0],[111.5117,-7.6489,0.0],[111.5109,-7.6612,0.0],[111.4987,-7.6741,0.0],[111.4982,-7.6987,0.0],[111.4808,-7.7007,0.0],[111.4707,-7.7186,0.0],[111.4589,-7.7247,0.0],[111.4499,-7.7785,0.0],[111.4132,-7.7759,0.0],[111.3845,-7.7832,0.0],[111.342,-7.7837,0.0],[111.337,-7.7947,0.0],[111.3276,-7.8004,0.0]],[[111.1947,-7.6277,0.0],[111.1944,-7.6274,0.0],[111.189,-7.6284,0.0],[111.1947,-7.6277,0.0]],[[111.4016,-7.5423,0.0],[111.4069,-7.5438,0.0],[111.4011,-7.5418,0.0],[111.4016,-7.5423,0.0]],[[111.4004,-7.5611,0.0],[111.4004,-7.5611,0.0],[111.4029,-7.5556,0.0],[111.4004,-7.5611,0.0]],[[111.4177,-7.575,0.0],[111.413,-7.5727,0.0],[111.4119,-7.5729,0.0],[111.4177,-7.575,0.0]],[[111.4135,-7.5785,0.0],[111.4158,-7.5788,0.0],[111.4154,-7.5782,0.0],[111.4135,-7.5785,0.0]],[[111.4128,-7.5786,0.0],[111.4131,-7.5791,0.0],[111.4132,-7.5786,0.0],[111.4128,-7.5786,0.0]],[[111.4106,-7.5806,0.0],[111.4105,-7.5807,0.0],[111.4127,-7.5815,0.0],[111.4106,-7.5806,0.0]],[[111.4092,-7.5817,0.0],[111.4078,-7.5854,0.0],[111.4104,-7.5808,0.0],[111.4092,-7.5817,0.0]],[[111.404,-7.5858,0.0],[111.4041,-7.5861,0.0],[111.4057,-7.5858,0.0],[111.404,-7.5858,0.0]],[[111.4046,-7.5906,0.0],[111.4049,-7.5908,0.0],[111.4043,-7.5884,0.0],[111.4046,-7.5906,0.0]],[[111.405,-7.5954,0.0],[111.4054,-7.5936,0.0],[111.4052,-7.5924,0.0],[111.405,-7.5954,0.0]],[[111.404,-7.5978,0.0],[111.4026,-7.6056,0.0],[111.4044,-7.5978,0.0],[111.404,-7.5978,0.0]],[[111.4058,-7.6292,0.0],[111.4076,-7.6125,0.0],[111.4056,-7.6055,0.0],[111.4058,-7.6292,0.0]],[[111.3954,-7.662,0.0],[111.3984,-7.6627,0.0],[111.3985,-7.6626,0.0],[111.3954,-7.662,0.0]],[[111.39,-7.6621,0.0],[111.3906,-7.6627,0.0],[111.3919,-7.6621,0.0],[111.39,-7.6621,0.0]],[[111.3724,-7.6625,0.0],[111.3722,-7.667,0.0],[111.3725,-7.6625,0.0],[111.3724,-7.6625,0.0]],[[111.3887,-7.6734,0.0],[111.3884,-7.6729,0.0],[111.3867,-7.6724,0.0],[111.3887,-7.6734,0.0]],[[111.3888,-7.6766,0.0],[111.3898,-7.6754,0.0],[111.3892,-7.6743,0.0],[111.3888,-7.6766,0.0]],[[111.3852,-7.6768,0.0],[111.3879,-7.6778,0.0],[111.3882,-7.6774,0.0],[111.3852,-7.6768,0.0]],[[111.3848,-7.6767,0.0],[111.3832,-7.6829,0.0],[111.3848,-7.6767,0.0],[111.3848,-7.6767,0.0]],[[111.3714,-7.6866,0.0],[111.3704,-7.6873,0.0],[111.3754,-7.6862,0.0],[111.3714,-7.6866,0.0]],[[111.3667,-7.6902,0.0],[111.3667,-7.6903,0.0],[111.3676,-7.6895,0.0],[111.3667,-7.6902,0.0]],[[111.3743,-7.7022,0.0],[111.375,-7.7027,0.0],[111.3743,-7.7022,0.0],[111.3743,-7.7022,0.0]],[[111.3834,-7.7115,0.0],[111.3814,-7.7069,0.0],[111.3809,-7.7066,0.0],[111.3834,-7.7115,0.0]],[[111.3674,-7.7251,0.0],[111.3735,-7.7235,0.0],[111.3755,-7.7224,0.0],[111.3674,-7.7251,0.0]],[[111.3595,-7.7251,0.0],[111.3621,-7.7297,0.0],[111.3596,-7.7249,0.0],[111.3595,-7.7251,0.0]],[[111.2059,-7.6448,0.0],[111.2056,-7.6422,0.0],[111.2057,-7.6446,0.0],[111.2059,-7.6448,0.0]],[[111.2939,-7.6723,0.0],[111.2793,-7.6759,0.0],[111.2937,-7.6726,0.0],[111.2939,-7.6723,0.0]],[[111.2986,-7.6671,0.0],[111.2984,-7.6673,0.0],[111.2989,-7.6674,0.0],[111.2986,-7.6671,0.0]],[[111.3008,-7.6681,0.0],[111.2999,-7.6684,0.0],[111.2999,-7.6697,0.0],[111.3008,-7.6681,0.0]],[[111.302,-7.6671,0.0],[111.3014,-7.6676,0.0],[111.3027,-7.6672,0.0],[111.302,-7.6671,0.0]],[[111.3181,-7.6693,0.0],[111.3096,-7.6703,0.0],[111.3099,-7.6704,0.0],[111.3181,-7.6693,0.0]],[[111.3257,-7.6665,0.0],[111.325,-7.6674,0.0],[111.3257,-7.6665,0.0],[111.3257,-7.6665,0.0]],[[111.3267,-7.6629,0.0],[111.3266,-7.663,0.0],[111.3362,-7.6646,0.0],[111.3267,-7.6629,0.0]],[[111.353,-7.6612,0.0],[111.3481,-7.6605,0.0],[111.353,-7.6612,0.0],[111.353,-7.6612,0.0]],[[111.3694,-7.6637,0.0],[111.3708,-7.6625,0.0],[111.3691,-7.6636,0.0],[111.3694,-7.6637,0.0]],[[111.1952,-7.687,0.0],[111.1998,-7.692,0.0],[111.1964,-7.6874,0.0],[111.1952,-7.687,0.0]],[[111.2308,-7.7108,0.0],[111.2308,-7.7108,0.0],[111.2416,-7.7092,0.0],[111.2308,-7.7108,0.0]],[[111.2477,-7.7104,0.0],[111.2481,-7.7103,0.0],[111.2498,-7.7088,0.0],[111.2477,-7.7104,0.0]],[[111.2689,-7.6998,0.0],[111.2691,-7.6998,0.0],[111.2691,-7.6998,0.0],[111.2689,-7.6998,0.0]],[[111.2878,-7.6948,0.0],[111.2985,-7.6945,0.0],[111.2985,-7.6945,0.0],[111.2878,-7.6948,0.0]],[[111.2974,-7.7087,0.0],[111.2972,-7.7088,0.0],[111.2979,-7.7098,0.0],[111.2974,-7.7087,0.0]],[[111.2981,-7.7102,0.0],[111.2981,-7.7102,0.0],[111.3016,-7.7096,0.0],[111.2981,-7.7102,0.0]],[[111.3242,-7.7155,0.0],[111.3246,-7.7156,0.0],[111.3249,-7.7153,0.0],[111.3242,-7.7155,0.0]],[[111.3322,-7.7132,0.0],[111.3328,-7.7131,0.0],[111.3329,-7.713,0.0],[111.3322,-7.7132,0.0]],[[111.296,-7.7581,0.0],[111.2965,-7.7568,0.0],[111.2937,-7.7589,0.0],[111.296,-7.7581,0.0]],[[111.3004,-7.735,0.0],[111.3003,-7.7351,0.0],[111.3005,-7.7351,0.0],[111.3004,-7.735,0.0]],[[111.299,-7.7291,0.0],[111.2987,-7.7318,0.0],[111.2988,-7.7319,0.0],[111.299,-7.7291,0.0]],[[111.3035,-7.6914,0.0],[111.3033,-7.6912,0.0],[111.303,-7.6917,0.0],[111.3035,-7.6914,0.0]],[[111.3052,-7.6834,0.0],[111.3051,-7.6834,0.0],[111.3033,-7.6858,0.0],[111.3052,-7.6834,0.0]],[[111.2974,-7.6727,0.0],[111.2961,-7.6748,0.0],[111.2962,-7.676,0.0],[111.2974,-7.6727,0.0]],[[111.1995,-7.6282,0.0],[111.1945,-7.6274,0.0],[111.2055,-7.6305,0.0],[111.1995,-7.6282,0.0]],[[111.2818,-7.6332,0.0],[111.2809,-7.6319,0.0],[111.2808,-7.6319,0.0],[111.2818,-7.6332,0.0]],[[111.2809,-7.6319,0.0],[111.2847,-7.6341,0.0],[111.283,-7.6322,0.0],[111.2809,-7.6319,0.0]],[[111.2905,-7.6325,0.0],[111.2922,-7.6329,0.0],[111.2909,-7.6324,0.0],[111.2905,-7.6325,0.0]],[[111.2967,-7.6348,0.0],[111.297,-7.6354,0.0],[111.2971,-7.635,0.0],[111.2967,-7.6348,0.0]],[[111.2922,-7.6401,0.0],[111.2963,-7.6437,0.0],[111.2963,-7.6427,0.0],[111.2922,-7.6401,0.0]],[[111.2981,-7.6433,0.0],[111.2984,-7.6433,0.0],[111.2981,-7.6432,0.0],[111.2981,-7.6433,0.0]],[[111.3066,-7.6457,0.0],[111.3066,-7.6457,0.0],[111.3066,-7.6457,0.0],[111.3066,-7.6457,0.0]],[[111.3071,-7.6448,0.0],[111.3092,-7.645,0.0],[111.3073,-7.6446,0.0],[111.3071,-7.6448,0.0]],[[111.3205,-7.6285,0.0],[111.3278,-7.6269,0.0],[111.3206,-7.6284,0.0],[111.3205,-7.6285,0.0]],[[111.3331,-7.6287,0.0],[111.3322,-7.6277,0.0],[111.3278,-7.6269,0.0],[111.3331,-7.6287,0.0]],[[111.326,-7.6302,0.0],[111.3263,-7.6304,0.0],[111.3331,-7.6287,0.0],[111.326,-7.6302,0.0]],[[111.3266,-7.6307,0.0],[111.3274,-7.6314,0.0],[111.3383,-7.6346,0.0],[111.3266,-7.6307,0.0]],[[111.359,-7.6284,0.0],[111.3606,-7.6245,0.0],[111.3603,-7.6238,0.0],[111.359,-7.6284,0.0]],[[111.3556,-7.6226,0.0],[111.3593,-7.6217,0.0],[111.3623,-7.6207,0.0],[111.3556,-7.6226,0.0]],[[111.3647,-7.6261,0.0],[111.3632,-7.6216,0.0],[111.3623,-7.6207,0.0],[111.3647,-7.6261,0.0]],[[111.3037,-7.6511,0.0],[111.3048,-7.6507,0.0],[111.3057,-7.6481,0.0],[111.3037,-7.6511,0.0]],[[111.3038,-7.6533,0.0],[111.304,-7.6533,0.0],[111.3037,-7.6511,0.0],[111.3038,-7.6533,0.0]],[[111.3058,-7.6533,0.0],[111.3062,-7.6522,0.0],[111.3045,-7.6533,0.0],[111.3058,-7.6533,0.0]],[[111.3085,-7.653,0.0],[111.3086,-7.6526,0.0],[111.3062,-7.6522,0.0],[111.3085,-7.653,0.0]],[[111.3499,-7.6214,0.0],[111.3448,-7.6234,0.0],[111.3507,-7.6216,0.0],[111.3499,-7.6214,0.0]],[[111.344,-7.6168,0.0],[111.3369,-7.6184,0.0],[111.3335,-7.6203,0.0],[111.344,-7.6168,0.0]],[[111.3463,-7.6017,0.0],[111.3463,-7.6003,0.0],[111.3443,-7.6036,0.0],[111.3463,-7.6017,0.0]],[[111.3463,-7.5989,0.0],[111.3462,-7.5989,0.0],[111.3463,-7.5991,0.0],[111.3463,-7.5989,0.0]],[[111.3531,-7.5981,0.0],[111.3519,-7.5974,0.0],[111.3475,-7.5985,0.0],[111.3531,-7.5981,0.0]],[[111.364,-7.5957,0.0],[111.3639,-7.5952,0.0],[111.3615,-7.5937,0.0],[111.364,-7.5957,0.0]],[[111.3605,-7.6004,0.0],[111.364,-7.5968,0.0],[111.364,-7.5965,0.0],[111.3605,-7.6004,0.0]],[[111.3822,-7.606,0.0],[111.3881,-7.5986,0.0],[111.3818,-7.6063,0.0],[111.3822,-7.606,0.0]],[[111.3911,-7.5972,0.0],[111.3911,-7.5971,0.0],[111.3881,-7.5986,0.0],[111.3911,-7.5972,0.0]],[[111.3961,-7.5941,0.0],[111.3961,-7.594,0.0],[111.3915,-7.5951,0.0],[111.3961,-7.5941,0.0]],[[111.3979,-7.5914,0.0],[111.3964,-7.5913,0.0],[111.3964,-7.5915,0.0],[111.3979,-7.5914,0.0]],[[111.3987,-7.5914,0.0],[111.3991,-7.5905,0.0],[111.3986,-7.5914,0.0],[111.3987,-7.5914,0.0]],[[111.3992,-7.5902,0.0],[111.4003,-7.5911,0.0],[111.4007,-7.5905,0.0],[111.3992,-7.5902,0.0]],[[111.4009,-7.5916,0.0],[111.4024,-7.589,0.0],[111.4009,-7.5916,0.0],[111.4009,-7.5916,0.0]],[[111.3329,-7.5859,0.0],[111.3324,-7.5856,0.0],[111.3328,-7.5864,0.0],[111.3329,-7.5859,0.0]],[[111.3324,-7.5904,0.0],[111.3316,-7.5899,0.0],[111.3315,-7.5902,0.0],[111.3324,-7.5904,0.0]],[[111.3433,-7.5868,0.0],[111.3421,-7.5881,0.0],[111.3431,-7.5876,0.0],[111.3433,-7.5868,0.0]],[[111.423,-7.6684,0.0],[111.4292,-7.6707,0.0],[111.423,-7.6681,0.0],[111.423,-7.6684,0.0]],[[111.4313,-7.675,0.0],[111.4314,-7.6748,0.0],[111.4292,-7.6707,0.0],[111.4313,-7.675,0.0]],[[111.4485,-7.6712,0.0],[111.4461,-7.673,0.0],[111.4472,-7.6727,0.0],[111.4485,-7.6712,0.0]],[[111.4811,-7.6606,0.0],[111.4788,-7.6601,0.0],[111.4794,-7.661,0.0],[111.4811,-7.6606,0.0]],[[111.3863,-7.7117,0.0],[111.3888,-7.7139,0.0],[111.3867,-7.7117,0.0],[111.3863,-7.7117,0.0]],[[111.393,-7.7183,0.0],[111.3942,-7.7205,0.0],[111.3934,-7.7186,0.0],[111.393,-7.7183,0.0]],[[111.3957,-7.7234,0.0],[111.3958,-7.7236,0.0],[111.3968,-7.7238,0.0],[111.3957,-7.7234,0.0]],[[111.4134,-7.7285,0.0],[111.4283,-7.7306,0.0],[111.4322,-7.7301,0.0],[111.4134,-7.7285,0.0]],[[111.4337,-7.7303,0.0],[111.4334,-7.7303,0.0],[111.4356,-7.7325,0.0],[111.4337,-7.7303,0.0]],[[111.4404,-7.6828,0.0],[111.4436,-7.6835,0.0],[111.4437,-7.683,0.0],[111.4404,-7.6828,0.0]],[[111.471,-7.6945,0.0],[111.4706,-7.6962,0.0],[111.4712,-7.695,0.0],[111.471,-7.6945,0.0]],[[111.4382,-7.7316,0.0],[111.4382,-7.7315,0.0],[111.4364,-7.7322,0.0],[111.4382,-7.7316,0.0]],[[111.442,-7.7336,0.0],[111.4426,-7.7334,0.0],[111.4419,-7.7336,0.0],[111.442,-7.7336,0.0]],[[111.445,-7.7333,0.0],[111.4447,-7.7327,0.0],[111.4447,-7.7328,0.0],[111.445,-7.7333,0.0]],[[111.4476,-7.7385,0.0],[111.4478,-7.7389,0.0],[111.4524,-7.7397,0.0],[111.4476,-7.7385,0.0]],[[111.416,-7.5791,0.0],[111.4161,-7.5825,0.0],[111.4166,-7.5799,0.0],[111.416,-7.5791,0.0]],[[111.4226,-7.5843,0.0],[111.4244,-7.5846,0.0],[111.4161,-7.5825,0.0],[111.4226,-7.5843,0.0]],[[111.4252,-7.5847,0.0],[111.4253,-7.5847,0.0],[111.4254,-7.5846,0.0],[111.4252,-7.5847,0.0]],[[111.434,-7.5835,0.0],[111.4341,-7.5836,0.0],[111.4342,-7.5835,0.0],[111.434,-7.5835,0.0]],[[111.4342,-7.5832,0.0],[111.4363,-7.5747,0.0],[111.4354,-7.5763,0.0],[111.4342,-7.5832,0.0]],[[111.471,-7.5657,0.0],[111.4731,-7.5668,0.0],[111.4713,-7.5656,0.0],[111.471,-7.5657,0.0]],[[111.474,-7.5708,0.0],[111.4753,-7.5713,0.0],[111.4823,-7.5714,0.0],[111.474,-7.5708,0.0]],[[111.4084,-7.6129,0.0],[111.4081,-7.612,0.0],[111.4079,-7.6122,0.0],[111.4084,-7.6129,0.0]],[[111.4116,-7.6125,0.0],[111.4085,-7.6132,0.0],[111.4116,-7.6125,0.0],[111.4116,-7.6125,0.0]],[[111.4124,-7.6136,0.0],[111.4124,-7.6136,0.0],[111.4122,-7.6134,0.0],[111.4124,-7.6136,0.0]],[[111.4214,-7.6041,0.0],[111.4214,-7.6042,0.0],[111.4214,-7.6042,0.0],[111.4214,-7.6041,0.0]],[[111.4264,-7.5993,0.0],[111.4259,-7.599,0.0],[111.4259,-7.5997,0.0],[111.4264,-7.5993,0.0]],[[111.428,-7.5976,0.0],[111.427,-7.5977,0.0],[111.4269,-7.5987,0.0],[111.428,-7.5976,0.0]],[[111.4313,-7.5379,0.0],[111.4328,-7.5375,0.0],[111.4238,-7.5381,0.0],[111.4313,-7.5379,0.0]],[[111.4315,-7.5361,0.0],[111.4312,-7.5361,0.0],[111.4328,-7.5375,0.0],[111.4315,-7.5361,0.0]],[[111.4345,-7.5428,0.0],[111.4355,-7.5322,0.0],[111.4347,-7.536,0.0],[111.4345,-7.5428,0.0]],[[111.413,-7.5455,0.0],[111.4175,-7.5441,0.0],[111.4172,-7.5412,0.0],[111.4136,-7.5411,0.0],[111.413,-7.5455,0.0]],[[111.4531,-7.5385,0.0],[111.453,-7.5385,0.0],[111.4531,-7.5386,0.0],[111.4531,-7.5385,0.0]],[[111.4558,-7.5308,0.0],[111.4541,-7.5361,0.0],[111.4563,-7.5307,0.0],[111.4558,-7.5308,0.0]],[[111.4573,-7.5305,0.0],[111.4569,-7.5306,0.0],[111.457,-7.5307,0.0],[111.4573,-7.5305,0.0]],[[111.4715,-7.5475,0.0],[111.4764,-7.5509,0.0],[111.4765,-7.5509,0.0],[111.4715,-7.5475,0.0]],[[111.484,-7.5481,0.0],[111.484,-7.5483,0.0],[111.4853,-7.5486,0.0],[111.484,-7.5481,0.0]]]}},{"type":"Feature","properties":{"kab_kota":"Bangkalan","kode":"kab-bangkalan"},"geometry":{"type":"MultiPolygon","coordinates":[[[[112.8501,-7.1644,0.0],[112.8125,-7.1582,0.0],[112.7769,-7.1593,0.0],[112.7518,-7.171,0.0],[112.729,-7.1705,0.0],[112.7229,-7.1761,0.0],[112.7055,-7.1671,0.0],[112.6918,-7.1552,0.0],[112.6918,-7.1476,0.0],[112.706,-7.0959,0.0],[112.6861,-7.0955,0.0],[112.683,-7.0824,0.0],[112.6736,-7.073,0.0],[112.6761,-7.0461,0.0],[112.6825,-7.0319,0.0],[112.6885,-7.0298,0.0],[112.7113,-7.0406,0.0],[112.7235,-7.0389,0.0],[112.741,-7.0185,0.0],[112.7821,-6.9919,0.0],[112.7934,-6.9786,0.0],[112.7912,-6.9737,0.0],[112.8115,-6.956,0.0],[112.8287,-6.9298,0.0],[112.8297,-6.9212,0.0],[112.8236,-6.91,0.0],[112.8306,-6.9059,0.0],[112.8355,-6.916,0.0],[112.8412,-6.9156,0.0],[112.8484,-6.9034,0.0],[112.8528,-6.9031,0.0],[112.847,-6.8993,0.0],[112.8636,-6.892,0.0],[112.8719,-6.8922,0.0],[112.8753,-6.8981,0.0],[112.8793,-6.891,0.0],[112.9218,-6.8939,0.0],[112.9515,-6.8871,0.0],[112.9963,-6.8855,0.0],[112.9998,-6.8818,0.0],[113.0021,-6.8873,0.0],[113.006,-6.8812,0.0],[113.0286,-6.8836,0.0],[113.034,-6.8795,0.0],[113.0522,-6.8853,0.0],[113.0636,-6.882,0.0],[113.0875,-6.889,0.0],[113.1084,-6.8887,0.0],[113.1104,-6.8945,0.0],[113.1212,-6.89,0.0],[113.1247,-6.893,0.0],[113.1286,-6.8972,0.0],[113.1267,-6.9061,0.0],[113.1181,-6.9086,0.0],[113.1178,-6.9331,0.0],[113.1022,-6.9381,0.0],[113.097,-6.9357,0.0],[113.0961,-6.9425,0.0],[113.1016,-6.9531,0.0],[113.0994,-6.9573,0.0],[113.1037,-6.9568,0.0],[113.1104,-6.9871,0.0],[113.1126,-6.9835,0.0],[113.1218,-6.9856,0.0],[113.1259,-6.9771,0.0],[113.1346,-6.9787,0.0],[113.1418,-6.9895,0.0],[113.1475,-6.99,0.0],[113.1462,-6.9979,0.0],[113.1408,-6.9998,0.0],[113.1423,-7.0114,0.0],[113.1282,-7.0366,0.0],[113.1143,-7.032,0.0],[113.1115,-7.0291,0.0],[113.102,-7.0262,0.0],[113.1106,-7.0293,0.0],[113.1123,-7.0579,0.0],[113.122,-7.0746,0.0],[113.1205,-7.0803,0.0],[113.1081,-7.0803,0.0],[113.112,-7.0945,0.0],[113.1081,-7.0975,0.0],[113.1155,-7.1016,0.0],[113.1154,-7.116,0.0],[113.1078,-7.1132,0.0],[113.1078,-7.1076,0.0],[113.1062,-7.1245,0.0],[113.0931,-7.1327,0.0],[113.0932,-7.1505,0.0],[113.0975,-7.1571,0.0],[113.0729,-7.1492,0.0],[113.0675,-7.1638,0.0],[113.0575,-7.164,0.0],[113.0484,-7.1844,0.0],[113.0602,-7.1893,0.0],[113.0601,-7.1978,0.0],[113.047,-7.1996,0.0],[113.0405,-7.2128,0.0],[113.0139,-7.2054,0.0],[113.0013,-7.2095,0.0],[112.9914,-7.2023,0.0],[112.9652,-7.2004,0.0],[112.951,-7.1926,0.0],[112.8918,-7.1781,0.0],[112.865,-7.1621,0.0],[112.8501,-7.1644,0.0]],[[112.832,-6.94,0.0],[112.8326,-6.9397,0.0],[112.8318,-6.9396,0.0],[112.832,-6.94,0.0]],[[112.8368,-6.9375,0.0],[112.8388,-6.9349,0.0],[112.8349,-6.9385,0.0],[112.8368,-6.9375,0.0]],[[112.8615,-6.9432,0.0],[112.8613,-6.9431,0.0],[112.8591,-6.9428,0.0],[112.8615,-6.9432,0.0]],[[112.8611,-6.9458,0.0],[112.8621,-6.9435,0.0],[112.8619,-6.9434,0.0],[112.8611,-6.9458,0.0]],[[112.8664,-6.9476,0.0],[112.8664,-6.9475,0.0],[112.8653,-6.9476,0.0],[112.8664,-6.9476,0.0]],[[112.8669,-6.9503,0.0],[112.8676,-6.9511,0.0],[112.8666,-6.948,0.0],[112.8669,-6.9503,0.0]],[[112.8682,-7.0079,0.0],[112.869,-7.0085,0.0],[112.8718,-7.0073,0.0],[112.8682,-7.0079,0.0]],[[112.8536,-7.0261,0.0],[112.8667,-7.0239,0.0],[112.8667,-7.0239,0.0],[112.8536,-7.0261,0.0]],[[112.8459,-7.0234,0.0],[112.8458,-7.0236,0.0],[112.8536,-7.0261,0.0],[112.8459,-7.0234,0.0]],[[112.9051,-7.0391,0.0],[112.9231,-7.043,0.0],[112.9051,-7.0391,0.0],[112.9051,-7.0391,0.0]],[[112.9133,-7.0938,0.0],[112.9127,-7.0916,0.0],[112.9111,-7.0877,0.0],[112.9133,-7.0938,0.0]],[[112.913,-7.0998,0.0],[112.9138,-7.0955,0.0],[112.9137,-7.0952,0.0],[112.913,-7.0998,0.0]],[[112.9141,-7.1102,0.0],[112.917,-7.11,0.0],[112.9141,-7.11,0.0],[112.9141,-7.1102,0.0]],[[112.9177,-7.1113,0.0],[112.9178,-7.1111,0.0],[112.917,-7.11,0.0],[112.9177,-7.1113,0.0]],[[112.9131,-7.1135,0.0],[112.9139,-7.1135,0.0],[112.9139,-7.1134,0.0],[112.9131,-7.1135,0.0]],[[112.9111,-7.1133,0.0],[112.9111,-7.1085,0.0],[112.911,-7.1133,0.0],[112.9111,-7.1133,0.0]],[[112.7167,-7.1119,0.0],[112.7126,-7.1118,0.0],[112.7126,-7.1118,0.0],[112.7167,-7.1119,0.0]],[[112.7625,-7.1117,0.0],[112.7498,-7.1059,0.0],[112.7632,-7.1128,0.0],[112.7625,-7.1117,0.0]],[[112.7685,-7.1131,0.0],[112.7672,-7.1138,0.0],[112.7675,-7.1139,0.0],[112.7685,-7.1131,0.0]],[[112.8061,-7.0642,0.0],[112.8011,-7.0626,0.0],[112.806,-7.0643,0.0],[112.8061,-7.0642,0.0]],[[112.8127,-7.0602,0.0],[112.8085,-7.0634,0.0],[112.8096,-7.0631,0.0],[112.8127,-7.0602,0.0]],[[112.8494,-7.0814,0.0],[112.8491,-7.0814,0.0],[112.8503,-7.086,0.0],[112.8494,-7.0814,0.0]],[[112.8592,-7.1182,0.0],[112.8578,-7.1158,0.0],[112.8564,-7.1214,0.0],[112.8592,-7.1182,0.0]],[[112.8629,-7.1181,0.0],[112.8635,-7.1176,0.0],[112.8592,-7.1182,0.0],[112.8629,-7.1181,0.0]],[[112.87,-7.1128,0.0],[112.869,-7.1151,0.0],[112.8703,-7.1129,0.0],[112.87,-7.1128,0.0]],[[112.875,-7.1138,0.0],[112.8733,-7.1135,0.0],[112.8823,-7.1177,0.0],[112.875,-7.1138,0.0]],[[112.9031,-7.1145,0.0],[112.8937,-7.1168,0.0],[112.9031,-7.1145,0.0],[112.9031,-7.1145,0.0]],[[112.9055,-7.1167,0.0],[112.9053,-7.1167,0.0],[112.9054,-7.1168,0.0],[112.9055,-7.1167,0.0]],[[112.9078,-7.1096,0.0],[112.9071,-7.115,0.0],[112.9079,-7.1096,0.0],[112.9078,-7.1096,0.0]],[[112.9099,-7.108,0.0],[112.9082,-7.1093,0.0],[112.9107,-7.1083,0.0],[112.9099,-7.108,0.0]],[[112.8222,-7.1542,0.0],[112.8227,-7.153,0.0],[112.8223,-7.1533,0.0],[112.8222,-7.1542,0.0]],[[112.8273,-7.1482,0.0],[112.8288,-7.1467,0.0],[112.8295,-7.1451,0.0],[112.8273,-7.1482,0.0]],[[112.8322,-7.1379,0.0],[112.8324,-7.1376,0.0],[112.8319,-7.1379,0.0],[112.8322,-7.1379,0.0]],[[112.8532,-7.1229,0.0],[112.8554,-7.1226,0.0],[112.8563,-7.1216,0.0],[112.8532,-7.1229,0.0]],[[112.7471,-7.1406,0.0],[112.7464,-7.1404,0.0],[112.7455,-7.1421,0.0],[112.7471,-7.1406,0.0]],[[112.7441,-7.1453,0.0],[112.7435,-7.1466,0.0],[112.7438,-7.1466,0.0],[112.7441,-7.1453,0.0]],[[112.7625,-7.1534,0.0],[112.7627,-7.1558,0.0],[112.764,-7.1584,0.0],[112.7625,-7.1534,0.0]],[[112.769,-7.158,0.0],[112.7692,-7.1611,0.0],[112.7691,-7.158,0.0],[112.769,-7.158,0.0]],[[112.7989,-7.1014,0.0],[112.7982,-7.1009,0.0],[112.7977,-7.101,0.0],[112.7989,-7.1014,0.0]],[[112.8045,-7.1096,0.0],[112.803,-7.1041,0.0],[112.8019,-7.1034,0.0],[112.8045,-7.1096,0.0]],[[112.805,-7.1229,0.0],[112.8052,-7.1226,0.0],[112.8007,-7.1222,0.0],[112.805,-7.1229,0.0]],[[112.8268,-7.1375,0.0],[112.8298,-7.1377,0.0],[112.8245,-7.1358,0.0],[112.8268,-7.1375,0.0]],[[112.6787,-7.0556,0.0],[112.6802,-7.0584,0.0],[112.6795,-7.0558,0.0],[112.6787,-7.0556,0.0]],[[112.7083,-7.0585,0.0],[112.708,-7.0571,0.0],[112.7065,-7.0561,0.0],[112.7083,-7.0585,0.0]],[[112.7056,-7.0548,0.0],[112.7073,-7.0525,0.0],[112.7052,-7.0544,0.0],[112.7056,-7.0548,0.0]],[[112.7064,-7.05,0.0],[112.7097,-7.0488,0.0],[112.7124,-7.0458,0.0],[112.7064,-7.05,0.0]],[[112.7162,-7.0486,0.0],[112.723,-7.047,0.0],[112.7229,-7.0469,0.0],[112.7162,-7.0486,0.0]],[[112.7238,-7.0494,0.0],[112.7288,-7.0536,0.0],[112.7289,-7.0536,0.0],[112.7238,-7.0494,0.0]],[[112.7526,-7.0539,0.0],[112.7538,-7.0535,0.0],[112.7527,-7.0537,0.0],[112.7526,-7.0539,0.0]],[[112.7545,-7.0534,0.0],[112.7546,-7.0536,0.0],[112.7546,-7.0534,0.0],[112.7545,-7.0534,0.0]],[[112.7564,-7.0551,0.0],[112.7567,-7.0552,0.0],[112.7568,-7.0551,0.0],[112.7564,-7.0551,0.0]],[[112.7541,-7.0439,0.0],[112.7586,-7.0523,0.0],[112.7606,-7.0554,0.0],[112.7606,-7.0553,0.0],[112.7541,-7.0439,0.0]],[[112.7608,-7.0596,0.0],[112.7608,-7.0597,0.0],[112.7699,-7.0652,0.0],[112.7608,-7.0596,0.0]],[[112.7821,-7.0893,0.0],[112.7854,-7.0865,0.0],[112.7854,-7.0866,0.0],[112.7821,-7.0893,0.0]],[[112.8327,-7.0605,0.0],[112.8297,-7.0439,0.0],[112.8295,-7.044,0.0],[112.8327,-7.0605,0.0]],[[112.8384,-7.0338,0.0],[112.8383,-7.0334,0.0],[112.8382,-7.0337,0.0],[112.8384,-7.0338,0.0]],[[112.806,-6.9898,0.0],[112.8064,-6.9893,0.0],[112.8061,-6.9891,0.0],[112.806,-6.9898,0.0]],[[112.8278,-6.9841,0.0],[112.8277,-6.984,0.0],[112.8172,-6.9792,0.0],[112.8278,-6.9841,0.0]],[[112.8454,-7.0119,0.0],[112.8424,-7.0099,0.0],[112.8394,-7.0095,0.0],[112.8454,-7.0119,0.0]],[[112.8462,-7.0125,0.0],[112.8466,-7.0154,0.0],[112.8471,-7.0159,0.0],[112.8462,-7.0125,0.0]],[[112.8484,-7.0171,0.0],[112.8489,-7.0171,0.0],[112.848,-7.0168,0.0],[112.8484,-7.0171,0.0]],[[112.8668,-7.0122,0.0],[112.8667,-7.0119,0.0],[112.8634,-7.0118,0.0],[112.8668,-7.0122,0.0]],[[112.8671,-7.0086,0.0],[112.8666,-7.0089,0.0],[112.8667,-7.0093,0.0],[112.8671,-7.0086,0.0]],[[112.9484,-7.0445,0.0],[112.9485,-7.0522,0.0],[112.9488,-7.0445,0.0],[112.9484,-7.0445,0.0]],[[112.9514,-7.045,0.0],[112.9496,-7.0447,0.0],[112.959,-7.0499,0.0],[112.9514,-7.045,0.0]],[[112.9672,-7.0508,0.0],[112.9645,-7.0496,0.0],[112.9671,-7.0509,0.0],[112.9672,-7.0508,0.0]],[[112.9736,-7.0462,0.0],[112.9691,-7.0495,0.0],[112.9744,-7.0459,0.0],[112.9736,-7.0462,0.0]],[[112.9835,-7.0427,0.0],[112.9762,-7.0453,0.0],[112.9812,-7.0443,0.0],[112.9835,-7.0427,0.0]],[[112.9825,-7.0415,0.0],[112.9826,-7.0416,0.0],[112.983,-7.0412,0.0],[112.9825,-7.0415,0.0]],[[112.9856,-7.0352,0.0],[112.9853,-7.04,0.0],[112.9854,-7.04,0.0],[112.9856,-7.0352,0.0]],[[112.9922,-7.0275,0.0],[112.989,-7.0293,0.0],[112.9921,-7.0276,0.0],[112.9922,-7.0275,0.0]],[[112.996,-7.0193,0.0],[112.9926,-7.0267,0.0],[112.9962,-7.0195,0.0],[112.996,-7.0193,0.0]],[[112.9949,-7.0106,0.0],[112.9948,-7.0106,0.0],[112.9919,-7.0118,0.0],[112.9949,-7.0106,0.0]],[[113.0233,-7.0172,0.0],[113.0231,-7.0184,0.0],[113.0236,-7.0173,0.0],[113.0233,-7.0172,0.0]],[[113.0582,-7.0088,0.0],[113.056,-7.0087,0.0],[113.0603,-7.0103,0.0],[113.0582,-7.0088,0.0]],[[113.1003,-7.0257,0.0],[113.0919,-7.0245,0.0],[113.1008,-7.0258,0.0],[113.1003,-7.0257,0.0]],[[112.9142,-7.1193,0.0],[112.9142,-7.1194,0.0],[112.9204,-7.1203,0.0],[112.9142,-7.1193,0.0]],[[112.9238,-7.1229,0.0],[112.924,-7.1227,0.0],[112.9204,-7.1203,0.0],[112.9238,-7.1229,0.0]],[[112.9524,-7.1508,0.0],[112.9466,-7.1482,0.0],[112.9622,-7.1516,0.0],[112.9524,-7.1508,0.0]],[[112.9689,-7.1542,0.0],[112.9747,-7.1541,0.0],[112.975,-7.1537,0.0],[112.9689,-7.1542,0.0]],[[112.9759,-7.153,0.0],[112.9774,-7.1517,0.0],[112.9771,-7.1503,0.0],[112.9759,-7.153,0.0]],[[113.0092,-7.1654,0.0],[113.009,-7.1653,0.0],[113.0098,-7.1689,0.0],[113.0092,-7.1654,0.0]],[[113.0126,-7.1691,0.0],[113.0121,-7.1717,0.0],[113.0127,-7.172,0.0],[113.0126,-7.1691,0.0]],[[113.0132,-7.1722,0.0],[113.0136,-7.1723,0.0],[113.0193,-7.1727,0.0],[113.0132,-7.1722,0.0]],[[113.027,-7.1686,0.0],[113.0344,-7.1632,0.0],[113.0343,-7.1631,0.0],[113.027,-7.1686,0.0]],[[113.0499,-7.1609,0.0],[113.0516,-7.1615,0.0],[113.05,-7.1608,0.0],[113.0499,-7.1609,0.0]],[[112.9727,-7.1456,0.0],[112.9727,-7.1468,0.0],[112.9732,-7.147,0.0],[112.9727,-7.1456,0.0]],[[112.9741,-7.1412,0.0],[112.9725,-7.1428,0.0],[112.9725,-7.1432,0.0],[112.9741,-7.1412,0.0]],[[112.9791,-7.1394,0.0],[112.9753,-7.1402,0.0],[112.975,-7.1405,0.0],[112.9791,-7.1394,0.0]],[[113.0108,-7.1187,0.0],[113.0082,-7.1224,0.0],[113.0082,-7.1225,0.0],[113.0108,-7.1187,0.0]],[[113.0102,-7.1164,0.0],[113.0099,-7.1166,0.0],[113.0101,-7.117,0.0],[113.0102,-7.1164,0.0]],[[113.0169,-7.1152,0.0],[113.0169,-7.1151,0.0],[113.013,-7.1147,0.0],[113.0169,-7.1152,0.0]],[[113.0172,-7.1106,0.0],[113.0171,-7.1107,0.0],[113.0171,-7.1121,0.0],[113.0172,-7.1106,0.0]],[[113.0191,-7.1063,0.0],[113.019,-7.1062,0.0],[113.0177,-7.1092,0.0],[113.0191,-7.1063,0.0]],[[113.0181,-7.0933,0.0],[113.0162,-7.0989,0.0],[113.0164,-7.0995,0.0],[113.0181,-7.0933,0.0]],[[113.0562,-7.0777,0.0],[113.0446,-7.0722,0.0],[113.0415,-7.0717,0.0],[113.0562,-7.0777,0.0]],[[113.0731,-7.0847,0.0],[113.0731,-7.0847,0.0],[113.0675,-7.083,0.0],[113.0731,-7.0847,0.0]],[[113.0865,-7.0876,0.0],[113.0875,-7.0865,0.0],[113.0863,-7.0875,0.0],[113.0865,-7.0876,0.0]],[[113.0911,-7.0875,0.0],[113.0884,-7.0856,0.0],[113.0883,-7.0857,0.0],[113.0911,-7.0875,0.0]],[[112.9985,-7.0575,0.0],[112.9968,-7.0519,0.0],[112.9983,-7.0574,0.0],[112.9985,-7.0575,0.0]],[[112.868,-6.9515,0.0],[112.8682,-6.9518,0.0],[112.8685,-6.9511,0.0],[112.868,-6.9515,0.0]],[[112.8696,-6.9502,0.0],[112.8732,-6.9498,0.0],[112.8696,-6.9501,0.0],[112.8696,-6.9502,0.0]],[[112.876,-6.9546,0.0],[112.876,-6.9548,0.0],[112.8783,-6.9526,0.0],[112.876,-6.9546,0.0]],[[112.8804,-6.9553,0.0],[112.8822,-6.9532,0.0],[112.8821,-6.9532,0.0],[112.8804,-6.9553,0.0]],[[112.8832,-6.953,0.0],[112.8841,-6.953,0.0],[112.884,-6.9529,0.0],[112.8832,-6.953,0.0]],[[112.8963,-6.9597,0.0],[112.9029,-6.9633,0.0],[112.9026,-6.963,0.0],[112.8963,-6.9597,0.0]],[[112.9266,-6.9748,0.0],[112.9263,-6.9759,0.0],[112.9247,-6.9805,0.0],[112.9266,-6.9748,0.0]],[[112.928,-6.9745,0.0],[112.93,-6.9748,0.0],[112.9374,-6.9725,0.0],[112.928,-6.9745,0.0]],[[112.943,-6.9695,0.0],[112.9436,-6.9652,0.0],[112.9435,-6.9653,0.0],[112.943,-6.9695,0.0]],[[112.9846,-6.96,0.0],[112.9872,-6.9609,0.0],[112.9871,-6.9607,0.0],[112.9846,-6.96,0.0]],[[112.9992,-6.9553,0.0],[112.9973,-6.9519,0.0],[112.9972,-6.953,0.0],[112.9992,-6.9553,0.0]],[[112.9974,-6.9516,0.0],[113.0037,-6.9451,0.0],[112.9975,-6.9507,0.0],[112.9974,-6.9516,0.0]],[[113.0048,-6.9375,0.0],[113.014,-6.9325,0.0],[113.0141,-6.9317,0.0],[113.0048,-6.9375,0.0]],[[113.0276,-6.9275,0.0],[113.0347,-6.9314,0.0],[113.035,-6.9314,0.0],[113.0276,-6.9275,0.0]],[[113.0389,-6.9308,0.0],[113.0414,-6.9336,0.0],[113.0419,-6.9337,0.0],[113.0389,-6.9308,0.0]],[[113.0428,-6.9338,0.0],[113.0433,-6.9339,0.0],[113.0494,-6.9336,0.0],[113.0428,-6.9338,0.0]],[[113.0673,-6.9264,0.0],[113.0711,-6.9306,0.0],[113.0711,-6.9305,0.0],[113.0673,-6.9264,0.0]],[[113.0693,-6.9381,0.0],[113.0803,-6.9389,0.0],[113.0805,-6.9387,0.0],[113.0693,-6.9381,0.0]],[[113.0779,-6.9414,0.0],[113.0777,-6.9415,0.0],[113.0779,-6.9424,0.0],[113.0779,-6.9414,0.0]],[[113.0785,-6.9452,0.0],[113.0786,-6.9456,0.0],[113.0822,-6.9464,0.0],[113.0785,-6.9452,0.0]],[[113.083,-6.9452,0.0],[113.0836,-6.9453,0.0],[113.083,-6.9452,0.0],[113.083,-6.9452,0.0]],[[113.0846,-6.9454,0.0],[113.0865,-6.9472,0.0],[113.0857,-6.9456,0.0],[113.0846,-6.9454,0.0]],[[113.0891,-6.9476,0.0],[113.0892,-6.9476,0.0],[113.0893,-6.9459,0.0],[113.0891,-6.9476,0.0]],[[113.093,-6.9458,0.0],[113.0918,-6.9452,0.0],[113.0893,-6.9459,0.0],[113.093,-6.9458,0.0]],[[113.0943,-6.9458,0.0],[113.0951,-6.9458,0.0],[113.0968,-6.944,0.0],[113.0943,-6.9458,0.0]],[[112.9952,-6.9839,0.0],[112.9988,-6.9889,0.0],[112.9948,-6.9815,0.0],[112.9952,-6.9839,0.0]],[[113.003,-6.9968,0.0],[113.004,-6.9982,0.0],[113.0019,-6.9902,0.0],[113.003,-6.9968,0.0]],[[113.004,-7.0038,0.0],[113.0049,-7.0016,0.0],[113.0046,-7.0005,0.0],[113.004,-7.0038,0.0]],[[112.9953,-7.0038,0.0],[112.9953,-7.004,0.0],[112.9953,-7.0038,0.0],[112.9953,-7.0038,0.0]],[[112.9335,-6.9022,0.0],[112.9327,-6.9094,0.0],[112.9357,-6.8952,0.0],[112.9335,-6.9022,0.0]],[[112.9319,-6.9167,0.0],[112.932,-6.9169,0.0],[112.9321,-6.9149,0.0],[112.9319,-6.9167,0.0]]],[[[112.8467,-6.8973,0.0],[112.8469,-6.8981,0.0],[112.8466,-6.8982,0.0],[112.8467,-6.8973,0.0]]]]}},{"type":"Feature","properties":{"kab_kota":"Kota Blitar","kode":"kota-blitar"},"geometry":{"type":"MultiPolygon","coordinates":[[[[112.1597,-8.1366,0.0],[112.1597,-8.1366,0.0],[112.1597,-8.1366,0.0],[112.1597,-8.1366,0.0]]],[[[112.1677,-8.1314,0.0],[112.1602,-8.1357,0.0],[112.1564,-8.1349,0.0],[112.1596,-8.1266,0.0],[112.149,-8.1276,0.0],[112.1509,-8.1224,0.0],[112.1422,-8.1178,0.0],[112.1476,-8.1095,0.0],[112.1359,-8.109,0.0],[112.1416,-8.0999,0.0],[112.1321,-8.0911,0.0],[112.1333,-8.0843,0.0],[112.147,-8.0769,0.0],[112.1576,-8.0832,0.0],[112.1566,-8.087,0.0],[112.162,-8.0844,0.0],[112.1724,-8.0578,0.0],[112.1811,-8.0609,0.0],[112.1863,-8.0561,0.0],[112.1873,-8.0655,0.0],[112.1984,-8.0652,0.0],[112.1909,-8.0853,0.0],[112.2005,-8.0928,0.0],[112.1845,-8.1047,0.0],[112.1761,-8.1204,0.0],[112.1718,-8.118,0.0],[112.1677,-8.1314,0.0]],[[112.1643,-8.1069,0.0],[112.1624,-8.1075,0.0],[112.1624,-8.1076,0.0],[112.1643,-8.1069,0.0]],[[112.1642,-8.1056,0.0],[112.1636,-8.1062,0.0],[112.1643,-8.1069,0.0],[112.1642,-8.1056,0.0]],[[112.1715,-8.104,0.0],[112.1735,-8.0953,0.0],[112.1715,-8.104,0.0],[112.1715,-8.104,0.0]],[[112.1564,-8.0891,0.0],[112.1565,-8.0872,0.0],[112.156,-8.089,0.0],[112.1564,-8.0891,0.0]],[[112.1602,-8.0901,0.0],[112.1602,-8.0901,0.0],[112.1583,-8.0968,0.0],[112.1602,-8.0901,0.0]]]]}},{"type":"Feature","properties":{"kab_kota":"Tulungagung","kode":"kab-tulungagung"},"geometry":{"type":"MultiPolygon","coordinates":[[[[111.7585,-8.3872,0.0],[111.7591,-8.3874,0.0],[111.7608,-8.3882,0.0],[111.7585,-8.3872,0.0]]],[[[111.7619,-8.3882,0.0],[111.7611,-8.3874,0.0],[111.7613,-8.3872,0.0],[111.7619,-8.3882,0.0]]],[[[111.763,-8.3874,0.0],[111.763,-8.3869,0.0],[111.763,-8.3874,0.0],[111.763,-8.3874,0.0]]],[[[111.7625,-8.3874,0.0],[111.7621,-8.3876,0.0],[111.7621,-8.3865,0.0],[111.7625,-8.3874,0.0]]],[[[111.7622,-8.386,0.0],[111.7625,-8.3859,0.0],[111.7624,-8.386,0.0],[111.7622,-8.386,0.0]]],[[[111.783,-8.3701,0.0],[111.7834,-8.3698,0.0],[111.7834,-8.37,0.0],[111.783,-8.3701,0.0]]],[[[111.7793,-8.3682,0.0],[111.7772,-8.3693,0.0],[111.7777,-8.3675,0.0],[111.7793,-8.3682,0.0]]],[[[111.784,-8.3671,0.0],[111.7841,-8.3705,0.0],[111.7821,-8.3682,0.0],[111.7788,-8.3672,0.0],[111.784,-8.3671,0.0]]],[[[111.7867,-8.3653,0.0],[111.7864,-8.3661,0.0],[111.7854,-8.3662,0.0],[111.7867,-8.3653,0.0]]],[[[111.7455,-8.3497,0.0],[111.747,-8.3466,0.0],[111.7467,-8.3515,0.0],[111.7455,-8.3497,0.0]]],[[[111.7565,-8.343,0.0],[111.7564,-8.3434,0.0],[111.7563,-8.3433,0.0],[111.7565,-8.343,0.0]]],[[[111.7589,-8.3418,0.0],[111.7575,-8.3425,0.0],[111.7605,-8.3438,0.0],[111.7589,-8.3418,0.0]]],[[[111.7581,-8.3391,0.0],[111.7575,-8.3403,0.0],[111.7571,-8.3402,0.0],[111.7581,-8.3391,0.0]]],[[[111.7835,-8.3266,0.0],[111.7836,-8.327,0.0],[111.7833,-8.3267,0.0],[111.7835,-8.3266,0.0]]],[[[111.7777,-8.2743,0.0],[111.7697,-8.2888,0.0],[111.75,-8.2898,0.0],[111.7479,-8.2579,0.0],[111.7438,-8.2527,0.0],[111.734,-8.2531,0.0],[111.7273,-8.2422,0.0],[111.7323,-8.2365,0.0],[111.729,-8.2313,0.0],[111.7337,-8.2105,0.0],[111.7396,-8.2084,0.0],[111.737,-8.2004,0.0],[111.7435,-8.2003,0.0],[111.7373,-8.2,0.0],[111.7306,-8.2056,0.0],[111.7169,-8.1911,0.0],[111.7185,-8.1686,0.0],[111.7336,-8.1422,0.0],[111.8223,-8.1347,0.0],[111.8367,-8.1245,0.0],[111.8469,-8.1064,0.0],[111.8383,-8.0916,0.0],[111.8357,-8.0947,0.0],[111.8132,-8.0876,0.0],[111.8096,-8.0757,0.0],[111.7976,-8.0673,0.0],[111.7792,-8.0387,0.0],[111.7546,-8.0312,0.0],[111.7545,-8.0027,0.0],[111.7605,-7.9879,0.0],[111.751,-7.972,0.0],[111.7417,-7.9696,0.0],[111.7381,-7.9589,0.0],[111.7457,-7.9475,0.0],[111.7442,-7.9321,0.0],[111.7612,-7.9229,0.0],[111.7549,-7.9144,0.0],[111.7607,-7.901,0.0],[111.7561,-7.8932,0.0],[111.771,-7.8869,0.0],[111.7711,-7.8831,0.0],[111.7811,-7.8884,0.0],[111.7692,-7.8817,0.0],[111.7786,-7.8651,0.0],[111.7714,-7.856,0.0],[111.7858,-7.8335,0.0],[111.7992,-7.8366,0.0],[111.7972,-7.8479,0.0],[111.8027,-7.8657,0.0],[111.8304,-7.8774,0.0],[111.8512,-7.9009,0.0],[111.863,-7.9077,0.0],[111.8828,-7.9472,0.0],[111.9171,-7.9612,0.0],[111.9178,-7.9566,0.0],[111.9229,-7.9569,0.0],[111.9275,-7.9637,0.0],[111.9448,-7.9532,0.0],[111.9439,-7.9645,0.0],[111.9565,-7.9902,0.0],[111.9565,-8.0089,0.0],[111.9704,-8.0273,0.0],[111.9725,-8.0436,0.0],[111.9871,-8.0499,0.0],[111.9962,-8.0627,0.0],[111.9885,-8.076,0.0],[111.9969,-8.0921,0.0],[112.008,-8.0976,0.0],[112.0337,-8.0989,0.0],[112.0487,-8.1096,0.0],[112.0671,-8.1113,0.0],[112.0789,-8.1189,0.0],[112.0958,-8.1109,0.0],[112.122,-8.1253,0.0],[112.1165,-8.1576,0.0],[112.1037,-8.1584,0.0],[112.0798,-8.1866,0.0],[112.0666,-8.1867,0.0],[112.0644,-8.1769,0.0],[112.0507,-8.1798,0.0],[112.0354,-8.1693,0.0],[112.0274,-8.1677,0.0],[112.0292,-8.1808,0.0],[112.023,-8.1933,0.0],[112.0282,-8.2003,0.0],[112.0219,-8.2264,0.0],[112.0269,-8.2342,0.0],[112.0227,-8.2443,0.0],[112.0306,-8.2627,0.0],[112.0236,-8.2817,0.0],[112.0344,-8.3008,0.0],[112.0309,-8.3113,0.0],[112.0169,-8.3022,0.0],[111.9935,-8.297,0.0],[111.9745,-8.2808,0.0],[111.9581,-8.2793,0.0],[111.9617,-8.2752,0.0],[111.9428,-8.2788,0.0],[111.9374,-8.2846,0.0],[111.9351,-8.2928,0.0],[111.9441,-8.296,0.0],[111.9349,-8.3075,0.0],[111.9115,-8.2967,0.0],[111.8992,-8.3042,0.0],[111.8855,-8.2928,0.0],[111.8752,-8.2909,0.0],[111.8667,-8.2804,0.0],[111.8683,-8.2763,0.0],[111.8623,-8.2746,0.0],[111.8625,-8.2687,0.0],[111.8529,-8.2711,0.0],[111.8404,-8.2587,0.0],[111.8351,-8.2645,0.0],[111.8406,-8.2679,0.0],[111.843,-8.2816,0.0],[111.8326,-8.2811,0.0],[111.8288,-8.2723,0.0],[111.8147,-8.2726,0.0],[111.8155,-8.2684,0.0],[111.8087,-8.2641,0.0],[111.7999,-8.2699,0.0],[111.8036,-8.2626,0.0],[111.7951,-8.2553,0.0],[111.7753,-8.2595,0.0],[111.7699,-8.2702,0.0],[111.7777,-8.2743,0.0]],[[111.809,-8.1994,0.0],[111.8186,-8.1923,0.0],[111.8186,-8.1923,0.0],[111.809,-8.1994,0.0]],[[111.8071,-8.206,0.0],[111.8062,-8.2102,0.0],[111.809,-8.1994,0.0],[111.8071,-8.206,0.0]],[[111.8302,-8.2223,0.0],[111.8301,-8.2206,0.0],[111.8288,-8.2197,0.0],[111.8302,-8.2223,0.0]],[[111.831,-8.2237,0.0],[111.832,-8.2237,0.0],[111.8309,-8.2235,0.0],[111.831,-8.2237,0.0]],[[111.8342,-8.2602,0.0],[111.8346,-8.2605,0.0],[111.8349,-8.2576,0.0],[111.8342,-8.2602,0.0]],[[111.7469,-8.1821,0.0],[111.7468,-8.1805,0.0],[111.7468,-8.1821,0.0],[111.7469,-8.1821,0.0]],[[111.7865,-8.1788,0.0],[111.7863,-8.1787,0.0],[111.7843,-8.1788,0.0],[111.7865,-8.1788,0.0]],[[111.8359,-7.9966,0.0],[111.838,-7.9973,0.0],[111.8301,-7.9941,0.0],[111.8359,-7.9966,0.0]],[[111.8448,-8.0043,0.0],[111.8448,-8.0043,0.0],[111.8447,-8.0042,0.0],[111.8448,-8.0043,0.0]],[[111.8408,-8.0092,0.0],[111.8371,-8.0125,0.0],[111.8425,-8.0086,0.0],[111.8408,-8.0092,0.0]],[[111.8312,-8.0126,0.0],[111.83,-8.0152,0.0],[111.8315,-8.0125,0.0],[111.8312,-8.0126,0.0]],[[111.8253,-8.0151,0.0],[111.8274,-8.0195,0.0],[111.8277,-8.019,0.0],[111.8253,-8.0151,0.0]],[[111.8259,-8.0121,0.0],[111.8248,-8.0141,0.0],[111.8249,-8.0143,0.0],[111.8259,-8.0121,0.0]],[[111.8264,-8.0108,0.0],[111.8247,-8.0106,0.0],[111.8263,-8.0111,0.0],[111.8264,-8.0108,0.0]],[[111.8254,-8.0084,0.0],[111.8253,-8.0081,0.0],[111.8247,-8.0106,0.0],[111.8254,-8.0084,0.0]],[[111.8263,-8.032,0.0],[111.8271,-8.0331,0.0],[111.8262,-8.0295,0.0],[111.8263,-8.032,0.0]],[[111.8272,-8.044,0.0],[111.8278,-8.0362,0.0],[111.8277,-8.0358,0.0],[111.8272,-8.044,0.0]],[[111.7944,-8.0422,0.0],[111.7976,-8.0462,0.0],[111.7983,-8.0463,0.0],[111.7944,-8.0422,0.0]],[[111.7934,-8.0388,0.0],[111.7935,-8.0411,0.0],[111.7938,-8.0415,0.0],[111.7934,-8.0388,0.0]],[[111.9147,-7.994,0.0],[111.9182,-7.9888,0.0],[111.9148,-7.9937,0.0],[111.9147,-7.994,0.0]],[[111.9152,-7.9955,0.0],[111.9147,-7.994,0.0],[111.9138,-8.0003,0.0],[111.9152,-7.9955,0.0]],[[111.9134,-8.0018,0.0],[111.9134,-8.0015,0.0],[111.9041,-8.0134,0.0],[111.9134,-8.0018,0.0]],[[111.8922,-8.0302,0.0],[111.9006,-8.0324,0.0],[111.8923,-8.0298,0.0],[111.8922,-8.0302,0.0]],[[111.895,-8.0394,0.0],[111.8935,-8.0388,0.0],[111.8933,-8.0388,0.0],[111.895,-8.0394,0.0]],[[111.8933,-8.052,0.0],[111.8931,-8.0519,0.0],[111.8931,-8.0556,0.0],[111.8933,-8.052,0.0]],[[111.878,-8.0836,0.0],[111.8807,-8.0758,0.0],[111.8804,-8.0761,0.0],[111.878,-8.0836,0.0]],[[111.8727,-8.0857,0.0],[111.8701,-8.0895,0.0],[111.8723,-8.0892,0.0],[111.8727,-8.0857,0.0]],[[111.8678,-8.113,0.0],[111.8706,-8.1055,0.0],[111.8682,-8.1102,0.0],[111.8678,-8.113,0.0]],[[111.8769,-8.1352,0.0],[111.8762,-8.1362,0.0],[111.8766,-8.1363,0.0],[111.8769,-8.1352,0.0]],[[111.8794,-8.1334,0.0],[111.8791,-8.135,0.0],[111.8794,-8.135,0.0],[111.8794,-8.1334,0.0]],[[111.9183,-8.1458,0.0],[111.9152,-8.1426,0.0],[111.9079,-8.136,0.0],[111.9183,-8.1458,0.0]],[[111.913,-8.1638,0.0],[111.9142,-8.1624,0.0],[111.9094,-8.1669,0.0],[111.913,-8.1638,0.0]],[[111.9027,-8.1686,0.0],[111.9087,-8.1675,0.0],[111.9088,-8.1674,0.0],[111.9027,-8.1686,0.0]],[[111.9033,-8.2127,0.0],[111.9015,-8.2064,0.0],[111.9032,-8.2127,0.0],[111.9033,-8.2127,0.0]],[[111.9128,-8.2729,0.0],[111.9157,-8.2683,0.0],[111.9127,-8.2728,0.0],[111.9128,-8.2729,0.0]],[[111.8763,-8.069,0.0],[111.8751,-8.0723,0.0],[111.8721,-8.0712,0.0],[111.8751,-8.0726,0.0],[111.8763,-8.069,0.0]],[[111.8504,-8.1495,0.0],[111.8498,-8.1488,0.0],[111.8488,-8.1544,0.0],[111.8504,-8.1495,0.0]],[[111.8573,-8.1301,0.0],[111.8568,-8.1299,0.0],[111.8566,-8.1312,0.0],[111.8573,-8.1301,0.0]],[[111.8628,-8.1302,0.0],[111.8597,-8.1285,0.0],[111.8584,-8.1283,0.0],[111.8628,-8.1302,0.0]],[[111.8359,-8.2237,0.0],[111.8365,-8.2237,0.0],[111.8371,-8.223,0.0],[111.8359,-8.2237,0.0]],[[111.8378,-8.2223,0.0],[111.838,-8.222,0.0],[111.8371,-8.219,0.0],[111.8378,-8.2223,0.0]],[[111.8496,-8.2153,0.0],[111.8459,-8.211,0.0],[111.8459,-8.2112,0.0],[111.8496,-8.2153,0.0]],[[111.8301,-8.197,0.0],[111.833,-8.1926,0.0],[111.83,-8.1965,0.0],[111.8301,-8.197,0.0]],[[111.8503,-8.1724,0.0],[111.8507,-8.1713,0.0],[111.8507,-8.1713,0.0],[111.8503,-8.1724,0.0]],[[111.8761,-8.1677,0.0],[111.8788,-8.1622,0.0],[111.8786,-8.1619,0.0],[111.8761,-8.1677,0.0]],[[111.8807,-8.1654,0.0],[111.8809,-8.166,0.0],[111.881,-8.166,0.0],[111.8807,-8.1654,0.0]],[[111.8817,-8.1661,0.0],[111.8827,-8.1664,0.0],[111.8835,-8.1658,0.0],[111.8817,-8.1661,0.0]],[[111.8859,-8.1644,0.0],[111.8862,-8.1642,0.0],[111.8862,-8.1641,0.0],[111.8859,-8.1644,0.0]],[[111.8953,-8.1567,0.0],[111.9049,-8.1573,0.0],[111.9036,-8.1569,0.0],[111.8953,-8.1567,0.0]],[[111.8408,-8.1672,0.0],[111.837,-8.1667,0.0],[111.8405,-8.1678,0.0],[111.8408,-8.1672,0.0]],[[111.8562,-8.1133,0.0],[111.861,-8.1121,0.0],[111.8613,-8.1117,0.0],[111.8562,-8.1133,0.0]],[[111.8638,-8.1083,0.0],[111.8653,-8.1082,0.0],[111.864,-8.1081,0.0],[111.8638,-8.1083,0.0]],[[111.8395,-7.9979,0.0],[111.8419,-7.9971,0.0],[111.8392,-7.9978,0.0],[111.8395,-7.9979,0.0]],[[111.8682,-7.9668,0.0],[111.8679,-7.9669,0.0],[111.8684,-7.9704,0.0],[111.8682,-7.9668,0.0]],[[111.8955,-7.9569,0.0],[111.8951,-7.9573,0.0],[111.895,-7.9606,0.0],[111.8955,-7.9569,0.0]],[[111.8752,-8.0648,0.0],[111.8753,-8.0651,0.0],[111.8761,-8.0626,0.0],[111.8752,-8.0648,0.0]],[[111.8769,-8.0606,0.0],[111.8766,-8.0615,0.0],[111.8789,-8.0588,0.0],[111.8769,-8.0606,0.0]],[[111.8509,-8.0115,0.0],[111.854,-8.0114,0.0],[111.8537,-8.0112,0.0],[111.8509,-8.0115,0.0]],[[111.8632,-8.018,0.0],[111.8633,-8.0181,0.0],[111.8633,-8.018,0.0],[111.8632,-8.018,0.0]],[[111.8707,-8.0277,0.0],[111.8715,-8.0287,0.0],[111.872,-8.029,0.0],[111.8707,-8.0277,0.0]],[[111.8883,-8.0305,0.0],[111.8865,-8.0327,0.0],[111.8879,-8.0316,0.0],[111.8883,-8.0305,0.0]],[[111.882,-8.033,0.0],[111.8836,-8.0351,0.0],[111.8852,-8.0357,0.0],[111.882,-8.033,0.0]],[[111.9212,-8.0808,0.0],[111.926,-8.0821,0.0],[111.9309,-8.0825,0.0],[111.9212,-8.0808,0.0]],[[111.9384,-8.0699,0.0],[111.9374,-8.0732,0.0],[111.94,-8.0723,0.0],[111.9384,-8.0699,0.0]],[[111.9467,-8.0662,0.0],[111.9466,-8.0714,0.0],[111.9467,-8.0669,0.0],[111.9539,-8.0679,0.0],[111.9467,-8.0662,0.0]],[[111.9594,-8.0509,0.0],[111.96,-8.0498,0.0],[111.9696,-8.0575,0.0],[111.9594,-8.0509,0.0]],[[111.9848,-8.0718,0.0],[111.9836,-8.0716,0.0],[111.973,-8.0738,0.0],[111.9848,-8.0718,0.0]],[[111.9174,-8.1397,0.0],[111.9173,-8.1396,0.0],[111.9172,-8.1398,0.0],[111.9174,-8.1397,0.0]],[[111.923,-8.1379,0.0],[111.9231,-8.1377,0.0],[111.9194,-8.1399,0.0],[111.923,-8.1379,0.0]],[[111.9236,-8.1367,0.0],[111.9284,-8.1324,0.0],[111.926,-8.1293,0.0],[111.9236,-8.1367,0.0]],[[111.9297,-8.1337,0.0],[111.9349,-8.1357,0.0],[111.9295,-8.1335,0.0],[111.9297,-8.1337,0.0]],[[111.9416,-8.1268,0.0],[111.9412,-8.1268,0.0],[111.9349,-8.1357,0.0],[111.9416,-8.1268,0.0]],[[111.9477,-8.128,0.0],[111.9447,-8.1265,0.0],[111.943,-8.1267,0.0],[111.9477,-8.128,0.0]],[[111.9479,-8.1284,0.0],[111.9479,-8.1281,0.0],[111.9478,-8.1281,0.0],[111.9479,-8.1284,0.0]],[[111.948,-8.1319,0.0],[111.9483,-8.1318,0.0],[111.9482,-8.1313,0.0],[111.948,-8.1319,0.0]],[[111.9604,-8.1414,0.0],[111.9605,-8.1404,0.0],[111.9603,-8.1403,0.0],[111.9604,-8.1414,0.0]],[[111.9611,-8.147,0.0],[111.9617,-8.1467,0.0],[111.9608,-8.1448,0.0],[111.9611,-8.147,0.0]],[[111.9781,-8.1382,0.0],[111.978,-8.1429,0.0],[111.9781,-8.1396,0.0],[111.9781,-8.1382,0.0]],[[111.9923,-8.1567,0.0],[111.9945,-8.1557,0.0],[111.9855,-8.1563,0.0],[111.9923,-8.1567,0.0]],[[111.9713,-8.2352,0.0],[111.9718,-8.2368,0.0],[111.9718,-8.2366,0.0],[111.9713,-8.2352,0.0]],[[111.9681,-8.2246,0.0],[111.9683,-8.2253,0.0],[111.9687,-8.224,0.0],[111.9681,-8.2246,0.0]],[[111.9703,-8.2223,0.0],[111.9695,-8.2231,0.0],[111.9724,-8.2216,0.0],[111.9703,-8.2223,0.0]],[[111.969,-8.2193,0.0],[111.973,-8.2213,0.0],[111.9732,-8.2212,0.0],[111.969,-8.2193,0.0]],[[112.0259,-8.1677,0.0],[112.0216,-8.1708,0.0],[112.0269,-8.1677,0.0],[112.0259,-8.1677,0.0]],[[112.011,-8.1716,0.0],[112.0122,-8.1687,0.0],[112.0123,-8.1671,0.0],[112.011,-8.1716,0.0]],[[111.9849,-8.1351,0.0],[111.9811,-8.1376,0.0],[111.9849,-8.1354,0.0],[111.9849,-8.1351,0.0]],[[111.9842,-8.1304,0.0],[111.9851,-8.1334,0.0],[111.9853,-8.1319,0.0],[111.9842,-8.1304,0.0]],[[111.9249,-8.0982,0.0],[111.9247,-8.0961,0.0],[111.9247,-8.0976,0.0],[111.9249,-8.0982,0.0]],[[111.9247,-8.1018,0.0],[111.9228,-8.1017,0.0],[111.9229,-8.1021,0.0],[111.9247,-8.1018,0.0]],[[111.9238,-8.1164,0.0],[111.9246,-8.1195,0.0],[111.9248,-8.1195,0.0],[111.9238,-8.1164,0.0]],[[111.9277,-8.1275,0.0],[111.9261,-8.1289,0.0],[111.926,-8.1293,0.0],[111.9277,-8.1275,0.0]],[[111.9168,-8.0893,0.0],[111.9168,-8.0891,0.0],[111.9075,-8.0883,0.0],[111.9168,-8.0893,0.0]],[[111.9088,-8.0951,0.0],[111.9089,-8.0956,0.0],[111.9123,-8.0957,0.0],[111.9088,-8.0951,0.0]],[[111.9381,-8.062,0.0],[111.9376,-8.0621,0.0],[111.9384,-8.0644,0.0],[111.9381,-8.062,0.0]],[[111.9413,-8.065,0.0],[111.9413,-8.0654,0.0],[111.9417,-8.0684,0.0],[111.9413,-8.065,0.0]],[[111.9258,-8.055,0.0],[111.9272,-8.0551,0.0],[111.9235,-8.0527,0.0],[111.9258,-8.055,0.0]],[[111.919,-7.9996,0.0],[111.9189,-8.0,0.0],[111.9204,-8.003,0.0],[111.919,-7.9996,0.0]]],[[[111.7967,-8.3581,0.0],[111.7962,-8.3551,0.0],[111.7996,-8.3577,0.0],[111.7967,-8.3581,0.0]]],[[[111.7962,-8.3546,0.0],[111.7962,-8.3545,0.0],[111.7964,-8.3547,0.0],[111.7962,-8.3546,0.0]]],[[[111.8935,-8.3006,0.0],[111.8938,-8.3008,0.0],[111.8936,-8.3009,0.0],[111.8935,-8.3006,0.0]]],[[[111.8767,-8.2918,0.0],[111.8769,-8.2916,0.0],[111.8769,-8.2919,0.0],[111.8767,-8.2918,0.0]]],[[[111.8457,-8.283,0.0],[111.8455,-8.2831,0.0],[111.8456,-8.2829,0.0],[111.8457,-8.283,0.0]]],[[[111.8641,-8.2788,0.0],[111.8642,-8.2778,0.0],[111.8644,-8.2777,0.0],[111.8641,-8.2788,0.0]]],[[[111.8628,-8.2756,0.0],[111.8629,-8.2754,0.0],[111.863,-8.2756,0.0],[111.8628,-8.2756,0.0]]],[[[111.806,-8.2688,0.0],[111.8059,-8.2688,0.0],[111.8059,-8.2683,0.0],[111.806,-8.2688,0.0]]],[[[111.9247,-8.3069,0.0],[111.9252,-8.3066,0.0],[111.925,-8.307,0.0],[111.9247,-8.3069,0.0]]],[[[111.9255,-8.3062,0.0],[111.9251,-8.3053,0.0],[111.9256,-8.3047,0.0],[111.9255,-8.3062,0.0]]]]}},{"type":"Feature","properties":{"kab_kota":"Jember","kode":"kab-jember"},"geometry":{"type":"MultiPolygon","coordinates":[[[[113.3144,-8.5079,0.0],[113.315,-8.5078,0.0],[113.3146,-8.5084,0.0],[113.3144,-8.5079,0.0]]],[[[113.2992,-8.5056,0.0],[113.2986,-8.5064,0.0],[113.2986,-8.5048,0.0],[113.2992,-8.5056,0.0]]],[[[113.3335,-8.5041,0.0],[113.3333,-8.5045,0.0],[113.3331,-8.5043,0.0],[113.3335,-8.5041,0.0]]],[[[113.2779,-8.5011,0.0],[113.2788,-8.502,0.0],[113.2776,-8.5022,0.0],[113.2779,-8.5011,0.0]]],[[[113.2744,-8.4986,0.0],[113.2743,-8.4987,0.0],[113.2742,-8.4984,0.0],[113.2744,-8.4986,0.0]]],[[[113.4049,-8.494,0.0],[113.4042,-8.4935,0.0],[113.4046,-8.4935,0.0],[113.4049,-8.494,0.0]]],[[[113.2673,-8.4919,0.0],[113.2693,-8.4909,0.0],[113.2682,-8.4943,0.0],[113.2673,-8.4919,0.0]]],[[[113.3165,-8.4528,0.0],[113.3322,-8.4485,0.0],[113.3425,-8.458,0.0],[113.3532,-8.4491,0.0],[113.3594,-8.453,0.0],[113.3681,-8.4505,0.0],[113.3681,-8.4549,0.0],[113.3762,-8.459,0.0],[113.3926,-8.4542,0.0],[113.4064,-8.4658,0.0],[113.4043,-8.472,0.0],[113.4109,-8.467,0.0],[113.4203,-8.4702,0.0],[113.4162,-8.4748,0.0],[113.4123,-8.4728,0.0],[113.4073,-8.4927,0.0],[113.4019,-8.4892,0.0],[113.4043,-8.4934,0.0],[113.3993,-8.4963,0.0],[113.375,-8.496,0.0],[113.3509,-8.5051,0.0],[113.3414,-8.5002,0.0],[113.3144,-8.5053,0.0],[113.3102,-8.5093,0.0],[113.3145,-8.501,0.0],[113.3126,-8.4993,0.0],[113.3071,-8.5091,0.0],[113.2996,-8.5024,0.0],[113.2942,-8.508,0.0],[113.2866,-8.4988,0.0],[113.269,-8.4969,0.0],[113.2706,-8.4902,0.0],[113.2633,-8.4866,0.0],[113.2689,-8.4676,0.0],[113.2879,-8.4615,0.0],[113.2943,-8.4511,0.0],[113.2912,-8.4457,0.0],[113.3165,-8.4528,0.0]]],[[[113.4156,-8.475,0.0],[113.414,-8.4743,0.0],[113.4152,-8.4743,0.0],[113.4156,-8.475,0.0]]],[[[113.2683,-8.4688,0.0],[113.268,-8.4693,0.0],[113.2678,-8.4693,0.0],[113.2683,-8.4688,0.0]]],[[[113.5373,-8.4327,0.0],[113.537,-8.4337,0.0],[113.5357,-8.4317,0.0],[113.5373,-8.4327,0.0]]],[[[113.5359,-8.4324,0.0],[113.5352,-8.4327,0.0],[113.5352,-8.4322,0.0],[113.5359,-8.4324,0.0]]],[[[113.5398,-8.4318,0.0],[113.5401,-8.4324,0.0],[113.5397,-8.4325,0.0],[113.5398,-8.4318,0.0]]],[[[113.5355,-8.4307,0.0],[113.5348,-8.4305,0.0],[113.5352,-8.4302,0.0],[113.5355,-8.4307,0.0]]],[[[113.5278,-8.43,0.0],[113.5279,-8.4304,0.0],[113.5275,-8.4306,0.0],[113.5278,-8.43,0.0]]],[[[113.5301,-8.429,0.0],[113.5301,-8.4297,0.0],[113.5296,-8.4296,0.0],[113.5301,-8.429,0.0]]],[[[113.5164,-8.4257,0.0],[113.5165,-8.4258,0.0],[113.5162,-8.4259,0.0],[113.5164,-8.4257,0.0]]],[[[113.5042,-8.4238,0.0],[113.5042,-8.4238,0.0],[113.5037,-8.4239,0.0],[113.5042,-8.4238,0.0]]],[[[113.4805,-8.4139,0.0],[113.4806,-8.4141,0.0],[113.4804,-8.4143,0.0],[113.4805,-8.4139,0.0]]],[[[113.4785,-8.4097,0.0],[113.479,-8.4099,0.0],[113.4787,-8.4104,0.0],[113.4785,-8.4097,0.0]]],[[[113.4748,-8.3974,0.0],[113.4748,-8.3976,0.0],[113.4744,-8.3979,0.0],[113.4748,-8.3974,0.0]]],[[[113.4748,-8.3962,0.0],[113.4747,-8.3964,0.0],[113.4745,-8.396,0.0],[113.4748,-8.3962,0.0]]],[[[113.3598,-8.3512,0.0],[113.3159,-8.3114,0.0],[113.3035,-8.3072,0.0],[113.3201,-8.2623,0.0],[113.3131,-8.2288,0.0],[113.3268,-8.2213,0.0],[113.3334,-8.2083,0.0],[113.353,-8.2039,0.0],[113.3607,-8.1893,0.0],[113.3679,-8.1853,0.0],[113.3659,-8.1686,0.0],[113.3795,-8.1578,0.0],[113.3789,-8.1485,0.0],[113.3724,-8.1464,0.0],[113.3759,-8.1308,0.0],[113.3624,-8.1185,0.0],[113.3684,-8.1109,0.0],[113.3619,-8.1007,0.0],[113.3667,-8.0859,0.0],[113.3572,-8.0784,0.0],[113.3487,-8.0549,0.0],[113.3551,-8.0352,0.0],[113.361,-8.0278,0.0],[113.3789,-8.0205,0.0],[113.391,-7.9972,0.0],[113.4066,-8.008,0.0],[113.4122,-8.0052,0.0],[113.4402,-8.0152,0.0],[113.4448,-8.0252,0.0],[113.4493,-8.0261,0.0],[113.454,-8.0195,0.0],[113.4651,-8.0274,0.0],[113.4759,-8.0255,0.0],[113.4818,-7.9943,0.0],[113.4903,-7.9971,0.0],[113.4946,-8.005,0.0],[113.5146,-8.0015,0.0],[113.5331,-8.0092,0.0],[113.5595,-7.9947,0.0],[113.5621,-7.9835,0.0],[113.5733,-7.9801,0.0],[113.5825,-7.9845,0.0],[113.5908,-7.9833,0.0],[113.5914,-7.9762,0.0],[113.6016,-7.9775,0.0],[113.6038,-7.9875,0.0],[113.614,-7.9921,0.0],[113.6289,-7.9757,0.0],[113.6485,-7.9737,0.0],[113.6614,-7.9664,0.0],[113.6701,-7.968,0.0],[113.6713,-7.9877,0.0],[113.6872,-8.0115,0.0],[113.7102,-8.0112,0.0],[113.7262,-8.0236,0.0],[113.7461,-8.0513,0.0],[113.7474,-8.0649,0.0],[113.7519,-8.0608,0.0],[113.7492,-8.0494,0.0],[113.7602,-8.0508,0.0],[113.7725,-8.0369,0.0],[113.7874,-8.0513,0.0],[113.7848,-8.0575,0.0],[113.7878,-8.0506,0.0],[113.8022,-8.0577,0.0],[113.8126,-8.0461,0.0],[113.8441,-8.0473,0.0],[113.857,-8.0417,0.0],[113.8436,-8.0208,0.0],[113.8533,-8.0242,0.0],[113.858,-8.0187,0.0],[113.8595,-8.0271,0.0],[113.872,-8.0325,0.0],[113.8728,-8.0278,0.0],[113.885,-8.0299,0.0],[113.887,-8.0164,0.0],[113.895,-8.0159,0.0],[113.9186,-8.025,0.0],[113.9586,-8.0551,0.0],[113.9708,-8.0552,0.0],[114.0028,-8.0743,0.0],[114.0147,-8.0869,0.0],[114.0276,-8.1127,0.0],[114.0399,-8.1135,0.0],[114.0468,-8.1242,0.0],[114.037,-8.1406,0.0],[114.0277,-8.1394,0.0],[114.0177,-8.1407,0.0],[114.0246,-8.1401,0.0],[113.9964,-8.1765,0.0],[113.9707,-8.1896,0.0],[113.9579,-8.2058,0.0],[113.9681,-8.2206,0.0],[113.9667,-8.2323,0.0],[113.9498,-8.2607,0.0],[113.935,-8.2708,0.0],[113.9344,-8.2814,0.0],[113.9212,-8.3084,0.0],[113.9284,-8.32,0.0],[113.9242,-8.3349,0.0],[113.9133,-8.3399,0.0],[113.91,-8.3466,0.0],[113.9081,-8.3437,0.0],[113.9115,-8.35,0.0],[113.9158,-8.3481,0.0],[113.9212,-8.3573,0.0],[113.9216,-8.3699,0.0],[113.9277,-8.3767,0.0],[113.9235,-8.384,0.0],[113.9473,-8.4017,0.0],[113.9374,-8.4091,0.0],[113.9344,-8.4232,0.0],[113.9103,-8.442,0.0],[113.8992,-8.4344,0.0],[113.9003,-8.424,0.0],[113.8904,-8.4104,0.0],[113.8547,-8.43,0.0],[113.8422,-8.4945,0.0],[113.8431,-8.5035,0.0],[113.8551,-8.5196,0.0],[113.8376,-8.5537,0.0],[113.8341,-8.5414,0.0],[113.8387,-8.5362,0.0],[113.8374,-8.5299,0.0],[113.8296,-8.5272,0.0],[113.8254,-8.5426,0.0],[113.8218,-8.5416,0.0],[113.8156,-8.5461,0.0],[113.8147,-8.5584,0.0],[113.8059,-8.5543,0.0],[113.8166,-8.5362,0.0],[113.809,-8.5332,0.0],[113.8082,-8.5204,0.0],[113.8045,-8.5204,0.0],[113.8103,-8.5169,0.0],[113.8059,-8.5076,0.0],[113.8124,-8.5023,0.0],[113.7961,-8.4894,0.0],[113.7866,-8.4927,0.0],[113.7878,-8.4986,0.0],[113.7808,-8.4955,0.0],[113.768,-8.5047,0.0],[113.765,-8.5004,0.0],[113.7589,-8.5022,0.0],[113.755,-8.51,0.0],[113.7618,-8.5145,0.0],[113.7561,-8.5186,0.0],[113.7348,-8.5257,0.0],[113.7318,-8.5148,0.0],[113.7256,-8.5206,0.0],[113.7215,-8.5177,0.0],[113.7127,-8.5282,0.0],[113.7131,-8.5151,0.0],[113.7197,-8.512,0.0],[113.7171,-8.5084,0.0],[113.7222,-8.4967,0.0],[113.7184,-8.4851,0.0],[113.7031,-8.4825,0.0],[113.7032,-8.4905,0.0],[113.6896,-8.505,0.0],[113.6854,-8.4917,0.0],[113.6733,-8.4919,0.0],[113.6695,-8.4979,0.0],[113.6465,-8.4944,0.0],[113.6488,-8.4804,0.0],[113.6367,-8.4703,0.0],[113.643,-8.4658,0.0],[113.6389,-8.4545,0.0],[113.6248,-8.4543,0.0],[113.6302,-8.4497,0.0],[113.5991,-8.4354,0.0],[113.5826,-8.444,0.0],[113.582,-8.4334,0.0],[113.5708,-8.4256,0.0],[113.5594,-8.4233,0.0],[113.5532,-8.4362,0.0],[113.5495,-8.4302,0.0],[113.5298,-8.427,0.0],[113.5231,-8.4289,0.0],[113.5086,-8.42,0.0],[113.5048,-8.423,0.0],[113.4948,-8.4128,0.0],[113.4858,-8.4156,0.0],[113.4753,-8.3981,0.0],[113.4772,-8.3871,0.0],[113.4579,-8.379,0.0],[113.4187,-8.3828,0.0],[113.3886,-8.4003,0.0],[113.3598,-8.3512,0.0]],[[113.4971,-8.1871,0.0],[113.497,-8.1914,0.0],[113.4973,-8.1869,0.0],[113.4971,-8.1871,0.0]],[[113.4822,-8.2165,0.0],[113.4832,-8.2152,0.0],[113.4875,-8.2035,0.0],[113.4822,-8.2165,0.0]],[[113.4948,-8.2491,0.0],[113.495,-8.2484,0.0],[113.4939,-8.2468,0.0],[113.4948,-8.2491,0.0]],[[113.4939,-8.2522,0.0],[113.4941,-8.2522,0.0],[113.4943,-8.2511,0.0],[113.4939,-8.2522,0.0]],[[113.4854,-8.257,0.0],[113.4856,-8.2569,0.0],[113.4849,-8.2561,0.0],[113.4854,-8.257,0.0]],[[113.5004,-8.2538,0.0],[113.5001,-8.2537,0.0],[113.4979,-8.2571,0.0],[113.5004,-8.2538,0.0]],[[113.5489,-8.2292,0.0],[113.547,-8.2304,0.0],[113.536,-8.2408,0.0],[113.5489,-8.2292,0.0]],[[113.5618,-8.231,0.0],[113.5582,-8.2273,0.0],[113.558,-8.2272,0.0],[113.5618,-8.231,0.0]],[[113.5674,-8.2325,0.0],[113.5662,-8.2317,0.0],[113.5659,-8.2321,0.0],[113.5674,-8.2325,0.0]],[[113.5652,-8.2347,0.0],[113.5663,-8.2343,0.0],[113.567,-8.2332,0.0],[113.5652,-8.2347,0.0]],[[113.5593,-8.2678,0.0],[113.5598,-8.2682,0.0],[113.5593,-8.2625,0.0],[113.5593,-8.2678,0.0]],[[113.559,-8.2708,0.0],[113.56,-8.27,0.0],[113.5599,-8.2696,0.0],[113.559,-8.2708,0.0]],[[113.5883,-8.2843,0.0],[113.5892,-8.2845,0.0],[113.5798,-8.2828,0.0],[113.5883,-8.2843,0.0]],[[113.5998,-8.3082,0.0],[113.6001,-8.3081,0.0],[113.5998,-8.308,0.0],[113.5998,-8.3082,0.0]],[[113.6407,-8.3354,0.0],[113.6407,-8.3351,0.0],[113.6345,-8.3282,0.0],[113.6407,-8.3354,0.0]],[[113.6623,-8.3329,0.0],[113.6604,-8.332,0.0],[113.644,-8.3315,0.0],[113.6623,-8.3329,0.0]],[[113.6622,-8.343,0.0],[113.6635,-8.3335,0.0],[113.6635,-8.3335,0.0],[113.6622,-8.343,0.0]],[[113.6667,-8.3806,0.0],[113.6702,-8.377,0.0],[113.6701,-8.3767,0.0],[113.6667,-8.3806,0.0]],[[113.3778,-8.1825,0.0],[113.3744,-8.1828,0.0],[113.3778,-8.1826,0.0],[113.3778,-8.1825,0.0]],[[113.3856,-8.1848,0.0],[113.3799,-8.1841,0.0],[113.3856,-8.1848,0.0],[113.3856,-8.1848,0.0]],[[113.3902,-8.1747,0.0],[113.3873,-8.1813,0.0],[113.3906,-8.1747,0.0],[113.3902,-8.1747,0.0]],[[113.3978,-8.1751,0.0],[113.3958,-8.175,0.0],[113.3976,-8.1752,0.0],[113.3978,-8.1751,0.0]],[[113.4076,-8.1661,0.0],[113.3997,-8.1736,0.0],[113.401,-8.1725,0.0],[113.4076,-8.1661,0.0]],[[113.4191,-8.1449,0.0],[113.4133,-8.1627,0.0],[113.4135,-8.1625,0.0],[113.4191,-8.1449,0.0]],[[113.4184,-8.1242,0.0],[113.4184,-8.1244,0.0],[113.4186,-8.1242,0.0],[113.4184,-8.1242,0.0]],[[113.4271,-8.1203,0.0],[113.4266,-8.1207,0.0],[113.432,-8.121,0.0],[113.4271,-8.1203,0.0]],[[113.4609,-8.0828,0.0],[113.4606,-8.0838,0.0],[113.4607,-8.0837,0.0],[113.4609,-8.0828,0.0]],[[113.4641,-8.0685,0.0],[113.4631,-8.0738,0.0],[113.4642,-8.0696,0.0],[113.4641,-8.0685,0.0]],[[113.4634,-8.0507,0.0],[113.4637,-8.0563,0.0],[113.4635,-8.0503,0.0],[113.4634,-8.0507,0.0]],[[113.4685,-8.039,0.0],[113.4658,-8.0451,0.0],[113.4683,-8.0397,0.0],[113.4685,-8.039,0.0]],[[113.5398,-8.3019,0.0],[113.5399,-8.3004,0.0],[113.5388,-8.3023,0.0],[113.5398,-8.3019,0.0]],[[113.537,-8.3029,0.0],[113.5381,-8.3025,0.0],[113.5356,-8.3031,0.0],[113.537,-8.3029,0.0]],[[113.5232,-8.3157,0.0],[113.5261,-8.3158,0.0],[113.5232,-8.3155,0.0],[113.5232,-8.3157,0.0]],[[113.5181,-8.3248,0.0],[113.5218,-8.3201,0.0],[113.5227,-8.317,0.0],[113.5214,-8.3204,0.0],[113.5181,-8.3248,0.0]],[[113.4757,-8.3834,0.0],[113.4739,-8.381,0.0],[113.4739,-8.3822,0.0],[113.4757,-8.3834,0.0]],[[113.4778,-8.3863,0.0],[113.4774,-8.3857,0.0],[113.4775,-8.3868,0.0],[113.4778,-8.3863,0.0]],[[113.3465,-8.3314,0.0],[113.3465,-8.3316,0.0],[113.3491,-8.3343,0.0],[113.3465,-8.3314,0.0]],[[113.3535,-8.3119,0.0],[113.353,-8.3117,0.0],[113.35,-8.3128,0.0],[113.3535,-8.3119,0.0]],[[113.3565,-8.3173,0.0],[113.3547,-8.3124,0.0],[113.3537,-8.312,0.0],[113.3565,-8.3173,0.0]],[[113.404,-8.282,0.0],[113.4038,-8.2778,0.0],[113.404,-8.2821,0.0],[113.404,-8.282,0.0]],[[113.4039,-8.273,0.0],[113.4036,-8.2736,0.0],[113.4036,-8.2738,0.0],[113.4039,-8.273,0.0]],[[113.4058,-8.2695,0.0],[113.4057,-8.2694,0.0],[113.4057,-8.2695,0.0],[113.4058,-8.2695,0.0]],[[113.4569,-8.2854,0.0],[113.4567,-8.286,0.0],[113.4603,-8.2834,0.0],[113.4569,-8.2854,0.0]],[[113.4567,-8.286,0.0],[113.456,-8.2881,0.0],[113.4623,-8.2866,0.0],[113.4567,-8.286,0.0]],[[113.4477,-8.2913,0.0],[113.4554,-8.289,0.0],[113.4555,-8.2888,0.0],[113.4477,-8.2913,0.0]],[[113.4446,-8.302,0.0],[113.4447,-8.302,0.0],[113.4454,-8.2993,0.0],[113.4446,-8.302,0.0]],[[113.4435,-8.3133,0.0],[113.4435,-8.3135,0.0],[113.4454,-8.3033,0.0],[113.4435,-8.3133,0.0]],[[113.4436,-8.348,0.0],[113.4459,-8.3471,0.0],[113.4459,-8.347,0.0],[113.4436,-8.348,0.0]],[[113.346,-8.3222,0.0],[113.3455,-8.3253,0.0],[113.3475,-8.3203,0.0],[113.346,-8.3222,0.0]],[[113.3495,-8.3236,0.0],[113.3494,-8.3233,0.0],[113.348,-8.3243,0.0],[113.3495,-8.3236,0.0]],[[113.4723,-8.2677,0.0],[113.4719,-8.2687,0.0],[113.4749,-8.2669,0.0],[113.4723,-8.2677,0.0]],[[113.4769,-8.2646,0.0],[113.4813,-8.267,0.0],[113.477,-8.2645,0.0],[113.4769,-8.2646,0.0]],[[113.4777,-8.263,0.0],[113.4772,-8.2641,0.0],[113.4778,-8.263,0.0],[113.4777,-8.263,0.0]],[[113.484,-8.2582,0.0],[113.481,-8.2605,0.0],[113.4839,-8.2592,0.0],[113.484,-8.2582,0.0]],[[113.4818,-8.2728,0.0],[113.4848,-8.2753,0.0],[113.4858,-8.2757,0.0],[113.4818,-8.2728,0.0]],[[113.4879,-8.2771,0.0],[113.4885,-8.2786,0.0],[113.491,-8.2794,0.0],[113.4879,-8.2771,0.0]],[[113.507,-8.2883,0.0],[113.5133,-8.2975,0.0],[113.5134,-8.2974,0.0],[113.507,-8.2883,0.0]],[[113.3424,-8.2704,0.0],[113.3417,-8.27,0.0],[113.3431,-8.271,0.0],[113.3424,-8.2704,0.0]],[[113.3453,-8.2731,0.0],[113.3452,-8.2729,0.0],[113.345,-8.2731,0.0],[113.3453,-8.2731,0.0]],[[113.3423,-8.2756,0.0],[113.3411,-8.2751,0.0],[113.3411,-8.2753,0.0],[113.3423,-8.2756,0.0]],[[113.3454,-8.275,0.0],[113.3433,-8.2759,0.0],[113.3435,-8.2759,0.0],[113.3454,-8.275,0.0]],[[113.3486,-8.2756,0.0],[113.3478,-8.2776,0.0],[113.348,-8.2777,0.0],[113.3486,-8.2756,0.0]],[[113.3587,-8.2405,0.0],[113.3587,-8.2406,0.0],[113.368,-8.2371,0.0],[113.3587,-8.2405,0.0]],[[113.3818,-8.2332,0.0],[113.3775,-8.2516,0.0],[113.3826,-8.2331,0.0],[113.3818,-8.2332,0.0]],[[113.3898,-8.2541,0.0],[113.3891,-8.2537,0.0],[113.3911,-8.2551,0.0],[113.3898,-8.2541,0.0]],[[113.4036,-8.2653,0.0],[113.4031,-8.2649,0.0],[113.4036,-8.2655,0.0],[113.4036,-8.2653,0.0]],[[113.4094,-8.1882,0.0],[113.398,-8.2082,0.0],[113.4033,-8.1996,0.0],[113.4094,-8.1882,0.0]],[[113.4137,-8.2059,0.0],[113.4142,-8.2068,0.0],[113.4194,-8.2071,0.0],[113.4137,-8.2059,0.0]],[[113.4676,-8.2239,0.0],[113.4701,-8.2211,0.0],[113.4696,-8.2213,0.0],[113.4676,-8.2239,0.0]],[[113.4714,-8.2207,0.0],[113.477,-8.2202,0.0],[113.474,-8.2198,0.0],[113.4714,-8.2207,0.0]],[[113.4791,-8.22,0.0],[113.4798,-8.2199,0.0],[113.4801,-8.2196,0.0],[113.4791,-8.22,0.0]],[[113.4317,-8.1348,0.0],[113.4307,-8.1365,0.0],[113.4318,-8.1349,0.0],[113.4317,-8.1348,0.0]],[[113.4295,-8.1409,0.0],[113.4296,-8.1411,0.0],[113.4314,-8.1386,0.0],[113.4295,-8.1409,0.0]],[[113.4306,-8.1431,0.0],[113.4309,-8.1421,0.0],[113.4297,-8.1413,0.0],[113.4306,-8.1431,0.0]],[[113.43,-8.1511,0.0],[113.4301,-8.1514,0.0],[113.4331,-8.1483,0.0],[113.43,-8.1511,0.0]],[[113.4402,-8.1602,0.0],[113.4395,-8.1592,0.0],[113.4334,-8.1568,0.0],[113.4402,-8.1602,0.0]],[[113.4383,-8.1674,0.0],[113.4407,-8.161,0.0],[113.4405,-8.1607,0.0],[113.4383,-8.1674,0.0]],[[113.4374,-8.17,0.0],[113.4376,-8.1705,0.0],[113.4375,-8.1698,0.0],[113.4374,-8.17,0.0]],[[113.3685,-8.1234,0.0],[113.3685,-8.1234,0.0],[113.3685,-8.1234,0.0],[113.3685,-8.1234,0.0]],[[113.5592,-8.3948,0.0],[113.5524,-8.3924,0.0],[113.5499,-8.3926,0.0],[113.5592,-8.3948,0.0]],[[113.5493,-8.3924,0.0],[113.5491,-8.3921,0.0],[113.5491,-8.3924,0.0],[113.5493,-8.3924,0.0]],[[113.549,-8.3898,0.0],[113.5497,-8.3883,0.0],[113.5488,-8.3854,0.0],[113.549,-8.3898,0.0]],[[113.5456,-8.3895,0.0],[113.5455,-8.3892,0.0],[113.5454,-8.3897,0.0],[113.5456,-8.3895,0.0]],[[113.546,-8.3872,0.0],[113.5479,-8.3825,0.0],[113.5464,-8.3857,0.0],[113.546,-8.3872,0.0]],[[113.5906,-8.3078,0.0],[113.5942,-8.308,0.0],[113.5906,-8.3078,0.0],[113.5906,-8.3078,0.0]],[[113.5729,-8.0273,0.0],[113.5767,-8.0224,0.0],[113.5729,-8.027,0.0],[113.5729,-8.0273,0.0]],[[113.569,-8.085,0.0],[113.5701,-8.0819,0.0],[113.569,-8.085,0.0],[113.569,-8.085,0.0]],[[113.5728,-8.0946,0.0],[113.57,-8.0905,0.0],[113.5727,-8.0959,0.0],[113.5728,-8.0946,0.0]],[[113.5753,-8.0986,0.0],[113.5732,-8.0968,0.0],[113.5738,-8.098,0.0],[113.5753,-8.0986,0.0]],[[113.58,-8.1038,0.0],[113.5845,-8.1067,0.0],[113.5786,-8.1015,0.0],[113.58,-8.1038,0.0]],[[113.5903,-8.1186,0.0],[113.5896,-8.1173,0.0],[113.59,-8.1203,0.0],[113.5903,-8.1186,0.0]],[[113.5925,-8.1285,0.0],[113.5903,-8.1229,0.0],[113.5906,-8.1249,0.0],[113.5925,-8.1285,0.0]],[[113.596,-8.1449,0.0],[113.596,-8.1427,0.0],[113.5958,-8.1463,0.0],[113.596,-8.1449,0.0]],[[113.5955,-8.1482,0.0],[113.5956,-8.1479,0.0],[113.593,-8.1512,0.0],[113.5955,-8.1482,0.0]],[[113.5917,-8.1634,0.0],[113.5908,-8.1618,0.0],[113.5906,-8.1623,0.0],[113.5917,-8.1634,0.0]],[[113.5908,-8.1745,0.0],[113.595,-8.1749,0.0],[113.5979,-8.1751,0.0],[113.5908,-8.1745,0.0]],[[113.6313,-8.1908,0.0],[113.6333,-8.1858,0.0],[113.6253,-8.1864,0.0],[113.6332,-8.1861,0.0],[113.6313,-8.1908,0.0]],[[113.6346,-8.1799,0.0],[113.6334,-8.1855,0.0],[113.6343,-8.1834,0.0],[113.6346,-8.1799,0.0]],[[113.6332,-8.1789,0.0],[113.6331,-8.1796,0.0],[113.6346,-8.1799,0.0],[113.6332,-8.1789,0.0]],[[113.644,-8.0978,0.0],[113.6481,-8.1035,0.0],[113.6441,-8.0976,0.0],[113.644,-8.0978,0.0]],[[113.6448,-8.0905,0.0],[113.6443,-8.0951,0.0],[113.6458,-8.0861,0.0],[113.6448,-8.0905,0.0]],[[113.6501,-8.0834,0.0],[113.6491,-8.0836,0.0],[113.6458,-8.0861,0.0],[113.6501,-8.0834,0.0]],[[113.6529,-8.0827,0.0],[113.651,-8.0832,0.0],[113.6615,-8.0843,0.0],[113.6529,-8.0827,0.0]],[[113.6749,-8.0614,0.0],[113.6766,-8.0597,0.0],[113.6749,-8.0613,0.0],[113.6749,-8.0614,0.0]],[[113.6777,-8.069,0.0],[113.675,-8.0615,0.0],[113.6757,-8.0655,0.0],[113.6777,-8.069,0.0]],[[113.6832,-8.0746,0.0],[113.6789,-8.0711,0.0],[113.6801,-8.0731,0.0],[113.6832,-8.0746,0.0]],[[113.6828,-8.0776,0.0],[113.6824,-8.0766,0.0],[113.6823,-8.0769,0.0],[113.6828,-8.0776,0.0]],[[113.6843,-8.0798,0.0],[113.6843,-8.0798,0.0],[113.6843,-8.0798,0.0],[113.6843,-8.0798,0.0]],[[113.6841,-8.0803,0.0],[113.6853,-8.0819,0.0],[113.6792,-8.083,0.0],[113.6841,-8.0803,0.0]],[[113.6981,-8.1008,0.0],[113.698,-8.1006,0.0],[113.6996,-8.1069,0.0],[113.6981,-8.1008,0.0]],[[113.7139,-8.1234,0.0],[113.7121,-8.1226,0.0],[113.7122,-8.1228,0.0],[113.7139,-8.1234,0.0]],[[113.7428,-8.1255,0.0],[113.7358,-8.1234,0.0],[113.7428,-8.1256,0.0],[113.7428,-8.1255,0.0]],[[113.7616,-8.1484,0.0],[113.7615,-8.1483,0.0],[113.7563,-8.1516,0.0],[113.7616,-8.1484,0.0]],[[113.7445,-8.1673,0.0],[113.7486,-8.1555,0.0],[113.7445,-8.1673,0.0],[113.7445,-8.1673,0.0]],[[113.7314,-8.2104,0.0],[113.7348,-8.2125,0.0],[113.7314,-8.2104,0.0],[113.7314,-8.2104,0.0]],[[113.7304,-8.215,0.0],[113.7288,-8.2123,0.0],[113.73,-8.2152,0.0],[113.7304,-8.215,0.0]],[[113.7247,-8.2177,0.0],[113.7292,-8.2156,0.0],[113.7242,-8.2169,0.0],[113.7247,-8.2177,0.0]],[[113.7849,-8.2143,0.0],[113.7848,-8.2142,0.0],[113.7852,-8.2166,0.0],[113.7849,-8.2143,0.0]],[[113.7854,-8.2185,0.0],[113.7854,-8.2183,0.0],[113.7792,-8.2305,0.0],[113.7854,-8.2185,0.0]],[[113.7836,-8.2407,0.0],[113.7822,-8.234,0.0],[113.7828,-8.239,0.0],[113.7836,-8.2407,0.0]],[[113.7858,-8.2446,0.0],[113.7853,-8.2439,0.0],[113.7859,-8.2452,0.0],[113.7858,-8.2446,0.0]],[[113.7864,-8.2485,0.0],[113.7861,-8.2468,0.0],[113.7853,-8.2506,0.0],[113.7864,-8.2485,0.0]],[[113.7842,-8.2699,0.0],[113.7848,-8.2665,0.0],[113.7807,-8.2777,0.0],[113.7842,-8.2699,0.0]],[[113.7669,-8.3038,0.0],[113.7681,-8.3047,0.0],[113.768,-8.3045,0.0],[113.7669,-8.3038,0.0]],[[113.6758,-8.2951,0.0],[113.6766,-8.2946,0.0],[113.6777,-8.2913,0.0],[113.6758,-8.2951,0.0]],[[113.6738,-8.3027,0.0],[113.6744,-8.3019,0.0],[113.6758,-8.2951,0.0],[113.6738,-8.3027,0.0]],[[113.6737,-8.3273,0.0],[113.6724,-8.3254,0.0],[113.6736,-8.3274,0.0],[113.6737,-8.3273,0.0]],[[113.6704,-8.331,0.0],[113.6717,-8.3296,0.0],[113.6704,-8.3309,0.0],[113.6704,-8.331,0.0]],[[113.6711,-8.3365,0.0],[113.6705,-8.3322,0.0],[113.6707,-8.3363,0.0],[113.6711,-8.3365,0.0]],[[113.6126,-8.2646,0.0],[113.6093,-8.2646,0.0],[113.6126,-8.2648,0.0],[113.6126,-8.2646,0.0]],[[113.6074,-8.2663,0.0],[113.6073,-8.2664,0.0],[113.6093,-8.2646,0.0],[113.6074,-8.2663,0.0]],[[113.6081,-8.282,0.0],[113.6009,-8.2828,0.0],[113.603,-8.2797,0.0],[113.599,-8.2844,0.0],[113.6081,-8.282,0.0]],[[113.5977,-8.2857,0.0],[113.5969,-8.2857,0.0],[113.5976,-8.2858,0.0],[113.5977,-8.2857,0.0]],[[113.6316,-8.1991,0.0],[113.6274,-8.2026,0.0],[113.6273,-8.2038,0.0],[113.6316,-8.1991,0.0]],[[113.6272,-8.2042,0.0],[113.6272,-8.2046,0.0],[113.6273,-8.2047,0.0],[113.6272,-8.2042,0.0]],[[113.6308,-8.2211,0.0],[113.6325,-8.22,0.0],[113.6252,-8.2193,0.0],[113.6308,-8.2211,0.0]],[[113.5728,-8.232,0.0],[113.5681,-8.2313,0.0],[113.5681,-8.2314,0.0],[113.5728,-8.232,0.0]],[[113.5809,-8.2206,0.0],[113.586,-8.2142,0.0],[113.5859,-8.2138,0.0],[113.5809,-8.2206,0.0]],[[113.5856,-8.2095,0.0],[113.5862,-8.2082,0.0],[113.5849,-8.2058,0.0],[113.5856,-8.2095,0.0]],[[113.5848,-8.2056,0.0],[113.5868,-8.2045,0.0],[113.5848,-8.2055,0.0],[113.5848,-8.2056,0.0]],[[113.592,-8.1953,0.0],[113.5936,-8.1915,0.0],[113.5935,-8.1914,0.0],[113.592,-8.1953,0.0]],[[113.5955,-8.1813,0.0],[113.5933,-8.1783,0.0],[113.5954,-8.1814,0.0],[113.5955,-8.1813,0.0]],[[113.6628,-8.248,0.0],[113.6621,-8.2479,0.0],[113.662,-8.2481,0.0],[113.6628,-8.248,0.0]],[[113.672,-8.2496,0.0],[113.6721,-8.2488,0.0],[113.6696,-8.2486,0.0],[113.672,-8.2496,0.0]],[[113.6791,-8.2496,0.0],[113.6793,-8.2495,0.0],[113.6764,-8.2492,0.0],[113.6791,-8.2496,0.0]],[[113.6964,-8.2428,0.0],[113.6983,-8.243,0.0],[113.699,-8.242,0.0],[113.6964,-8.2428,0.0]],[[113.6781,-8.275,0.0],[113.677,-8.2788,0.0],[113.6785,-8.2746,0.0],[113.6781,-8.275,0.0]],[[113.6761,-8.282,0.0],[113.6764,-8.2824,0.0],[113.6763,-8.2816,0.0],[113.6761,-8.282,0.0]],[[113.6396,-8.207,0.0],[113.6397,-8.2002,0.0],[113.6395,-8.2069,0.0],[113.6396,-8.207,0.0]],[[113.6509,-8.1975,0.0],[113.6514,-8.2006,0.0],[113.6511,-8.1976,0.0],[113.6509,-8.1975,0.0]],[[113.6546,-8.1963,0.0],[113.6527,-8.1987,0.0],[113.6547,-8.1968,0.0],[113.6546,-8.1963,0.0]],[[113.655,-8.1996,0.0],[113.6549,-8.1983,0.0],[113.6547,-8.1996,0.0],[113.655,-8.1996,0.0]],[[113.659,-8.1985,0.0],[113.6554,-8.1997,0.0],[113.6575,-8.1997,0.0],[113.659,-8.1985,0.0]],[[113.6623,-8.1953,0.0],[113.6619,-8.1959,0.0],[113.6625,-8.1955,0.0],[113.6623,-8.1953,0.0]],[[113.6652,-8.1994,0.0],[113.663,-8.1963,0.0],[113.6638,-8.1984,0.0],[113.6652,-8.1994,0.0]],[[113.6659,-8.1996,0.0],[113.6657,-8.1997,0.0],[113.6658,-8.1997,0.0],[113.6659,-8.1996,0.0]],[[113.6722,-8.1971,0.0],[113.6716,-8.1973,0.0],[113.6723,-8.1971,0.0],[113.6722,-8.1971,0.0]],[[113.6742,-8.1986,0.0],[113.6725,-8.1973,0.0],[113.6742,-8.2,0.0],[113.6742,-8.1986,0.0]],[[113.6797,-8.2151,0.0],[113.684,-8.2142,0.0],[113.6803,-8.2144,0.0],[113.6836,-8.2088,0.0],[113.6797,-8.2151,0.0]],[[113.6843,-8.2174,0.0],[113.6857,-8.2175,0.0],[113.6797,-8.2151,0.0],[113.6843,-8.2174,0.0]],[[113.6921,-8.2125,0.0],[113.692,-8.2132,0.0],[113.694,-8.2097,0.0],[113.6921,-8.2125,0.0]],[[113.7322,-8.2081,0.0],[113.7289,-8.2072,0.0],[113.7234,-8.2069,0.0],[113.7322,-8.2081,0.0]],[[113.6859,-8.2175,0.0],[113.686,-8.2175,0.0],[113.6862,-8.2173,0.0],[113.6859,-8.2175,0.0]],[[113.7012,-8.2383,0.0],[113.7013,-8.2356,0.0],[113.6998,-8.2407,0.0],[113.7012,-8.2383,0.0]],[[113.7217,-8.2171,0.0],[113.7202,-8.2175,0.0],[113.7202,-8.2175,0.0],[113.7217,-8.2171,0.0]],[[113.7241,-8.2169,0.0],[113.7238,-8.217,0.0],[113.7229,-8.2186,0.0],[113.7241,-8.2169,0.0]],[[113.6418,-8.1851,0.0],[113.6418,-8.1818,0.0],[113.6418,-8.1818,0.0],[113.6418,-8.1851,0.0]],[[113.6663,-8.1442,0.0],[113.6674,-8.1403,0.0],[113.6674,-8.1402,0.0],[113.6663,-8.1442,0.0]],[[113.6672,-8.1399,0.0],[113.6655,-8.1371,0.0],[113.6651,-8.1374,0.0],[113.6672,-8.1399,0.0]],[[113.6723,-8.1326,0.0],[113.6742,-8.1375,0.0],[113.6721,-8.1313,0.0],[113.6723,-8.1326,0.0]],[[113.6736,-8.1477,0.0],[113.6771,-8.1527,0.0],[113.6772,-8.1526,0.0],[113.6736,-8.1477,0.0]],[[113.676,-8.1543,0.0],[113.6764,-8.1568,0.0],[113.6765,-8.1568,0.0],[113.676,-8.1543,0.0]],[[113.6784,-8.1577,0.0],[113.681,-8.1588,0.0],[113.6809,-8.1585,0.0],[113.6784,-8.1577,0.0]],[[113.6812,-8.1598,0.0],[113.6813,-8.1638,0.0],[113.6814,-8.1606,0.0],[113.6812,-8.1598,0.0]],[[113.7055,-8.1714,0.0],[113.7055,-8.1717,0.0],[113.706,-8.1715,0.0],[113.7055,-8.1714,0.0]],[[113.7074,-8.1711,0.0],[113.7079,-8.1709,0.0],[113.7076,-8.1707,0.0],[113.7074,-8.1711,0.0]],[[113.7125,-8.1569,0.0],[113.7133,-8.1565,0.0],[113.7125,-8.1567,0.0],[113.7125,-8.1569,0.0]],[[113.7171,-8.1545,0.0],[113.7191,-8.1535,0.0],[113.7175,-8.154,0.0],[113.7171,-8.1545,0.0]],[[113.7199,-8.1533,0.0],[113.7202,-8.1534,0.0],[113.7202,-8.1532,0.0],[113.7199,-8.1533,0.0]],[[113.7211,-8.151,0.0],[113.7229,-8.1521,0.0],[113.7211,-8.1507,0.0],[113.7211,-8.151,0.0]],[[113.7252,-8.1517,0.0],[113.725,-8.1516,0.0],[113.7229,-8.1521,0.0],[113.7252,-8.1517,0.0]],[[113.7055,-8.2022,0.0],[113.7054,-8.2022,0.0],[113.6967,-8.2077,0.0],[113.7055,-8.2022,0.0]],[[113.7055,-8.1718,0.0],[113.7055,-8.1729,0.0],[113.707,-8.174,0.0],[113.7055,-8.1718,0.0]],[[113.6954,-8.1184,0.0],[113.6955,-8.1181,0.0],[113.6944,-8.1155,0.0],[113.6954,-8.1184,0.0]],[[113.6864,-8.1174,0.0],[113.6862,-8.1172,0.0],[113.6865,-8.1176,0.0],[113.6864,-8.1174,0.0]],[[113.6707,-8.1066,0.0],[113.6707,-8.1071,0.0],[113.6726,-8.1062,0.0],[113.6707,-8.1066,0.0]],[[113.6716,-8.1248,0.0],[113.6698,-8.114,0.0],[113.6713,-8.1261,0.0],[113.6716,-8.1248,0.0]],[[113.7741,-8.1153,0.0],[113.7767,-8.1146,0.0],[113.7741,-8.1152,0.0],[113.7741,-8.1153,0.0]],[[113.7703,-8.1198,0.0],[113.7716,-8.1211,0.0],[113.775,-8.1175,0.0],[113.7703,-8.1198,0.0]],[[113.7872,-8.0694,0.0],[113.7828,-8.0765,0.0],[113.7856,-8.073,0.0],[113.7872,-8.0694,0.0]],[[113.7722,-8.1021,0.0],[113.7701,-8.102,0.0],[113.7701,-8.1021,0.0],[113.7722,-8.1021,0.0]],[[113.7722,-8.1026,0.0],[113.7718,-8.1052,0.0],[113.7723,-8.1053,0.0],[113.7722,-8.1026,0.0]],[[113.6712,-7.988,0.0],[113.6716,-7.9926,0.0],[113.6713,-7.9877,0.0],[113.6712,-7.988,0.0]],[[113.6751,-7.9986,0.0],[113.6781,-8.0094,0.0],[113.6782,-8.0088,0.0],[113.6751,-7.9986,0.0]],[[113.7681,-8.1297,0.0],[113.7695,-8.1251,0.0],[113.7678,-8.1283,0.0],[113.7681,-8.1297,0.0]],[[113.7663,-8.1311,0.0],[113.7663,-8.1312,0.0],[113.7681,-8.1297,0.0],[113.7663,-8.1311,0.0]],[[113.7965,-8.1536,0.0],[113.7968,-8.1589,0.0],[113.7984,-8.1497,0.0],[113.7965,-8.1536,0.0]],[[113.8002,-8.1721,0.0],[113.8001,-8.1718,0.0],[113.8,-8.1721,0.0],[113.8002,-8.1721,0.0]],[[113.7969,-8.1735,0.0],[113.7982,-8.1729,0.0],[113.796,-8.1734,0.0],[113.7969,-8.1735,0.0]],[[113.7996,-8.1754,0.0],[113.7998,-8.1754,0.0],[113.7989,-8.1737,0.0],[113.7996,-8.1754,0.0]],[[113.8071,-8.1682,0.0],[113.8061,-8.1733,0.0],[113.8041,-8.174,0.0],[113.8118,-8.1715,0.0],[113.8065,-8.173,0.0],[113.8071,-8.1682,0.0]],[[113.8188,-8.1684,0.0],[113.8182,-8.1685,0.0],[113.819,-8.1684,0.0],[113.8188,-8.1684,0.0]],[[113.8323,-8.1697,0.0],[113.8322,-8.1698,0.0],[113.8358,-8.1715,0.0],[113.8323,-8.1697,0.0]],[[113.8498,-8.1842,0.0],[113.8489,-8.1766,0.0],[113.8478,-8.1772,0.0],[113.8498,-8.1842,0.0]],[[113.8649,-8.1781,0.0],[113.8646,-8.1782,0.0],[113.8649,-8.1783,0.0],[113.8649,-8.1781,0.0]],[[113.8046,-8.2403,0.0],[113.8048,-8.2403,0.0],[113.807,-8.238,0.0],[113.8046,-8.2403,0.0]],[[113.8206,-8.2289,0.0],[113.8246,-8.2267,0.0],[113.821,-8.2283,0.0],[113.8206,-8.2289,0.0]],[[113.833,-8.2266,0.0],[113.833,-8.2265,0.0],[113.8354,-8.2225,0.0],[113.833,-8.2266,0.0]],[[113.8419,-8.2131,0.0],[113.8437,-8.2129,0.0],[113.8437,-8.2128,0.0],[113.8419,-8.2131,0.0]],[[113.8438,-8.2126,0.0],[113.8476,-8.2053,0.0],[113.8475,-8.2038,0.0],[113.8438,-8.2126,0.0]],[[113.7259,-8.3069,0.0],[113.7248,-8.3186,0.0],[113.726,-8.3068,0.0],[113.7259,-8.3069,0.0]],[[113.7422,-8.3347,0.0],[113.7426,-8.3347,0.0],[113.7427,-8.331,0.0],[113.7422,-8.3347,0.0]],[[113.7463,-8.335,0.0],[113.7464,-8.3349,0.0],[113.7451,-8.3349,0.0],[113.7463,-8.335,0.0]],[[113.7477,-8.3328,0.0],[113.7475,-8.3328,0.0],[113.7473,-8.3335,0.0],[113.7477,-8.3328,0.0]],[[113.7519,-8.3319,0.0],[113.7498,-8.332,0.0],[113.7491,-8.3323,0.0],[113.7519,-8.3319,0.0]],[[113.752,-8.3344,0.0],[113.7523,-8.3339,0.0],[113.7519,-8.3319,0.0],[113.752,-8.3344,0.0]],[[113.8468,-8.3812,0.0],[113.847,-8.3811,0.0],[113.8469,-8.3787,0.0],[113.8468,-8.3812,0.0]],[[113.8875,-8.3459,0.0],[113.8884,-8.3462,0.0],[113.8867,-8.3435,0.0],[113.8875,-8.3459,0.0]],[[113.8908,-8.3469,0.0],[113.8943,-8.3462,0.0],[113.8898,-8.3466,0.0],[113.8908,-8.3469,0.0]],[[113.8984,-8.3452,0.0],[113.8966,-8.3443,0.0],[113.8965,-8.3445,0.0],[113.8984,-8.3452,0.0]],[[113.9007,-8.3469,0.0],[113.9008,-8.3465,0.0],[113.9004,-8.3469,0.0],[113.9007,-8.3469,0.0]],[[113.9057,-8.343,0.0],[113.9038,-8.3425,0.0],[113.9037,-8.3425,0.0],[113.9057,-8.343,0.0]],[[113.8081,-8.0904,0.0],[113.8068,-8.0945,0.0],[113.807,-8.0951,0.0],[113.8081,-8.0904,0.0]],[[113.8072,-8.0957,0.0],[113.8074,-8.0962,0.0],[113.8108,-8.0951,0.0],[113.8072,-8.0957,0.0]],[[113.8154,-8.0935,0.0],[113.8162,-8.0932,0.0],[113.8156,-8.0929,0.0],[113.8154,-8.0935,0.0]],[[113.8316,-8.0972,0.0],[113.8306,-8.0986,0.0],[113.8307,-8.0986,0.0],[113.8316,-8.0972,0.0]],[[113.8308,-8.0986,0.0],[113.833,-8.0988,0.0],[113.8382,-8.0975,0.0],[113.8308,-8.0986,0.0]],[[113.858,-8.0943,0.0],[113.8584,-8.0945,0.0],[113.8584,-8.0944,0.0],[113.858,-8.0943,0.0]],[[113.9084,-8.1152,0.0],[113.9136,-8.1182,0.0],[113.9138,-8.1181,0.0],[113.9084,-8.1152,0.0]],[[113.9157,-8.1174,0.0],[113.9167,-8.1169,0.0],[113.9166,-8.1169,0.0],[113.9157,-8.1174,0.0]],[[113.8144,-8.1624,0.0],[113.8137,-8.1626,0.0],[113.8135,-8.1652,0.0],[113.8144,-8.1624,0.0]],[[113.8211,-8.1609,0.0],[113.8215,-8.1604,0.0],[113.8167,-8.1617,0.0],[113.8211,-8.1609,0.0]],[[113.8302,-8.1517,0.0],[113.8302,-8.1516,0.0],[113.8255,-8.1547,0.0],[113.8302,-8.1517,0.0]],[[113.8517,-8.1352,0.0],[113.8516,-8.1351,0.0],[113.8496,-8.1366,0.0],[113.8517,-8.1352,0.0]],[[113.8407,-8.1192,0.0],[113.8373,-8.116,0.0],[113.8407,-8.1193,0.0],[113.8407,-8.1192,0.0]],[[113.8368,-8.1091,0.0],[113.8365,-8.1089,0.0],[113.8368,-8.1099,0.0],[113.8368,-8.1091,0.0]],[[113.833,-8.1027,0.0],[113.8329,-8.1035,0.0],[113.8349,-8.1053,0.0],[113.833,-8.1027,0.0]],[[113.8879,-8.075,0.0],[113.8878,-8.075,0.0],[113.8873,-8.08,0.0],[113.8879,-8.075,0.0]]],[[[113.6162,-8.4996,0.0],[113.6163,-8.4996,0.0],[113.6158,-8.5005,0.0],[113.6162,-8.4996,0.0]]],[[[113.6146,-8.4996,0.0],[113.6144,-8.4995,0.0],[113.6151,-8.4995,0.0],[113.6146,-8.4996,0.0]]],[[[113.6144,-8.4995,0.0],[113.6142,-8.4995,0.0],[113.6143,-8.4994,0.0],[113.6144,-8.4995,0.0]]],[[[113.6161,-8.4995,0.0],[113.616,-8.4995,0.0],[113.6161,-8.4994,0.0],[113.6161,-8.4995,0.0]]],[[[113.6163,-8.4994,0.0],[113.6162,-8.4995,0.0],[113.6162,-8.4994,0.0],[113.6163,-8.4994,0.0]]],[[[113.6167,-8.4994,0.0],[113.6163,-8.4993,0.0],[113.6165,-8.4991,0.0],[113.6167,-8.4994,0.0]]],[[[113.5826,-8.4445,0.0],[113.5834,-8.4445,0.0],[113.583,-8.4449,0.0],[113.5826,-8.4445,0.0]]],[[[113.58,-8.4447,0.0],[113.5795,-8.4446,0.0],[113.5795,-8.4445,0.0],[113.58,-8.4447,0.0]]],[[[113.5897,-8.4431,0.0],[113.5902,-8.4435,0.0],[113.59,-8.4437,0.0],[113.5897,-8.4431,0.0]]],[[[113.6037,-8.4434,0.0],[113.6051,-8.4429,0.0],[113.6046,-8.4437,0.0],[113.6037,-8.4434,0.0]]],[[[113.5895,-8.4427,0.0],[113.5896,-8.4431,0.0],[113.5894,-8.4432,0.0],[113.5895,-8.4427,0.0]]],[[[113.5905,-8.4431,0.0],[113.59,-8.4428,0.0],[113.592,-8.4425,0.0],[113.5905,-8.4431,0.0]]],[[[113.5923,-8.4426,0.0],[113.5921,-8.4423,0.0],[113.5928,-8.4424,0.0],[113.5923,-8.4426,0.0]]],[[[113.5903,-8.4418,0.0],[113.5898,-8.442,0.0],[113.5898,-8.4417,0.0],[113.5903,-8.4418,0.0]]],[[[113.5802,-8.4417,0.0],[113.5781,-8.4413,0.0],[113.5797,-8.4404,0.0],[113.5802,-8.4417,0.0]]],[[[113.5492,-8.4396,0.0],[113.5494,-8.4397,0.0],[113.5493,-8.4397,0.0],[113.5492,-8.4396,0.0]]],[[[113.5489,-8.4395,0.0],[113.5489,-8.4394,0.0],[113.549,-8.4396,0.0],[113.5489,-8.4395,0.0]]],[[[113.5497,-8.4387,0.0],[113.5494,-8.4386,0.0],[113.55,-8.4384,0.0],[113.5497,-8.4387,0.0]]],[[[113.5514,-8.4382,0.0],[113.5505,-8.4382,0.0],[113.5508,-8.4378,0.0],[113.5514,-8.4382,0.0]]],[[[113.5526,-8.4373,0.0],[113.552,-8.4373,0.0],[113.5522,-8.437,0.0],[113.5526,-8.4373,0.0]]],[[[113.5546,-8.4367,0.0],[113.5548,-8.4364,0.0],[113.5552,-8.4369,0.0],[113.5546,-8.4367,0.0]]],[[[113.556,-8.4359,0.0],[113.5562,-8.436,0.0],[113.556,-8.4362,0.0],[113.556,-8.4359,0.0]]],[[[113.554,-8.4359,0.0],[113.5543,-8.4361,0.0],[113.5541,-8.4362,0.0],[113.554,-8.4359,0.0]]],[[[113.5581,-8.4358,0.0],[113.5577,-8.4358,0.0],[113.5585,-8.4351,0.0],[113.5581,-8.4358,0.0]]],[[[113.5562,-8.4351,0.0],[113.5559,-8.4347,0.0],[113.557,-8.4346,0.0],[113.5562,-8.4351,0.0]]],[[[113.5478,-8.4335,0.0],[113.5478,-8.4339,0.0],[113.5474,-8.4339,0.0],[113.5478,-8.4335,0.0]]],[[[113.5473,-8.4324,0.0],[113.5479,-8.4326,0.0],[113.5472,-8.4326,0.0],[113.5473,-8.4324,0.0]]],[[[113.7059,-8.531,0.0],[113.7073,-8.5322,0.0],[113.7039,-8.5327,0.0],[113.7059,-8.531,0.0]]],[[[113.7021,-8.532,0.0],[113.7028,-8.5316,0.0],[113.7035,-8.5317,0.0],[113.7021,-8.532,0.0]]],[[[113.7127,-8.5288,0.0],[113.7126,-8.5288,0.0],[113.7126,-8.5284,0.0],[113.7127,-8.5288,0.0]]],[[[113.6647,-8.5067,0.0],[113.6653,-8.5065,0.0],[113.6653,-8.5067,0.0],[113.6647,-8.5067,0.0]]],[[[113.6877,-8.5046,0.0],[113.6875,-8.5053,0.0],[113.6872,-8.5049,0.0],[113.6877,-8.5046,0.0]]],[[[113.6664,-8.5043,0.0],[113.666,-8.5047,0.0],[113.6658,-8.5038,0.0],[113.6664,-8.5043,0.0]]],[[[113.7132,-8.5047,0.0],[113.7152,-8.5034,0.0],[113.715,-8.5044,0.0],[113.7132,-8.5047,0.0]]],[[[113.6328,-8.5033,0.0],[113.6343,-8.5041,0.0],[113.6332,-8.5046,0.0],[113.6328,-8.5033,0.0]]],[[[113.6605,-8.5034,0.0],[113.6615,-8.4999,0.0],[113.6619,-8.5012,0.0],[113.6605,-8.5034,0.0]]],[[[113.6652,-8.5003,0.0],[113.6646,-8.5003,0.0],[113.6645,-8.5001,0.0],[113.6652,-8.5003,0.0]]],[[[113.6174,-8.5002,0.0],[113.6173,-8.4993,0.0],[113.6177,-8.4995,0.0],[113.6174,-8.5002,0.0]]],[[[113.6625,-8.4987,0.0],[113.6626,-8.4988,0.0],[113.6614,-8.4998,0.0],[113.6625,-8.4987,0.0]]],[[[113.6168,-8.4991,0.0],[113.6168,-8.4991,0.0],[113.6168,-8.4991,0.0],[113.6168,-8.4991,0.0]]],[[[113.6175,-8.4989,0.0],[113.6173,-8.499,0.0],[113.6173,-8.4988,0.0],[113.6175,-8.4989,0.0]]],[[[113.6176,-8.4982,0.0],[113.6192,-8.4982,0.0],[113.6178,-8.4986,0.0],[113.6176,-8.4982,0.0]]],[[[113.645,-8.4956,0.0],[113.6454,-8.4957,0.0],[113.6454,-8.4961,0.0],[113.645,-8.4956,0.0]]],[[[113.6457,-8.496,0.0],[113.6459,-8.4956,0.0],[113.6461,-8.4958,0.0],[113.6457,-8.496,0.0]]],[[[113.6237,-8.4719,0.0],[113.624,-8.4729,0.0],[113.6236,-8.4729,0.0],[113.6237,-8.4719,0.0]]],[[[113.6234,-8.4713,0.0],[113.6238,-8.4717,0.0],[113.6234,-8.4718,0.0],[113.6234,-8.4713,0.0]]],[[[113.6239,-8.4695,0.0],[113.6241,-8.4696,0.0],[113.6238,-8.4696,0.0],[113.6239,-8.4695,0.0]]],[[[113.8181,-8.5621,0.0],[113.818,-8.5624,0.0],[113.8179,-8.5621,0.0],[113.8181,-8.5621,0.0]]],[[[113.8114,-8.5616,0.0],[113.8113,-8.5615,0.0],[113.8116,-8.5613,0.0],[113.8114,-8.5616,0.0]]],[[[113.8131,-8.5615,0.0],[113.8131,-8.5612,0.0],[113.8132,-8.5613,0.0],[113.8131,-8.5615,0.0]]],[[[113.8139,-8.56,0.0],[113.8136,-8.5603,0.0],[113.8137,-8.5598,0.0],[113.8139,-8.56,0.0]]],[[[113.8006,-8.559,0.0],[113.801,-8.5589,0.0],[113.8008,-8.5603,0.0],[113.8006,-8.559,0.0]]],[[[113.8167,-8.5589,0.0],[113.8174,-8.5592,0.0],[113.8172,-8.56,0.0],[113.8167,-8.5589,0.0]]],[[[113.8165,-8.5592,0.0],[113.8161,-8.5596,0.0],[113.8159,-8.5594,0.0],[113.8165,-8.5592,0.0]]],[[[113.8073,-8.5584,0.0],[113.8072,-8.5588,0.0],[113.8068,-8.5582,0.0],[113.8073,-8.5584,0.0]]],[[[113.8175,-8.5585,0.0],[113.8177,-8.5584,0.0],[113.8178,-8.5586,0.0],[113.8175,-8.5585,0.0]]],[[[113.807,-8.5574,0.0],[113.8068,-8.5575,0.0],[113.8067,-8.5573,0.0],[113.807,-8.5574,0.0]]],[[[113.8092,-8.5572,0.0],[113.8086,-8.5574,0.0],[113.8083,-8.557,0.0],[113.8092,-8.5572,0.0]]],[[[113.8035,-8.5534,0.0],[113.8038,-8.5531,0.0],[113.8042,-8.5536,0.0],[113.8035,-8.5534,0.0]]],[[[113.801,-8.5491,0.0],[113.8016,-8.5496,0.0],[113.8007,-8.5503,0.0],[113.801,-8.5491,0.0]]],[[[113.7443,-8.5453,0.0],[113.7429,-8.5466,0.0],[113.7429,-8.5463,0.0],[113.7443,-8.5453,0.0]]],[[[113.7469,-8.5426,0.0],[113.747,-8.5444,0.0],[113.7442,-8.5446,0.0],[113.7469,-8.5426,0.0]]],[[[113.8238,-8.5435,0.0],[113.8236,-8.5436,0.0],[113.8235,-8.5431,0.0],[113.8238,-8.5435,0.0]]],[[[113.8349,-8.5398,0.0],[113.8341,-8.5394,0.0],[113.8349,-8.5389,0.0],[113.8349,-8.5398,0.0]]],[[[113.8304,-8.5347,0.0],[113.8306,-8.5341,0.0],[113.8309,-8.5344,0.0],[113.8304,-8.5347,0.0]]],[[[113.7558,-8.5226,0.0],[113.7556,-8.5224,0.0],[113.7557,-8.5223,0.0],[113.7558,-8.5226,0.0]]],[[[113.7553,-8.5212,0.0],[113.7548,-8.5209,0.0],[113.7551,-8.5207,0.0],[113.7553,-8.5212,0.0]]],[[[113.7904,-8.5144,0.0],[113.7887,-8.5146,0.0],[113.7912,-8.5131,0.0],[113.7904,-8.5144,0.0]]]]}},{"type":"Feature","properties":{"kab_kota":"Probolinggo","kode":"kab-probolinggo"},"geometry":{"type":"MultiPolygon","coordinates":[[[[113.0591,-8.0104,0.0],[113.0361,-7.9806,0.0],[113.009,-7.9634,0.0],[112.9928,-7.9602,0.0],[112.976,-7.9792,0.0],[112.9467,-7.9867,0.0],[112.9407,-7.9819,0.0],[112.9457,-7.9797,0.0],[112.9444,-7.9749,0.0],[112.9343,-7.973,0.0],[112.9264,-7.9626,0.0],[112.9383,-7.9496,0.0],[112.9526,-7.9455,0.0],[112.9567,-7.9172,0.0],[112.9474,-7.9088,0.0],[112.954,-7.9,0.0],[112.9803,-7.8976,0.0],[112.9672,-7.8964,0.0],[112.9693,-7.8877,0.0],[112.9848,-7.8789,0.0],[113.0274,-7.8339,0.0],[113.0472,-7.82,0.0],[113.0476,-7.8114,0.0],[113.0536,-7.8081,0.0],[113.0494,-7.8101,0.0],[113.049,-7.8041,0.0],[113.0537,-7.7853,0.0],[113.0502,-7.7759,0.0],[113.0569,-7.7621,0.0],[113.0547,-7.7482,0.0],[113.0694,-7.7352,0.0],[113.0881,-7.7074,0.0],[113.1007,-7.7023,0.0],[113.1079,-7.7206,0.0],[113.1143,-7.725,0.0],[113.1401,-7.7256,0.0],[113.1511,-7.741,0.0],[113.1632,-7.7419,0.0],[113.1697,-7.7354,0.0],[113.1675,-7.7279,0.0],[113.1779,-7.727,0.0],[113.1805,-7.7438,0.0],[113.1749,-7.7494,0.0],[113.1777,-7.7521,0.0],[113.1699,-7.7544,0.0],[113.1631,-7.7708,0.0],[113.164,-7.7793,0.0],[113.179,-7.7833,0.0],[113.177,-7.7885,0.0],[113.1831,-7.7907,0.0],[113.1786,-7.8101,0.0],[113.1751,-7.8102,0.0],[113.2003,-7.8125,0.0],[113.2083,-7.8044,0.0],[113.2041,-7.8127,0.0],[113.2151,-7.8203,0.0],[113.2259,-7.8016,0.0],[113.2371,-7.8082,0.0],[113.2359,-7.7976,0.0],[113.2398,-7.8009,0.0],[113.2425,-7.7945,0.0],[113.2339,-7.7798,0.0],[113.2374,-7.7731,0.0],[113.2319,-7.756,0.0],[113.2381,-7.7474,0.0],[113.2365,-7.7393,0.0],[113.2486,-7.7452,0.0],[113.2561,-7.7354,0.0],[113.2548,-7.749,0.0],[113.2737,-7.7776,0.0],[113.2726,-7.783,0.0],[113.2752,-7.7782,0.0],[113.2773,-7.7826,0.0],[113.2871,-7.7837,0.0],[113.2893,-7.7759,0.0],[113.3074,-7.7683,0.0],[113.3241,-7.7762,0.0],[113.3449,-7.7731,0.0],[113.3725,-7.7516,0.0],[113.3822,-7.7364,0.0],[113.3887,-7.7443,0.0],[113.3932,-7.7387,0.0],[113.4031,-7.7399,0.0],[113.4095,-7.7346,0.0],[113.4389,-7.7346,0.0],[113.4695,-7.7153,0.0],[113.4711,-7.7067,0.0],[113.4856,-7.6989,0.0],[113.5014,-7.6989,0.0],[113.5225,-7.7065,0.0],[113.525,-7.7037,0.0],[113.5255,-7.7074,0.0],[113.5255,-7.7036,0.0],[113.528,-7.7093,0.0],[113.5454,-7.7135,0.0],[113.564,-7.714,0.0],[113.577,-7.7068,0.0],[113.5977,-7.7151,0.0],[113.5907,-7.7166,0.0],[113.5883,-7.7265,0.0],[113.5779,-7.7274,0.0],[113.5732,-7.7444,0.0],[113.5764,-7.7562,0.0],[113.5984,-7.771,0.0],[113.6041,-7.7982,0.0],[113.5952,-7.7972,0.0],[113.6061,-7.7989,0.0],[113.5922,-7.8054,0.0],[113.6117,-7.8241,0.0],[113.6029,-7.8431,0.0],[113.6167,-7.8711,0.0],[113.6153,-7.8875,0.0],[113.6227,-7.8939,0.0],[113.6263,-7.9165,0.0],[113.6111,-7.9501,0.0],[113.6223,-7.9524,0.0],[113.6157,-7.9581,0.0],[113.6238,-7.9615,0.0],[113.6295,-7.9725,0.0],[113.6357,-7.9656,0.0],[113.6436,-7.9731,0.0],[113.6284,-7.9759,0.0],[113.614,-7.9921,0.0],[113.6137,-7.9888,0.0],[113.6054,-7.99,0.0],[113.6022,-7.9779,0.0],[113.5939,-7.9759,0.0],[113.5903,-7.9834,0.0],[113.5628,-7.9827,0.0],[113.5595,-7.9947,0.0],[113.5331,-8.0092,0.0],[113.5146,-8.0015,0.0],[113.4946,-8.005,0.0],[113.4923,-7.9988,0.0],[113.4821,-7.9942,0.0],[113.4758,-8.0256,0.0],[113.4654,-8.0275,0.0],[113.454,-8.0195,0.0],[113.4493,-8.0261,0.0],[113.4448,-8.0252,0.0],[113.4402,-8.0152,0.0],[113.4122,-8.0052,0.0],[113.4066,-8.008,0.0],[113.3909,-7.9973,0.0],[113.3789,-8.0205,0.0],[113.3614,-8.0278,0.0],[113.3587,-7.9997,0.0],[113.3482,-7.9844,0.0],[113.3417,-7.943,0.0],[113.3306,-7.9426,0.0],[113.3288,-7.9356,0.0],[113.3143,-7.9314,0.0],[113.3066,-7.9236,0.0],[113.2929,-7.9231,0.0],[113.295,-7.928,0.0],[113.2747,-7.9253,0.0],[113.274,-7.9187,0.0],[113.268,-7.9177,0.0],[113.268,-7.9031,0.0],[113.2625,-7.8959,0.0],[113.2566,-7.9069,0.0],[113.2485,-7.9077,0.0],[113.2078,-7.9,0.0],[113.2118,-7.9112,0.0],[113.2062,-7.9256,0.0],[113.1904,-7.9451,0.0],[113.1536,-7.9716,0.0],[113.1495,-7.9798,0.0],[113.136,-7.9765,0.0],[113.1126,-7.9953,0.0],[113.1059,-7.9843,0.0],[113.0788,-7.9842,0.0],[113.0591,-8.0104,0.0]],[[113.2798,-7.8168,0.0],[113.2824,-7.8135,0.0],[113.2822,-7.8128,0.0],[113.2798,-7.8168,0.0]],[[113.2824,-7.8207,0.0],[113.2822,-7.8198,0.0],[113.2822,-7.8197,0.0],[113.2824,-7.8207,0.0]],[[113.2829,-7.8265,0.0],[113.284,-7.8255,0.0],[113.2832,-7.8255,0.0],[113.2829,-7.8265,0.0]],[[113.3312,-7.8628,0.0],[113.3313,-7.8629,0.0],[113.329,-7.853,0.0],[113.3312,-7.8628,0.0]],[[113.3423,-7.8693,0.0],[113.3422,-7.8698,0.0],[113.3467,-7.8583,0.0],[113.3423,-7.8693,0.0]],[[113.3418,-7.8742,0.0],[113.3418,-7.8745,0.0],[113.3418,-7.8734,0.0],[113.3418,-7.8742,0.0]],[[113.3399,-7.8913,0.0],[113.34,-7.8915,0.0],[113.3483,-7.8912,0.0],[113.3399,-7.8913,0.0]],[[113.3152,-7.8617,0.0],[113.3146,-7.862,0.0],[113.3154,-7.8618,0.0],[113.3152,-7.8617,0.0]],[[113.3128,-7.8626,0.0],[113.3093,-7.8805,0.0],[113.313,-7.8626,0.0],[113.3128,-7.8626,0.0]],[[113.305,-7.8904,0.0],[113.3041,-7.891,0.0],[113.3055,-7.8904,0.0],[113.305,-7.8904,0.0]],[[113.3005,-7.8935,0.0],[113.301,-7.9008,0.0],[113.301,-7.8931,0.0],[113.3005,-7.8935,0.0]],[[112.9823,-7.8978,0.0],[112.9818,-7.8977,0.0],[112.9888,-7.9013,0.0],[112.9823,-7.8978,0.0]],[[113.037,-7.8641,0.0],[113.0386,-7.8628,0.0],[113.037,-7.8639,0.0],[113.037,-7.8641,0.0]],[[113.0355,-7.861,0.0],[113.0363,-7.8617,0.0],[113.0356,-7.8589,0.0],[113.0355,-7.861,0.0]],[[113.0399,-7.8561,0.0],[113.0398,-7.8561,0.0],[113.0356,-7.8589,0.0],[113.0399,-7.8561,0.0]],[[113.0617,-7.862,0.0],[113.0421,-7.8567,0.0],[113.0508,-7.8598,0.0],[113.0617,-7.862,0.0]],[[113.075,-7.8668,0.0],[113.0687,-7.866,0.0],[113.0693,-7.8664,0.0],[113.075,-7.8668,0.0]],[[113.0828,-7.8636,0.0],[113.0816,-7.8638,0.0],[113.075,-7.8668,0.0],[113.0828,-7.8636,0.0]],[[113.1018,-7.859,0.0],[113.1004,-7.8604,0.0],[113.1029,-7.859,0.0],[113.1018,-7.859,0.0]],[[113.1076,-7.8589,0.0],[113.1043,-7.859,0.0],[113.1082,-7.8598,0.0],[113.1076,-7.8589,0.0]],[[113.1163,-7.8583,0.0],[113.1158,-7.8584,0.0],[113.1161,-7.8585,0.0],[113.1163,-7.8583,0.0]],[[113.1259,-7.852,0.0],[113.1259,-7.8515,0.0],[113.1285,-7.856,0.0],[113.1259,-7.852,0.0]],[[113.1419,-7.8682,0.0],[113.1415,-7.8746,0.0],[113.1451,-7.8661,0.0],[113.1419,-7.8682,0.0]],[[113.1453,-7.866,0.0],[113.1452,-7.8661,0.0],[113.148,-7.8679,0.0],[113.1453,-7.866,0.0]],[[113.1664,-7.8648,0.0],[113.1575,-7.8641,0.0],[113.1661,-7.8649,0.0],[113.1664,-7.8648,0.0]],[[113.1694,-7.8614,0.0],[113.1667,-7.8646,0.0],[113.1684,-7.8638,0.0],[113.1694,-7.8614,0.0]],[[113.1713,-7.8619,0.0],[113.1712,-7.8616,0.0],[113.1694,-7.8614,0.0],[113.1713,-7.8619,0.0]],[[113.181,-7.8308,0.0],[113.1811,-7.8312,0.0],[113.1815,-7.8305,0.0],[113.181,-7.8308,0.0]],[[113.1843,-7.8258,0.0],[113.1841,-7.8259,0.0],[113.1908,-7.8269,0.0],[113.1843,-7.8258,0.0]],[[113.2139,-7.8254,0.0],[113.2155,-7.8238,0.0],[113.2138,-7.8253,0.0],[113.2139,-7.8254,0.0]],[[113.2147,-7.8266,0.0],[113.2147,-7.8266,0.0],[113.2146,-7.8269,0.0],[113.2147,-7.8266,0.0]],[[113.2133,-7.8289,0.0],[113.2135,-7.8286,0.0],[113.2101,-7.8303,0.0],[113.2133,-7.8289,0.0]],[[113.2086,-7.8408,0.0],[113.2075,-7.8398,0.0],[113.2085,-7.8409,0.0],[113.2086,-7.8408,0.0]],[[113.2048,-7.8483,0.0],[113.2053,-7.8442,0.0],[113.2047,-7.8483,0.0],[113.2048,-7.8483,0.0]],[[113.1985,-7.8565,0.0],[113.1984,-7.8528,0.0],[113.1979,-7.856,0.0],[113.1985,-7.8565,0.0]],[[113.1986,-7.8577,0.0],[113.1986,-7.8573,0.0],[113.1982,-7.8576,0.0],[113.1986,-7.8577,0.0]],[[113.2171,-7.877,0.0],[113.2181,-7.874,0.0],[113.2174,-7.8739,0.0],[113.2171,-7.877,0.0]],[[113.2074,-7.8993,0.0],[113.2079,-7.8933,0.0],[113.2071,-7.8986,0.0],[113.2074,-7.8993,0.0]],[[113.1417,-7.8757,0.0],[113.142,-7.8773,0.0],[113.1427,-7.8775,0.0],[113.1417,-7.8757,0.0]],[[113.1592,-7.887,0.0],[113.1595,-7.8874,0.0],[113.1605,-7.8875,0.0],[113.1592,-7.887,0.0]],[[113.1651,-7.8882,0.0],[113.1658,-7.8882,0.0],[113.1686,-7.8868,0.0],[113.1651,-7.8882,0.0]],[[113.1689,-7.8866,0.0],[113.169,-7.8866,0.0],[113.1698,-7.883,0.0],[113.1689,-7.8866,0.0]],[[113.187,-7.892,0.0],[113.1857,-7.8915,0.0],[113.1859,-7.8917,0.0],[113.187,-7.892,0.0]],[[113.1832,-7.8965,0.0],[113.179,-7.9063,0.0],[113.1791,-7.9068,0.0],[113.1832,-7.8965,0.0]],[[113.1792,-7.9076,0.0],[113.1793,-7.9079,0.0],[113.1846,-7.9128,0.0],[113.1792,-7.9076,0.0]],[[113.2001,-7.9244,0.0],[113.1915,-7.9193,0.0],[113.1942,-7.9217,0.0],[113.2001,-7.9244,0.0]],[[112.9957,-7.9593,0.0],[112.9954,-7.9528,0.0],[112.9955,-7.9594,0.0],[112.9957,-7.9593,0.0]],[[113.0012,-7.9485,0.0],[112.9954,-7.9493,0.0],[112.9954,-7.9494,0.0],[113.0012,-7.9485,0.0]],[[113.0021,-7.9483,0.0],[113.0043,-7.9463,0.0],[113.0021,-7.9483,0.0],[113.0021,-7.9483,0.0]],[[113.0518,-7.9268,0.0],[113.0517,-7.9268,0.0],[113.0467,-7.9304,0.0],[113.0518,-7.9268,0.0]],[[113.0559,-7.931,0.0],[113.0547,-7.9285,0.0],[113.0523,-7.9271,0.0],[113.0559,-7.931,0.0]],[[113.0735,-7.9313,0.0],[113.0763,-7.9274,0.0],[113.0691,-7.9352,0.0],[113.0735,-7.9313,0.0]],[[113.0764,-7.9272,0.0],[113.0758,-7.9253,0.0],[113.0764,-7.9273,0.0],[113.0764,-7.9272,0.0]],[[113.0885,-7.9232,0.0],[113.0802,-7.9171,0.0],[113.0802,-7.9171,0.0],[113.0885,-7.9232,0.0]],[[113.119,-7.9006,0.0],[113.1291,-7.9002,0.0],[113.1289,-7.9001,0.0],[113.119,-7.9006,0.0]],[[113.1317,-7.9032,0.0],[113.1308,-7.901,0.0],[113.1297,-7.9005,0.0],[113.1317,-7.9032,0.0]],[[113.1316,-7.9216,0.0],[113.1326,-7.9052,0.0],[113.1325,-7.905,0.0],[113.1316,-7.9216,0.0]],[[113.0894,-7.8679,0.0],[113.0844,-7.8666,0.0],[113.0844,-7.8666,0.0],[113.0894,-7.8679,0.0]],[[113.0878,-7.8712,0.0],[113.0878,-7.8703,0.0],[113.0876,-7.8703,0.0],[113.0878,-7.8712,0.0]],[[113.0878,-7.8725,0.0],[113.0878,-7.8724,0.0],[113.0859,-7.8726,0.0],[113.0878,-7.8725,0.0]],[[113.0693,-7.8876,0.0],[113.0741,-7.8807,0.0],[113.0692,-7.8874,0.0],[113.0693,-7.8876,0.0]],[[113.0774,-7.8914,0.0],[113.0695,-7.8881,0.0],[113.07,-7.889,0.0],[113.0774,-7.8914,0.0]],[[113.0887,-7.8991,0.0],[113.0893,-7.8941,0.0],[113.0886,-7.8992,0.0],[113.0887,-7.8991,0.0]],[[113.0833,-7.9083,0.0],[113.083,-7.9118,0.0],[113.0867,-7.9004,0.0],[113.0833,-7.9083,0.0]],[[113.2556,-7.8958,0.0],[113.2562,-7.8973,0.0],[113.2556,-7.8952,0.0],[113.2556,-7.8958,0.0]],[[113.2556,-7.8826,0.0],[113.2556,-7.8943,0.0],[113.2563,-7.8909,0.0],[113.2556,-7.8826,0.0]],[[113.2521,-7.8744,0.0],[113.2512,-7.8737,0.0],[113.2556,-7.8826,0.0],[113.2521,-7.8744,0.0]],[[113.2416,-7.8372,0.0],[113.2416,-7.8375,0.0],[113.2436,-7.8355,0.0],[113.2416,-7.8372,0.0]],[[113.2435,-7.8294,0.0],[113.2438,-7.8302,0.0],[113.2439,-7.8298,0.0],[113.2435,-7.8294,0.0]],[[113.2389,-7.8238,0.0],[113.242,-7.8261,0.0],[113.242,-7.8261,0.0],[113.2389,-7.8238,0.0]],[[113.2393,-7.8156,0.0],[113.2393,-7.8158,0.0],[113.2438,-7.8174,0.0],[113.2393,-7.8156,0.0]],[[113.2469,-7.8185,0.0],[113.2464,-7.8183,0.0],[113.2463,-7.825,0.0],[113.2469,-7.8185,0.0]],[[113.2541,-7.8163,0.0],[113.2514,-7.8171,0.0],[113.2544,-7.8169,0.0],[113.2541,-7.8163,0.0]],[[113.2565,-7.8158,0.0],[113.2548,-7.8169,0.0],[113.2557,-7.8169,0.0],[113.2565,-7.8158,0.0]],[[113.2741,-7.8219,0.0],[113.273,-7.8306,0.0],[113.2744,-7.8218,0.0],[113.2741,-7.8219,0.0]],[[113.2781,-7.8389,0.0],[113.2786,-7.8399,0.0],[113.2781,-7.8345,0.0],[113.2781,-7.8389,0.0]],[[113.2788,-7.8405,0.0],[113.2813,-7.8411,0.0],[113.2787,-7.8403,0.0],[113.2788,-7.8405,0.0]],[[113.2864,-7.8594,0.0],[113.2865,-7.8597,0.0],[113.2859,-7.8534,0.0],[113.2864,-7.8594,0.0]],[[113.2901,-7.8716,0.0],[113.2899,-7.8688,0.0],[113.2899,-7.8688,0.0],[113.2901,-7.8716,0.0]],[[113.2871,-7.8815,0.0],[113.2903,-7.874,0.0],[113.2903,-7.8739,0.0],[113.2871,-7.8815,0.0]],[[113.2865,-7.914,0.0],[113.2865,-7.914,0.0],[113.2878,-7.9009,0.0],[113.2865,-7.914,0.0]],[[113.2905,-7.9211,0.0],[113.2917,-7.9221,0.0],[113.2894,-7.9186,0.0],[113.2905,-7.9211,0.0]],[[113.2388,-7.8036,0.0],[113.2386,-7.804,0.0],[113.2403,-7.8078,0.0],[113.2388,-7.8036,0.0]],[[113.0583,-7.8176,0.0],[113.0585,-7.8178,0.0],[113.06,-7.8108,0.0],[113.0583,-7.8176,0.0]],[[113.0955,-7.7863,0.0],[113.0956,-7.7862,0.0],[113.0956,-7.7862,0.0],[113.0955,-7.7863,0.0]],[[113.1025,-7.7802,0.0],[113.1026,-7.7802,0.0],[113.1027,-7.7801,0.0],[113.1025,-7.7802,0.0]],[[113.1171,-7.8086,0.0],[113.1153,-7.8089,0.0],[113.1141,-7.8098,0.0],[113.1171,-7.8086,0.0]],[[113.1266,-7.7963,0.0],[113.1271,-7.7945,0.0],[113.1235,-7.7992,0.0],[113.1266,-7.7963,0.0]],[[113.1528,-7.7913,0.0],[113.1519,-7.7945,0.0],[113.1521,-7.7971,0.0],[113.1528,-7.7913,0.0]],[[113.1521,-7.7974,0.0],[113.1521,-7.7975,0.0],[113.1538,-7.7982,0.0],[113.1521,-7.7974,0.0]],[[113.1533,-7.8013,0.0],[113.1532,-7.8016,0.0],[113.1594,-7.8029,0.0],[113.1533,-7.8013,0.0]],[[113.1696,-7.8097,0.0],[113.1587,-7.8063,0.0],[113.1688,-7.8096,0.0],[113.1696,-7.8097,0.0]],[[113.1103,-7.8238,0.0],[113.1111,-7.8246,0.0],[113.1137,-7.8259,0.0],[113.1103,-7.8238,0.0]],[[113.1258,-7.8443,0.0],[113.1258,-7.8261,0.0],[113.1252,-7.8417,0.0],[113.1258,-7.8443,0.0]],[[113.1022,-7.8149,0.0],[113.1076,-7.8135,0.0],[113.1022,-7.8147,0.0],[113.1022,-7.8149,0.0]],[[113.134,-7.7886,0.0],[113.1299,-7.7936,0.0],[113.134,-7.7887,0.0],[113.134,-7.7886,0.0]],[[113.1266,-7.7731,0.0],[113.1268,-7.7748,0.0],[113.1267,-7.773,0.0],[113.1266,-7.7731,0.0]],[[113.3594,-7.7894,0.0],[113.3625,-7.7924,0.0],[113.3582,-7.7943,0.0],[113.3632,-7.7923,0.0],[113.3594,-7.7894,0.0]],[[113.364,-7.7929,0.0],[113.3633,-7.7924,0.0],[113.3659,-7.7987,0.0],[113.364,-7.7929,0.0]],[[113.3698,-7.7992,0.0],[113.3697,-7.7992,0.0],[113.3713,-7.8029,0.0],[113.3698,-7.7992,0.0]],[[113.3716,-7.8184,0.0],[113.3716,-7.8186,0.0],[113.3719,-7.8185,0.0],[113.3716,-7.8184,0.0]],[[113.3736,-7.8192,0.0],[113.373,-7.819,0.0],[113.3748,-7.8225,0.0],[113.3736,-7.8192,0.0]],[[113.3809,-7.8234,0.0],[113.3809,-7.8233,0.0],[113.3748,-7.8225,0.0],[113.3809,-7.8234,0.0]],[[113.3827,-7.8156,0.0],[113.3826,-7.8162,0.0],[113.3828,-7.8156,0.0],[113.3827,-7.8156,0.0]],[[113.392,-7.8187,0.0],[113.389,-7.8147,0.0],[113.3915,-7.8184,0.0],[113.392,-7.8187,0.0]],[[113.3946,-7.8194,0.0],[113.393,-7.8192,0.0],[113.3958,-7.8208,0.0],[113.3946,-7.8194,0.0]],[[113.3954,-7.8223,0.0],[113.3961,-7.8211,0.0],[113.396,-7.821,0.0],[113.3954,-7.8223,0.0]],[[113.3965,-7.8225,0.0],[113.3955,-7.8224,0.0],[113.3961,-7.8231,0.0],[113.3965,-7.8225,0.0]],[[113.3979,-7.8255,0.0],[113.3978,-7.8254,0.0],[113.3976,-7.8265,0.0],[113.3979,-7.8255,0.0]],[[113.3993,-7.8268,0.0],[113.3975,-7.8272,0.0],[113.3974,-7.8273,0.0],[113.3993,-7.8268,0.0]],[[113.401,-7.8287,0.0],[113.4011,-7.8285,0.0],[113.3993,-7.8268,0.0],[113.401,-7.8287,0.0]],[[113.3999,-7.8321,0.0],[113.3998,-7.8307,0.0],[113.4001,-7.8377,0.0],[113.3999,-7.8321,0.0]],[[113.4024,-7.8308,0.0],[113.4006,-7.832,0.0],[113.4086,-7.8305,0.0],[113.4024,-7.8308,0.0]],[[113.4171,-7.8193,0.0],[113.4145,-7.8223,0.0],[113.4171,-7.8201,0.0],[113.4171,-7.8193,0.0]],[[113.4184,-7.8178,0.0],[113.4181,-7.8182,0.0],[113.4193,-7.8184,0.0],[113.4184,-7.8178,0.0]],[[113.4445,-7.8227,0.0],[113.4443,-7.8227,0.0],[113.4446,-7.8229,0.0],[113.4445,-7.8227,0.0]],[[113.4553,-7.8091,0.0],[113.4553,-7.8091,0.0],[113.4553,-7.8091,0.0],[113.4553,-7.8091,0.0]],[[113.4659,-7.8136,0.0],[113.4568,-7.8111,0.0],[113.4602,-7.8124,0.0],[113.4659,-7.8136,0.0]],[[113.4839,-7.8168,0.0],[113.4775,-7.8161,0.0],[113.4854,-7.8178,0.0],[113.4839,-7.8168,0.0]],[[113.4865,-7.8185,0.0],[113.4861,-7.8183,0.0],[113.4866,-7.8212,0.0],[113.4865,-7.8185,0.0]],[[113.4842,-7.8253,0.0],[113.4842,-7.8254,0.0],[113.4866,-7.8212,0.0],[113.4842,-7.8253,0.0]],[[113.4878,-7.8324,0.0],[113.4854,-7.8303,0.0],[113.4878,-7.8326,0.0],[113.4878,-7.8324,0.0]],[[113.4876,-7.8403,0.0],[113.4896,-7.8431,0.0],[113.4876,-7.8401,0.0],[113.4876,-7.8403,0.0]],[[113.4909,-7.8437,0.0],[113.4902,-7.8417,0.0],[113.4899,-7.8431,0.0],[113.4909,-7.8437,0.0]],[[113.4914,-7.8362,0.0],[113.4912,-7.8373,0.0],[113.4917,-7.8361,0.0],[113.4914,-7.8362,0.0]],[[113.4951,-7.7677,0.0],[113.4955,-7.7745,0.0],[113.4955,-7.7671,0.0],[113.4951,-7.7677,0.0]],[[113.4957,-7.7654,0.0],[113.4957,-7.7654,0.0],[113.5031,-7.7622,0.0],[113.4957,-7.7654,0.0]],[[113.5108,-7.7625,0.0],[113.5113,-7.7617,0.0],[113.5031,-7.7622,0.0],[113.5108,-7.7625,0.0]],[[113.5146,-7.7568,0.0],[113.5146,-7.7568,0.0],[113.5167,-7.7693,0.0],[113.5146,-7.7568,0.0]],[[113.5361,-7.7803,0.0],[113.5257,-7.778,0.0],[113.5257,-7.778,0.0],[113.5361,-7.7803,0.0]],[[113.5726,-7.7895,0.0],[113.5684,-7.7879,0.0],[113.5703,-7.789,0.0],[113.5726,-7.7895,0.0]],[[113.3486,-7.891,0.0],[113.3529,-7.8891,0.0],[113.3524,-7.889,0.0],[113.3486,-7.891,0.0]],[[113.3706,-7.8888,0.0],[113.373,-7.8839,0.0],[113.3726,-7.884,0.0],[113.3706,-7.8888,0.0]],[[113.374,-7.8819,0.0],[113.3737,-7.8837,0.0],[113.377,-7.8857,0.0],[113.374,-7.8819,0.0]],[[113.3768,-7.8876,0.0],[113.3768,-7.8877,0.0],[113.3804,-7.8877,0.0],[113.3768,-7.8876,0.0]],[[113.3956,-7.8871,0.0],[113.3925,-7.886,0.0],[113.395,-7.8871,0.0],[113.3956,-7.8871,0.0]],[[113.3964,-7.8872,0.0],[113.3975,-7.8872,0.0],[113.3985,-7.8866,0.0],[113.3964,-7.8872,0.0]],[[113.3999,-7.8857,0.0],[113.4005,-7.8853,0.0],[113.3999,-7.8826,0.0],[113.3999,-7.8857,0.0]],[[113.3956,-7.8823,0.0],[113.3963,-7.8827,0.0],[113.3999,-7.8826,0.0],[113.3956,-7.8823,0.0]],[[113.3947,-7.8818,0.0],[113.3954,-7.8793,0.0],[113.394,-7.8814,0.0],[113.3947,-7.8818,0.0]],[[113.3999,-7.8788,0.0],[113.4011,-7.8762,0.0],[113.4007,-7.8761,0.0],[113.3999,-7.8788,0.0]],[[113.593,-7.9309,0.0],[113.5966,-7.9347,0.0],[113.5967,-7.9346,0.0],[113.593,-7.9309,0.0]],[[113.4221,-7.9354,0.0],[113.4221,-7.9354,0.0],[113.4222,-7.9357,0.0],[113.4221,-7.9354,0.0]],[[113.4224,-7.938,0.0],[113.4223,-7.9365,0.0],[113.4216,-7.9371,0.0],[113.4224,-7.938,0.0]],[[113.4817,-7.9931,0.0],[113.4773,-7.9904,0.0],[113.4819,-7.9938,0.0],[113.4817,-7.9931,0.0]],[[113.3766,-7.8739,0.0],[113.3739,-7.8815,0.0],[113.374,-7.8817,0.0],[113.3766,-7.8739,0.0]],[[113.3949,-7.8602,0.0],[113.3929,-7.8562,0.0],[113.395,-7.863,0.0],[113.3949,-7.8602,0.0]],[[113.392,-7.8544,0.0],[113.387,-7.8493,0.0],[113.3922,-7.8548,0.0],[113.392,-7.8544,0.0]],[[113.5883,-7.8664,0.0],[113.5882,-7.8663,0.0],[113.5822,-7.8664,0.0],[113.5883,-7.8664,0.0]],[[113.6071,-7.8842,0.0],[113.6084,-7.8847,0.0],[113.6069,-7.884,0.0],[113.6071,-7.8842,0.0]],[[113.3772,-7.7865,0.0],[113.3749,-7.7938,0.0],[113.3852,-7.7763,0.0],[113.3772,-7.7865,0.0]],[[113.3944,-7.7838,0.0],[113.3942,-7.7811,0.0],[113.3937,-7.7834,0.0],[113.3944,-7.7838,0.0]],[[113.4234,-7.7741,0.0],[113.4286,-7.7732,0.0],[113.4277,-7.7732,0.0],[113.4234,-7.7741,0.0]],[[113.4287,-7.7732,0.0],[113.4288,-7.7754,0.0],[113.4287,-7.7732,0.0],[113.4287,-7.7732,0.0]],[[113.4328,-7.7738,0.0],[113.4367,-7.7737,0.0],[113.4337,-7.7734,0.0],[113.4328,-7.7738,0.0]],[[113.4373,-7.7737,0.0],[113.4375,-7.774,0.0],[113.4375,-7.7737,0.0],[113.4373,-7.7737,0.0]],[[113.4376,-7.7758,0.0],[113.4369,-7.777,0.0],[113.4378,-7.7798,0.0],[113.4376,-7.7758,0.0]],[[113.4385,-7.7818,0.0],[113.4386,-7.7822,0.0],[113.4388,-7.7823,0.0],[113.4385,-7.7818,0.0]],[[113.442,-7.7831,0.0],[113.442,-7.7806,0.0],[113.4421,-7.7759,0.0],[113.442,-7.7831,0.0]],[[113.4724,-7.7813,0.0],[113.4726,-7.7813,0.0],[113.4726,-7.7801,0.0],[113.4724,-7.7813,0.0]],[[113.4726,-7.7787,0.0],[113.4726,-7.7782,0.0],[113.4715,-7.7778,0.0],[113.4726,-7.7787,0.0]],[[113.4565,-7.7566,0.0],[113.4562,-7.7553,0.0],[113.4562,-7.7563,0.0],[113.4565,-7.7566,0.0]],[[113.4562,-7.7546,0.0],[113.4584,-7.7528,0.0],[113.4561,-7.7538,0.0],[113.4562,-7.7546,0.0]],[[113.4678,-7.7429,0.0],[113.4698,-7.75,0.0],[113.4682,-7.743,0.0],[113.4769,-7.7439,0.0],[113.4678,-7.7429,0.0]],[[113.3896,-7.7507,0.0],[113.3899,-7.7508,0.0],[113.3909,-7.7489,0.0],[113.3896,-7.7507,0.0]],[[113.5173,-7.7518,0.0],[113.5152,-7.7507,0.0],[113.5172,-7.7519,0.0],[113.5173,-7.7518,0.0]],[[113.5171,-7.7353,0.0],[113.5168,-7.7365,0.0],[113.5171,-7.7376,0.0],[113.5171,-7.7353,0.0]],[[113.5202,-7.7291,0.0],[113.5186,-7.7297,0.0],[113.5181,-7.7314,0.0],[113.5202,-7.7291,0.0]],[[113.5205,-7.7306,0.0],[113.5206,-7.7289,0.0],[113.5203,-7.729,0.0],[113.5205,-7.7306,0.0]],[[113.5451,-7.7218,0.0],[113.5451,-7.7218,0.0],[113.5403,-7.7265,0.0],[113.5451,-7.7218,0.0]],[[113.5496,-7.7398,0.0],[113.5461,-7.7325,0.0],[113.5496,-7.7399,0.0],[113.5496,-7.7398,0.0]]],[[[113.2428,-7.6804,0.0],[113.261,-7.6762,0.0],[113.2618,-7.6771,0.0],[113.2566,-7.6811,0.0],[113.2428,-7.6804,0.0]]]]}},{"type":"Feature","properties":{"kab_kota":"Banyuwangi","kode":"kab-banyuwangi"},"geometry":{"type":"MultiPolygon","coordinates":[[[[113.9924,-8.615,0.0],[113.9953,-8.6179,0.0],[113.9918,-8.616,0.0],[113.9924,-8.615,0.0]]],[[[113.9949,-8.6116,0.0],[113.9922,-8.6147,0.0],[113.9904,-8.6144,0.0],[113.9949,-8.6116,0.0]]],[[[113.9959,-8.6101,0.0],[113.9953,-8.6091,0.0],[113.9956,-8.6088,0.0],[113.9959,-8.6101,0.0]]],[[[113.9928,-8.6085,0.0],[113.9936,-8.608,0.0],[113.9943,-8.6096,0.0],[113.9928,-8.6085,0.0]]],[[[114.0247,-8.607,0.0],[114.0254,-8.6065,0.0],[114.0249,-8.6073,0.0],[114.0247,-8.607,0.0]]],[[[113.9926,-8.6054,0.0],[113.9922,-8.6058,0.0],[113.9922,-8.6057,0.0],[113.9926,-8.6054,0.0]]],[[[114.0161,-8.6018,0.0],[114.0158,-8.6017,0.0],[114.0158,-8.6012,0.0],[114.0161,-8.6018,0.0]]],[[[113.9027,-8.5863,0.0],[113.9026,-8.5858,0.0],[113.9028,-8.5855,0.0],[113.9027,-8.5863,0.0]]],[[[113.9147,-8.5844,0.0],[113.912,-8.5834,0.0],[113.9147,-8.582,0.0],[113.9147,-8.5844,0.0]]],[[[113.8935,-8.5827,0.0],[113.8951,-8.5818,0.0],[113.8934,-8.583,0.0],[113.8935,-8.5827,0.0]]],[[[113.895,-8.5795,0.0],[113.8965,-8.5793,0.0],[113.8948,-8.5797,0.0],[113.895,-8.5795,0.0]]],[[[113.8705,-8.5789,0.0],[113.8714,-8.5792,0.0],[113.8706,-8.5795,0.0],[113.8705,-8.5789,0.0]]],[[[113.9236,-8.5741,0.0],[113.9235,-8.5745,0.0],[113.9231,-8.5743,0.0],[113.9236,-8.5741,0.0]]],[[[113.891,-8.5683,0.0],[113.8911,-8.5687,0.0],[113.8908,-8.5684,0.0],[113.891,-8.5683,0.0]]],[[[113.9249,-8.5635,0.0],[113.9253,-8.5637,0.0],[113.925,-8.5638,0.0],[113.9249,-8.5635,0.0]]],[[[113.8671,-8.5618,0.0],[113.867,-8.5619,0.0],[113.8671,-8.5617,0.0],[113.8671,-8.5618,0.0]]],[[[113.8568,-8.5598,0.0],[113.8572,-8.5593,0.0],[113.8572,-8.56,0.0],[113.8568,-8.5598,0.0]]],[[[114.112,-8.617,0.0],[114.0886,-8.616,0.0],[114.085,-8.6207,0.0],[114.0845,-8.629,0.0],[114.0757,-8.6241,0.0],[114.0598,-8.6262,0.0],[114.0574,-8.6369,0.0],[114.0498,-8.6376,0.0],[114.0498,-8.6465,0.0],[114.048,-8.6372,0.0],[114.0327,-8.6331,0.0],[114.0299,-8.5994,0.0],[114.015,-8.5898,0.0],[114.0024,-8.59,0.0],[113.9993,-8.5942,0.0],[113.9965,-8.5914,0.0],[113.9998,-8.5949,0.0],[113.9967,-8.5945,0.0],[113.9969,-8.6076,0.0],[113.9901,-8.5987,0.0],[113.9883,-8.6058,0.0],[113.9726,-8.6069,0.0],[113.9637,-8.6164,0.0],[113.9565,-8.6135,0.0],[113.9568,-8.6084,0.0],[113.9475,-8.5994,0.0],[113.9529,-8.5948,0.0],[113.9581,-8.599,0.0],[113.966,-8.5963,0.0],[113.9687,-8.5832,0.0],[113.9596,-8.5673,0.0],[113.9463,-8.5587,0.0],[113.9347,-8.5602,0.0],[113.9354,-8.5667,0.0],[113.9254,-8.5603,0.0],[113.9234,-8.5642,0.0],[113.9259,-8.5685,0.0],[113.9237,-8.5733,0.0],[113.9093,-8.5791,0.0],[113.901,-8.5751,0.0],[113.8967,-8.5657,0.0],[113.8761,-8.557,0.0],[113.8641,-8.5614,0.0],[113.8567,-8.5587,0.0],[113.8533,-8.5497,0.0],[113.8437,-8.5553,0.0],[113.8376,-8.5537,0.0],[113.8551,-8.5196,0.0],[113.8431,-8.5035,0.0],[113.8422,-8.4945,0.0],[113.8533,-8.4327,0.0],[113.875,-8.4161,0.0],[113.882,-8.4173,0.0],[113.8904,-8.4104,0.0],[113.9003,-8.424,0.0],[113.8992,-8.4344,0.0],[113.9103,-8.442,0.0],[113.9344,-8.4232,0.0],[113.9374,-8.4091,0.0],[113.9497,-8.404,0.0],[113.9235,-8.384,0.0],[113.9277,-8.3767,0.0],[113.9216,-8.3699,0.0],[113.9212,-8.3573,0.0],[113.9158,-8.3481,0.0],[113.909,-8.3469,0.0],[113.9242,-8.3349,0.0],[113.9284,-8.32,0.0],[113.9212,-8.3084,0.0],[113.9344,-8.2814,0.0],[113.935,-8.2708,0.0],[113.9498,-8.2607,0.0],[113.9667,-8.2323,0.0],[113.9681,-8.2206,0.0],[113.9575,-8.2065,0.0],[113.9707,-8.1896,0.0],[113.9903,-8.183,0.0],[114.0221,-8.1419,0.0],[114.0357,-8.141,0.0],[114.0468,-8.1252,0.0],[114.0556,-8.128,0.0],[114.0641,-8.1219,0.0],[114.0786,-8.1268,0.0],[114.0917,-8.1162,0.0],[114.1166,-8.1144,0.0],[114.1455,-8.1011,0.0],[114.1727,-8.1073,0.0],[114.1762,-8.12,0.0],[114.1832,-8.1224,0.0],[114.1955,-8.1034,0.0],[114.2141,-8.0995,0.0],[114.2197,-8.0737,0.0],[114.2311,-8.0704,0.0],[114.2461,-8.0555,0.0],[114.2486,-8.0461,0.0],[114.2358,-8.0311,0.0],[114.2407,-8.0134,0.0],[114.2244,-7.9898,0.0],[114.2251,-7.983,0.0],[114.2497,-7.9394,0.0],[114.2713,-7.9196,0.0],[114.2831,-7.8972,0.0],[114.3065,-7.8852,0.0],[114.3328,-7.9069,0.0],[114.3405,-7.9059,0.0],[114.3444,-7.9114,0.0],[114.3965,-7.9268,0.0],[114.4129,-7.9401,0.0],[114.424,-7.9355,0.0],[114.4227,-7.9611,0.0],[114.4301,-7.9964,0.0],[114.4258,-8.0147,0.0],[114.4341,-8.031,0.0],[114.4301,-8.0649,0.0],[114.418,-8.0795,0.0],[114.4069,-8.1115,0.0],[114.3985,-8.1211,0.0],[114.4021,-8.1487,0.0],[114.392,-8.1755,0.0],[114.3828,-8.1949,0.0],[114.3695,-8.1925,0.0],[114.3831,-8.1951,0.0],[114.3844,-8.1988,0.0],[114.3819,-8.1994,0.0],[114.3802,-8.2041,0.0],[114.3803,-8.2088,0.0],[114.3834,-8.2101,0.0],[114.3855,-8.2021,0.0],[114.3904,-8.233,0.0],[114.3702,-8.2652,0.0],[114.3651,-8.2823,0.0],[114.3647,-8.3094,0.0],[114.3574,-8.3278,0.0],[114.3606,-8.3358,0.0],[114.3521,-8.3557,0.0],[114.3519,-8.3742,0.0],[114.3392,-8.4274,0.0],[114.3432,-8.4403,0.0],[114.3505,-8.4377,0.0],[114.3455,-8.4444,0.0],[114.3514,-8.4381,0.0],[114.3452,-8.445,0.0],[114.3565,-8.4569,0.0],[114.3554,-8.4702,0.0],[114.3707,-8.4799,0.0],[114.3636,-8.4875,0.0],[114.3652,-8.4928,0.0],[114.3598,-8.4936,0.0],[114.3625,-8.4992,0.0],[114.3562,-8.5029,0.0],[114.3608,-8.5037,0.0],[114.3513,-8.5293,0.0],[114.3645,-8.5381,0.0],[114.3764,-8.532,0.0],[114.3856,-8.5054,0.0],[114.3883,-8.4812,0.0],[114.3825,-8.4508,0.0],[114.3868,-8.4469,0.0],[114.3991,-8.4593,0.0],[114.397,-8.4946,0.0],[114.4094,-8.5095,0.0],[114.4013,-8.5432,0.0],[114.408,-8.556,0.0],[114.4079,-8.5694,0.0],[114.4183,-8.586,0.0],[114.4229,-8.6046,0.0],[114.4325,-8.613,0.0],[114.4421,-8.6345,0.0],[114.458,-8.6384,0.0],[114.47,-8.6201,0.0],[114.4808,-8.6179,0.0],[114.4903,-8.6312,0.0],[114.5055,-8.6357,0.0],[114.5144,-8.6501,0.0],[114.5425,-8.6592,0.0],[114.5621,-8.6566,0.0],[114.5702,-8.6607,0.0],[114.6036,-8.7124,0.0],[114.6032,-8.7258,0.0],[114.5878,-8.763,0.0],[114.5686,-8.7725,0.0],[114.5324,-8.7802,0.0],[114.5049,-8.7753,0.0],[114.4783,-8.7603,0.0],[114.4461,-8.7526,0.0],[114.4175,-8.7488,0.0],[114.401,-8.7526,0.0],[114.3694,-8.7504,0.0],[114.344,-8.7419,0.0],[114.3419,-8.7375,0.0],[114.3725,-8.7159,0.0],[114.3774,-8.6991,0.0],[114.3732,-8.6777,0.0],[114.3497,-8.6454,0.0],[114.3212,-8.625,0.0],[114.2536,-8.6006,0.0],[114.229,-8.6017,0.0],[114.2251,-8.6121,0.0],[114.2296,-8.6208,0.0],[114.2198,-8.645,0.0],[114.1851,-8.6402,0.0],[114.16,-8.6273,0.0],[114.112,-8.617,0.0]],[[114.0441,-8.4948,0.0],[114.0323,-8.4936,0.0],[114.0136,-8.4938,0.0],[114.0441,-8.4948,0.0]],[[114.0509,-8.4955,0.0],[114.0509,-8.4955,0.0],[114.0507,-8.4954,0.0],[114.0509,-8.4955,0.0]],[[114.0763,-8.5091,0.0],[114.0752,-8.5089,0.0],[114.0744,-8.5102,0.0],[114.0763,-8.5091,0.0]],[[114.0784,-8.5097,0.0],[114.0784,-8.5093,0.0],[114.0769,-8.5091,0.0],[114.0784,-8.5097,0.0]],[[114.0814,-8.5115,0.0],[114.0811,-8.5097,0.0],[114.081,-8.51,0.0],[114.0814,-8.5115,0.0]],[[114.1057,-8.5739,0.0],[114.1058,-8.5741,0.0],[114.1071,-8.5716,0.0],[114.1057,-8.5739,0.0]],[[114.1182,-8.6099,0.0],[114.1184,-8.6098,0.0],[114.119,-8.6071,0.0],[114.1182,-8.6099,0.0]],[[114.115,-8.6107,0.0],[114.1168,-8.611,0.0],[114.1176,-8.6104,0.0],[114.115,-8.6107,0.0]],[[113.9961,-8.4293,0.0],[113.9971,-8.4295,0.0],[113.9928,-8.4254,0.0],[113.9961,-8.4293,0.0]],[[113.9985,-8.4418,0.0],[114.0,-8.445,0.0],[113.9985,-8.4416,0.0],[113.9985,-8.4418,0.0]],[[114.0065,-8.3049,0.0],[114.0097,-8.3057,0.0],[114.0146,-8.3052,0.0],[114.0065,-8.3049,0.0]],[[114.003,-8.3047,0.0],[113.9987,-8.3071,0.0],[114.0044,-8.3048,0.0],[114.003,-8.3047,0.0]],[[113.9897,-8.3195,0.0],[113.9942,-8.3151,0.0],[113.9987,-8.3071,0.0],[113.9897,-8.3195,0.0]],[[114.1828,-8.1261,0.0],[114.1825,-8.1252,0.0],[114.1825,-8.1256,0.0],[114.1828,-8.1261,0.0]],[[114.1878,-8.1549,0.0],[114.1875,-8.1513,0.0],[114.1873,-8.1524,0.0],[114.1878,-8.1549,0.0]],[[114.1919,-8.1607,0.0],[114.1879,-8.1553,0.0],[114.1879,-8.1556,0.0],[114.1919,-8.1607,0.0]],[[114.1936,-8.1673,0.0],[114.192,-8.1643,0.0],[114.1921,-8.1646,0.0],[114.1936,-8.1673,0.0]],[[114.202,-8.1737,0.0],[114.195,-8.1698,0.0],[114.1952,-8.17,0.0],[114.202,-8.1737,0.0]],[[114.2255,-8.2276,0.0],[114.229,-8.229,0.0],[114.2255,-8.2275,0.0],[114.2255,-8.2276,0.0]],[[114.2371,-8.2344,0.0],[114.2336,-8.2328,0.0],[114.2364,-8.2346,0.0],[114.2371,-8.2344,0.0]],[[114.2431,-8.2373,0.0],[114.2394,-8.2355,0.0],[114.2413,-8.2373,0.0],[114.2431,-8.2373,0.0]],[[114.2537,-8.2418,0.0],[114.2534,-8.24,0.0],[114.2531,-8.2415,0.0],[114.2537,-8.2418,0.0]],[[114.2519,-8.2781,0.0],[114.252,-8.2778,0.0],[114.2495,-8.2789,0.0],[114.2519,-8.2781,0.0]],[[114.2495,-8.2789,0.0],[114.2487,-8.2797,0.0],[114.251,-8.2837,0.0],[114.2495,-8.2789,0.0]],[[114.2314,-8.2726,0.0],[114.231,-8.272,0.0],[114.2304,-8.2735,0.0],[114.2314,-8.2726,0.0]],[[114.2169,-8.3056,0.0],[114.2116,-8.2997,0.0],[114.2173,-8.3064,0.0],[114.2169,-8.3056,0.0]],[[114.2182,-8.3086,0.0],[114.2178,-8.3078,0.0],[114.2169,-8.3098,0.0],[114.2182,-8.3086,0.0]],[[114.2118,-8.3148,0.0],[114.2095,-8.3198,0.0],[114.2119,-8.3147,0.0],[114.2118,-8.3148,0.0]],[[114.216,-8.3277,0.0],[114.216,-8.3275,0.0],[114.216,-8.3277,0.0],[114.216,-8.3277,0.0]],[[114.1934,-8.3534,0.0],[114.196,-8.3575,0.0],[114.1921,-8.3524,0.0],[114.1934,-8.3534,0.0]],[[114.2085,-8.3934,0.0],[114.1974,-8.4047,0.0],[114.206,-8.3972,0.0],[114.2086,-8.3939,0.0],[114.2085,-8.3934,0.0]],[[114.1847,-8.4086,0.0],[114.1816,-8.4057,0.0],[114.1813,-8.4058,0.0],[114.1847,-8.4086,0.0]],[[114.1876,-8.4139,0.0],[114.1865,-8.413,0.0],[114.1876,-8.4156,0.0],[114.1876,-8.4139,0.0]],[[114.1931,-8.4193,0.0],[114.1882,-8.4169,0.0],[114.1885,-8.4177,0.0],[114.1931,-8.4193,0.0]],[[114.1939,-8.4208,0.0],[114.1932,-8.4207,0.0],[114.1933,-8.4252,0.0],[114.1939,-8.4208,0.0]],[[114.1971,-8.4358,0.0],[114.1933,-8.4258,0.0],[114.1933,-8.4261,0.0],[114.1971,-8.4358,0.0]],[[114.1969,-8.438,0.0],[114.1974,-8.4377,0.0],[114.1971,-8.4358,0.0],[114.1969,-8.438,0.0]],[[114.1971,-8.4419,0.0],[114.1967,-8.4401,0.0],[114.1962,-8.4447,0.0],[114.1971,-8.4419,0.0]],[[114.1895,-8.4555,0.0],[114.1873,-8.4537,0.0],[114.1914,-8.4616,0.0],[114.1895,-8.4555,0.0]],[[114.1916,-8.462,0.0],[114.1938,-8.463,0.0],[114.1915,-8.4618,0.0],[114.1916,-8.462,0.0]],[[114.2076,-8.4706,0.0],[114.2111,-8.4684,0.0],[114.2043,-8.4697,0.0],[114.2076,-8.4706,0.0]],[[114.2461,-8.4574,0.0],[114.2452,-8.4583,0.0],[114.2462,-8.4575,0.0],[114.2461,-8.4574,0.0]],[[114.2732,-8.5008,0.0],[114.2735,-8.4873,0.0],[114.2756,-8.4871,0.0],[114.2733,-8.4872,0.0],[114.2732,-8.5008,0.0]],[[114.2895,-8.48,0.0],[114.2896,-8.4809,0.0],[114.2903,-8.4789,0.0],[114.2895,-8.48,0.0]],[[114.2729,-8.4597,0.0],[114.2731,-8.4608,0.0],[114.2755,-8.45,0.0],[114.2729,-8.4597,0.0]],[[114.2756,-8.4359,0.0],[114.2753,-8.4356,0.0],[114.2755,-8.45,0.0],[114.2756,-8.4359,0.0]],[[114.2753,-8.4336,0.0],[114.2753,-8.4349,0.0],[114.2755,-8.4349,0.0],[114.2753,-8.4336,0.0]],[[114.2683,-8.422,0.0],[114.268,-8.4297,0.0],[114.2683,-8.422,0.0],[114.2683,-8.422,0.0]],[[114.2762,-8.4229,0.0],[114.2702,-8.4222,0.0],[114.2701,-8.4229,0.0],[114.2762,-8.4229,0.0]],[[114.3245,-8.3717,0.0],[114.3201,-8.3684,0.0],[114.3214,-8.3701,0.0],[114.3245,-8.3717,0.0]],[[114.0781,-8.4145,0.0],[114.083,-8.4144,0.0],[114.0849,-8.4138,0.0],[114.0781,-8.4145,0.0]],[[114.0926,-8.4131,0.0],[114.0943,-8.4148,0.0],[114.0935,-8.4136,0.0],[114.0926,-8.4131,0.0]],[[114.0988,-8.419,0.0],[114.0968,-8.4193,0.0],[114.0992,-8.4228,0.0],[114.0988,-8.419,0.0]],[[114.0995,-8.4148,0.0],[114.1033,-8.4104,0.0],[114.1035,-8.409,0.0],[114.0995,-8.4148,0.0]],[[114.1038,-8.4067,0.0],[114.1048,-8.3997,0.0],[114.104,-8.399,0.0],[114.1038,-8.4067,0.0]],[[114.1041,-8.3955,0.0],[114.1042,-8.3951,0.0],[114.1041,-8.3951,0.0],[114.1041,-8.3955,0.0]],[[114.1044,-8.3727,0.0],[114.1066,-8.3674,0.0],[114.1066,-8.3672,0.0],[114.1044,-8.3727,0.0]],[[114.1049,-8.3552,0.0],[114.1039,-8.3608,0.0],[114.1055,-8.3564,0.0],[114.1049,-8.3552,0.0]],[[114.1076,-8.3567,0.0],[114.1123,-8.3581,0.0],[114.1148,-8.3578,0.0],[114.1076,-8.3567,0.0]],[[114.1185,-8.3584,0.0],[114.1193,-8.3589,0.0],[114.1193,-8.3585,0.0],[114.1185,-8.3584,0.0]],[[114.1271,-8.3684,0.0],[114.127,-8.3683,0.0],[114.12,-8.3666,0.0],[114.1271,-8.3684,0.0]],[[114.1572,-8.3765,0.0],[114.1577,-8.381,0.0],[114.1582,-8.3811,0.0],[114.1572,-8.3765,0.0]],[[114.2042,-8.4709,0.0],[114.1934,-8.4707,0.0],[114.2035,-8.4709,0.0],[114.2042,-8.4709,0.0]],[[114.0998,-8.428,0.0],[114.0994,-8.424,0.0],[114.0987,-8.4352,0.0],[114.0998,-8.428,0.0]],[[114.0959,-8.4507,0.0],[114.1003,-8.4408,0.0],[114.0958,-8.4504,0.0],[114.0959,-8.4507,0.0]],[[114.0988,-8.457,0.0],[114.0978,-8.455,0.0],[114.0986,-8.4568,0.0],[114.0988,-8.457,0.0]],[[114.1019,-8.4588,0.0],[114.0998,-8.4578,0.0],[114.1046,-8.4618,0.0],[114.1019,-8.4588,0.0]],[[114.1076,-8.464,0.0],[114.1068,-8.4636,0.0],[114.1072,-8.464,0.0],[114.1076,-8.464,0.0]],[[114.1226,-8.4719,0.0],[114.1132,-8.4638,0.0],[114.1227,-8.4723,0.0],[114.1226,-8.4719,0.0]],[[114.1407,-8.4546,0.0],[114.1351,-8.4563,0.0],[114.138,-8.4562,0.0],[114.1407,-8.4546,0.0]],[[114.1416,-8.4543,0.0],[114.1413,-8.4544,0.0],[114.142,-8.4545,0.0],[114.1416,-8.4543,0.0]],[[114.1695,-8.4595,0.0],[114.1652,-8.4614,0.0],[114.1695,-8.4595,0.0],[114.1695,-8.4595,0.0]],[[114.1845,-8.4669,0.0],[114.1829,-8.4667,0.0],[114.1871,-8.468,0.0],[114.1845,-8.4669,0.0]],[[114.16,-8.5287,0.0],[114.1576,-8.5279,0.0],[114.1411,-8.5286,0.0],[114.16,-8.5287,0.0]],[[114.1041,-8.5211,0.0],[114.1047,-8.5198,0.0],[114.1041,-8.5206,0.0],[114.1041,-8.5211,0.0]],[[114.1065,-8.5173,0.0],[114.1086,-8.5155,0.0],[114.1091,-8.5137,0.0],[114.1065,-8.5173,0.0]],[[114.1093,-8.5131,0.0],[114.1069,-8.5088,0.0],[114.1092,-8.5133,0.0],[114.1093,-8.5131,0.0]],[[114.1097,-8.5054,0.0],[114.1097,-8.5005,0.0],[114.1097,-8.5005,0.0],[114.1097,-8.5054,0.0]],[[114.1102,-8.5001,0.0],[114.1122,-8.4995,0.0],[114.1127,-8.4986,0.0],[114.1102,-8.5001,0.0]],[[114.1132,-8.4977,0.0],[114.1139,-8.4963,0.0],[114.1171,-8.4815,0.0],[114.1132,-8.4977,0.0]],[[114.1204,-8.4785,0.0],[114.123,-8.4738,0.0],[114.1228,-8.4732,0.0],[114.1204,-8.4785,0.0]],[[114.1337,-8.4094,0.0],[114.1307,-8.4053,0.0],[114.132,-8.4076,0.0],[114.1337,-8.4094,0.0]],[[114.1293,-8.4026,0.0],[114.1288,-8.4003,0.0],[114.128,-8.4001,0.0],[114.1293,-8.4026,0.0]],[[114.0576,-8.1519,0.0],[114.0592,-8.1529,0.0],[114.0572,-8.1514,0.0],[114.0576,-8.1519,0.0]],[[114.0706,-8.1633,0.0],[114.0676,-8.1594,0.0],[114.0649,-8.1573,0.0],[114.0706,-8.1633,0.0]],[[114.108,-8.2079,0.0],[114.1064,-8.2096,0.0],[114.1085,-8.2089,0.0],[114.108,-8.2079,0.0]],[[114.1129,-8.2173,0.0],[114.1195,-8.2226,0.0],[114.1129,-8.2172,0.0],[114.1129,-8.2173,0.0]],[[114.1269,-8.2436,0.0],[114.1295,-8.2401,0.0],[114.1268,-8.2429,0.0],[114.1269,-8.2436,0.0]],[[114.1392,-8.229,0.0],[114.1527,-8.2194,0.0],[114.1386,-8.2287,0.0],[114.1392,-8.229,0.0]],[[114.1686,-8.2411,0.0],[114.1637,-8.2315,0.0],[114.1573,-8.2213,0.0],[114.1686,-8.2411,0.0]],[[114.1714,-8.2562,0.0],[114.1714,-8.2563,0.0],[114.1707,-8.2524,0.0],[114.1714,-8.2562,0.0]],[[114.1075,-8.3097,0.0],[114.1098,-8.3161,0.0],[114.1099,-8.316,0.0],[114.1075,-8.3097,0.0]],[[114.1023,-8.2723,0.0],[114.1046,-8.2761,0.0],[114.1027,-8.272,0.0],[114.1023,-8.2723,0.0]],[[114.1073,-8.2735,0.0],[114.106,-8.2717,0.0],[114.1084,-8.2773,0.0],[114.1073,-8.2735,0.0]],[[114.1138,-8.2884,0.0],[114.1121,-8.2859,0.0],[114.1158,-8.2946,0.0],[114.1138,-8.2884,0.0]],[[114.1823,-8.3516,0.0],[114.1769,-8.3516,0.0],[114.1822,-8.3517,0.0],[114.1823,-8.3516,0.0]],[[114.1868,-8.349,0.0],[114.1842,-8.3506,0.0],[114.187,-8.3491,0.0],[114.1868,-8.349,0.0]],[[114.1896,-8.3502,0.0],[114.1875,-8.3493,0.0],[114.1901,-8.3511,0.0],[114.1896,-8.3502,0.0]],[[114.0833,-8.2183,0.0],[114.0833,-8.2183,0.0],[114.0857,-8.2338,0.0],[114.0833,-8.2183,0.0]],[[114.2521,-8.2307,0.0],[114.2529,-8.2293,0.0],[114.252,-8.2299,0.0],[114.2521,-8.2307,0.0]],[[114.296,-8.2323,0.0],[114.293,-8.2377,0.0],[114.2948,-8.2347,0.0],[114.296,-8.2323,0.0]],[[114.3338,-8.2371,0.0],[114.3338,-8.2371,0.0],[114.3373,-8.2294,0.0],[114.3338,-8.2371,0.0]],[[114.3432,-8.2297,0.0],[114.3468,-8.2312,0.0],[114.3438,-8.2297,0.0],[114.3432,-8.2297,0.0]],[[114.3591,-8.2171,0.0],[114.3613,-8.2157,0.0],[114.3615,-8.2146,0.0],[114.3591,-8.2171,0.0]],[[114.362,-8.2126,0.0],[114.3621,-8.2124,0.0],[114.3621,-8.2124,0.0],[114.362,-8.2126,0.0]],[[114.3644,-8.2093,0.0],[114.3645,-8.2093,0.0],[114.3648,-8.208,0.0],[114.3644,-8.2093,0.0]],[[114.3611,-8.2068,0.0],[114.3616,-8.2052,0.0],[114.3613,-8.2053,0.0],[114.3611,-8.2068,0.0]],[[114.3619,-8.205,0.0],[114.3631,-8.205,0.0],[114.3632,-8.2043,0.0],[114.3619,-8.205,0.0]],[[114.3633,-8.2041,0.0],[114.3634,-8.2029,0.0],[114.3616,-8.2018,0.0],[114.3633,-8.2041,0.0]],[[114.3599,-8.1858,0.0],[114.3599,-8.1857,0.0],[114.3598,-8.1857,0.0],[114.3599,-8.1858,0.0]],[[114.359,-8.1849,0.0],[114.3602,-8.1855,0.0],[114.3564,-8.1822,0.0],[114.359,-8.1849,0.0]],[[114.2202,-8.3334,0.0],[114.2202,-8.3332,0.0],[114.2183,-8.3327,0.0],[114.2202,-8.3334,0.0]],[[114.2264,-8.3413,0.0],[114.2265,-8.3413,0.0],[114.2256,-8.339,0.0],[114.2264,-8.3413,0.0]],[[114.2311,-8.3438,0.0],[114.2338,-8.3456,0.0],[114.23,-8.3417,0.0],[114.2311,-8.3438,0.0]],[[114.2367,-8.3475,0.0],[114.2374,-8.3474,0.0],[114.2358,-8.347,0.0],[114.2367,-8.3475,0.0]],[[114.2465,-8.3489,0.0],[114.2467,-8.3494,0.0],[114.2479,-8.3461,0.0],[114.2465,-8.3489,0.0]],[[114.2985,-8.3616,0.0],[114.2989,-8.3616,0.0],[114.2959,-8.3581,0.0],[114.2985,-8.3616,0.0]],[[114.2989,-8.3616,0.0],[114.3023,-8.3614,0.0],[114.301,-8.3603,0.0],[114.2989,-8.3616,0.0]],[[114.3097,-8.3335,0.0],[114.3081,-8.3329,0.0],[114.3081,-8.3331,0.0],[114.3097,-8.3335,0.0]],[[114.3129,-8.334,0.0],[114.3106,-8.3324,0.0],[114.3105,-8.3324,0.0],[114.3129,-8.334,0.0]],[[114.3437,-8.2967,0.0],[114.3291,-8.295,0.0],[114.3308,-8.2958,0.0],[114.3437,-8.2967,0.0]],[[114.3491,-8.2783,0.0],[114.3499,-8.2759,0.0],[114.3496,-8.2726,0.0],[114.3491,-8.2783,0.0]],[[114.3499,-8.2695,0.0],[114.3498,-8.2695,0.0],[114.3498,-8.2699,0.0],[114.3499,-8.2695,0.0]],[[114.3659,-8.2748,0.0],[114.3661,-8.2749,0.0],[114.3675,-8.2728,0.0],[114.3659,-8.2748,0.0]],[[114.2428,-8.3963,0.0],[114.2424,-8.3961,0.0],[114.2422,-8.3978,0.0],[114.2428,-8.3963,0.0]],[[114.2657,-8.4217,0.0],[114.2677,-8.4114,0.0],[114.2655,-8.4197,0.0],[114.2657,-8.4217,0.0]],[[114.3041,-8.3645,0.0],[114.3078,-8.3638,0.0],[114.3068,-8.3634,0.0],[114.3041,-8.3645,0.0]],[[114.3081,-8.3639,0.0],[114.3084,-8.3662,0.0],[114.3086,-8.3641,0.0],[114.3081,-8.3639,0.0]],[[114.3134,-8.3643,0.0],[114.315,-8.3666,0.0],[114.3134,-8.3642,0.0],[114.3134,-8.3643,0.0]],[[114.3181,-8.3664,0.0],[114.3187,-8.3694,0.0],[114.3189,-8.3692,0.0],[114.3181,-8.3664,0.0]],[[114.254,-8.2891,0.0],[114.2637,-8.2966,0.0],[114.253,-8.2873,0.0],[114.254,-8.2891,0.0]],[[114.2677,-8.294,0.0],[114.2675,-8.2941,0.0],[114.2677,-8.2941,0.0],[114.2677,-8.294,0.0]],[[114.2767,-8.2959,0.0],[114.2707,-8.2967,0.0],[114.2769,-8.2959,0.0],[114.2767,-8.2959,0.0]],[[114.3022,-8.2933,0.0],[114.2938,-8.2893,0.0],[114.2963,-8.2917,0.0],[114.3022,-8.2933,0.0]],[[114.271,-8.3188,0.0],[114.2773,-8.3232,0.0],[114.2788,-8.3234,0.0],[114.271,-8.3188,0.0]],[[114.2812,-8.3238,0.0],[114.2816,-8.3239,0.0],[114.2814,-8.3236,0.0],[114.2812,-8.3238,0.0]],[[114.2808,-8.3188,0.0],[114.28,-8.3173,0.0],[114.2798,-8.3173,0.0],[114.2808,-8.3188,0.0]],[[114.3364,-8.2384,0.0],[114.3357,-8.2406,0.0],[114.3369,-8.2385,0.0],[114.3364,-8.2384,0.0]],[[114.347,-8.2466,0.0],[114.3478,-8.247,0.0],[114.3485,-8.2466,0.0],[114.347,-8.2466,0.0]],[[114.3508,-8.2454,0.0],[114.3533,-8.244,0.0],[114.3526,-8.2435,0.0],[114.3508,-8.2454,0.0]],[[114.2918,-8.2221,0.0],[114.2919,-8.2226,0.0],[114.2958,-8.2247,0.0],[114.2918,-8.2221,0.0]],[[114.2913,-8.2181,0.0],[114.2912,-8.2181,0.0],[114.2913,-8.2183,0.0],[114.2913,-8.2181,0.0]],[[114.2834,-8.2116,0.0],[114.2841,-8.2126,0.0],[114.2889,-8.2152,0.0],[114.2834,-8.2116,0.0]],[[114.2796,-8.206,0.0],[114.2796,-8.206,0.0],[114.2798,-8.2064,0.0],[114.2796,-8.206,0.0]],[[114.2798,-8.2039,0.0],[114.2768,-8.1969,0.0],[114.2795,-8.2058,0.0],[114.2798,-8.2039,0.0]],[[114.2666,-8.1397,0.0],[114.2657,-8.139,0.0],[114.2671,-8.1411,0.0],[114.2666,-8.1397,0.0]],[[114.2642,-8.1369,0.0],[114.2644,-8.1371,0.0],[114.2657,-8.1359,0.0],[114.2642,-8.1369,0.0]],[[114.2704,-8.1286,0.0],[114.2683,-8.1272,0.0],[114.2681,-8.1274,0.0],[114.2704,-8.1286,0.0]],[[114.281,-8.1362,0.0],[114.286,-8.1388,0.0],[114.2786,-8.134,0.0],[114.281,-8.1362,0.0]],[[114.2857,-8.1576,0.0],[114.2881,-8.1591,0.0],[114.282,-8.1539,0.0],[114.2857,-8.1576,0.0]],[[114.3469,-8.1794,0.0],[114.3465,-8.1793,0.0],[114.3464,-8.1814,0.0],[114.3469,-8.1794,0.0]],[[114.3486,-8.1798,0.0],[114.3485,-8.1796,0.0],[114.3475,-8.1795,0.0],[114.3486,-8.1798,0.0]],[[114.3065,-8.1834,0.0],[114.3082,-8.1775,0.0],[114.3081,-8.1775,0.0],[114.3065,-8.1834,0.0]],[[114.2629,-8.0651,0.0],[114.2601,-8.0589,0.0],[114.2608,-8.0676,0.0],[114.2629,-8.0651,0.0]],[[114.2693,-8.0591,0.0],[114.266,-8.0598,0.0],[114.2728,-8.0593,0.0],[114.2693,-8.0591,0.0]],[[114.2523,-8.0722,0.0],[114.2459,-8.0855,0.0],[114.2455,-8.0883,0.0],[114.2523,-8.0722,0.0]],[[114.245,-8.0914,0.0],[114.2447,-8.0934,0.0],[114.2449,-8.1093,0.0],[114.245,-8.0914,0.0]]],[[[114.2038,-8.6563,0.0],[114.2039,-8.6559,0.0],[114.204,-8.6558,0.0],[114.2038,-8.6563,0.0]]],[[[114.0516,-8.6487,0.0],[114.0518,-8.6486,0.0],[114.0517,-8.6488,0.0],[114.0516,-8.6487,0.0]]],[[[114.0262,-8.6463,0.0],[114.0292,-8.6492,0.0],[114.0249,-8.6517,0.0],[114.0274,-8.6482,0.0],[114.0239,-8.6491,0.0],[114.0262,-8.6463,0.0]]],[[[114.0506,-8.6468,0.0],[114.0498,-8.6475,0.0],[114.0494,-8.6473,0.0],[114.0506,-8.6468,0.0]]],[[[114.0269,-8.6451,0.0],[114.0244,-8.645,0.0],[114.0268,-8.643,0.0],[114.0269,-8.6451,0.0]]],[[[114.057,-8.6393,0.0],[114.0571,-8.639,0.0],[114.057,-8.6393,0.0],[114.057,-8.6393,0.0]]],[[[114.0333,-8.6342,0.0],[114.0333,-8.6338,0.0],[114.0334,-8.6338,0.0],[114.0333,-8.6342,0.0]]],[[[114.0827,-8.6304,0.0],[114.0839,-8.6347,0.0],[114.0826,-8.6351,0.0],[114.0827,-8.6304,0.0]]],[[[114.0875,-8.6203,0.0],[114.0876,-8.619,0.0],[114.0882,-8.6194,0.0],[114.0875,-8.6203,0.0]]],[[[114.1122,-8.6197,0.0],[114.1116,-8.6192,0.0],[114.1119,-8.619,0.0],[114.1122,-8.6197,0.0]]],[[[114.0273,-8.6054,0.0],[114.024,-8.6061,0.0],[114.0267,-8.6041,0.0],[114.0273,-8.6054,0.0]]],[[[114.3823,-8.1997,0.0],[114.3832,-8.2026,0.0],[114.3817,-8.201,0.0],[114.3821,-8.2082,0.0],[114.3806,-8.204,0.0],[114.3814,-8.201,0.0],[114.3823,-8.1997,0.0]]],[[[114.4614,-8.0378,0.0],[114.4602,-8.0363,0.0],[114.4625,-8.037,0.0],[114.4614,-8.0378,0.0]]]]}},{"type":"Feature","properties":{"kab_kota":"Kota Malang","kode":"kota-malang"},"geometry":{"type":"Polygon","coordinates":[[[112.6317,-8.046,0.0],[112.631,-8.0352,0.0],[112.6137,-8.0211,0.0],[112.6189,-8.0115,0.0],[112.6065,-8.0135,0.0],[112.5974,-8.006,0.0],[112.6014,-7.9955,0.0],[112.5892,-7.9923,0.0],[112.5915,-7.986,0.0],[112.5765,-7.9837,0.0],[112.5793,-7.979,0.0],[112.5969,-7.9838,0.0],[112.5911,-7.9741,0.0],[112.6033,-7.9712,0.0],[112.6027,-7.9675,0.0],[112.599,-7.9585,0.0],[112.581,-7.9498,0.0],[112.5841,-7.9431,0.0],[112.5689,-7.9389,0.0],[112.5738,-7.9354,0.0],[112.597,-7.9379,0.0],[112.6,-7.9263,0.0],[112.5915,-7.9178,0.0],[112.6003,-7.9241,0.0],[112.6015,-7.9211,0.0],[112.6131,-7.9252,0.0],[112.6098,-7.9179,0.0],[112.6174,-7.9193,0.0],[112.6302,-7.9108,0.0],[112.64,-7.9216,0.0],[112.645,-7.9136,0.0],[112.6629,-7.9269,0.0],[112.6689,-7.9462,0.0],[112.6639,-7.9482,0.0],[112.6636,-7.9588,0.0],[112.6576,-7.9653,0.0],[112.6788,-7.9766,0.0],[112.6901,-7.9756,0.0],[112.6938,-7.9817,0.0],[112.6832,-8.0055,0.0],[112.6788,-8.0104,0.0],[112.6721,-8.009,0.0],[112.6724,-8.0232,0.0],[112.6768,-8.0256,0.0],[112.6652,-8.0408,0.0],[112.6458,-8.0516,0.0],[112.6317,-8.046,0.0]],[[112.5897,-7.9468,0.0],[112.5906,-7.9472,0.0],[112.5869,-7.9433,0.0],[112.5897,-7.9468,0.0]],[[112.5978,-7.95,0.0],[112.5978,-7.95,0.0],[112.5952,-7.949,0.0],[112.5978,-7.95,0.0]],[[112.6084,-7.9602,0.0],[112.6075,-7.9587,0.0],[112.606,-7.9586,0.0],[112.6084,-7.9602,0.0]],[[112.6128,-7.963,0.0],[112.6122,-7.9621,0.0],[112.611,-7.9618,0.0],[112.6128,-7.963,0.0]],[[112.6125,-7.9773,0.0],[112.6134,-7.9639,0.0],[112.6132,-7.9637,0.0],[112.6125,-7.9773,0.0]],[[112.6289,-7.9911,0.0],[112.6289,-7.9911,0.0],[112.6255,-7.9993,0.0],[112.6289,-7.9911,0.0]],[[112.6305,-8.0035,0.0],[112.6357,-7.9871,0.0],[112.6376,-7.9812,0.0],[112.6336,-7.9935,0.0],[112.6305,-8.0035,0.0]],[[112.6554,-7.9671,0.0],[112.6547,-7.9677,0.0],[112.6549,-7.9706,0.0],[112.6554,-7.9671,0.0]],[[112.6345,-7.9643,0.0],[112.6305,-7.9621,0.0],[112.6345,-7.9643,0.0],[112.6345,-7.9643,0.0]],[[112.6373,-7.959,0.0],[112.6362,-7.9616,0.0],[112.6369,-7.9605,0.0],[112.6373,-7.959,0.0]],[[112.6397,-7.9626,0.0],[112.6397,-7.9625,0.0],[112.6383,-7.9641,0.0],[112.6397,-7.9626,0.0]],[[112.6386,-7.9779,0.0],[112.6383,-7.9678,0.0],[112.6386,-7.9779,0.0],[112.6386,-7.9779,0.0]]]}},{"type":"Feature","properties":{"kab_kota":"Madiun","kode":"kab-madiun"},"geometry":{"type":"Polygon","coordinates":[[[111.5087,-7.7995,0.0],[111.476,-7.7833,0.0],[111.469,-7.7771,0.0],[111.4579,-7.7779,0.0],[111.4555,-7.784,0.0],[111.4507,-7.7814,0.0],[111.4555,-7.7558,0.0],[111.4524,-7.7526,0.0],[111.4579,-7.7453,0.0],[111.4559,-7.7352,0.0],[111.4587,-7.725,0.0],[111.4707,-7.7186,0.0],[111.481,-7.7004,0.0],[111.4983,-7.6983,0.0],[111.4987,-7.6741,0.0],[111.5107,-7.6592,0.0],[111.5328,-7.6633,0.0],[111.5346,-7.6687,0.0],[111.5334,-7.6603,0.0],[111.5442,-7.6591,0.0],[111.5389,-7.6486,0.0],[111.5512,-7.6423,0.0],[111.5527,-7.6272,0.0],[111.5486,-7.626,0.0],[111.5579,-7.6076,0.0],[111.558,-7.5963,0.0],[111.5496,-7.5949,0.0],[111.5322,-7.6021,0.0],[111.521,-7.5948,0.0],[111.5131,-7.6075,0.0],[111.5002,-7.6084,0.0],[111.5023,-7.6204,0.0],[111.4957,-7.6247,0.0],[111.5004,-7.6264,0.0],[111.4969,-7.6451,0.0],[111.4992,-7.6407,0.0],[111.5076,-7.641,0.0],[111.5106,-7.6341,0.0],[111.5117,-7.6489,0.0],[111.4997,-7.646,0.0],[111.5038,-7.65,0.0],[111.5014,-7.6587,0.0],[111.4906,-7.6577,0.0],[111.4841,-7.6628,0.0],[111.4869,-7.6415,0.0],[111.4814,-7.641,0.0],[111.4869,-7.6323,0.0],[111.4794,-7.6334,0.0],[111.4803,-7.64,0.0],[111.4696,-7.6415,0.0],[111.4631,-7.639,0.0],[111.4661,-7.6354,0.0],[111.4601,-7.6263,0.0],[111.4507,-7.6279,0.0],[111.4517,-7.6202,0.0],[111.4745,-7.6086,0.0],[111.4753,-7.5865,0.0],[111.4864,-7.5659,0.0],[111.5001,-7.5675,0.0],[111.5042,-7.5527,0.0],[111.5135,-7.5536,0.0],[111.5079,-7.5474,0.0],[111.5114,-7.5383,0.0],[111.5227,-7.5384,0.0],[111.5247,-7.5444,0.0],[111.5321,-7.5469,0.0],[111.5411,-7.5359,0.0],[111.55,-7.545,0.0],[111.5617,-7.5466,0.0],[111.5598,-7.5364,0.0],[111.5474,-7.5372,0.0],[111.5485,-7.5321,0.0],[111.5532,-7.5339,0.0],[111.5507,-7.5268,0.0],[111.5539,-7.5306,0.0],[111.564,-7.5232,0.0],[111.5871,-7.5213,0.0],[111.5804,-7.5125,0.0],[111.5908,-7.5069,0.0],[111.59,-7.5011,0.0],[111.5978,-7.4955,0.0],[111.6005,-7.4825,0.0],[111.6105,-7.4761,0.0],[111.613,-7.4663,0.0],[111.6227,-7.4688,0.0],[111.6371,-7.4628,0.0],[111.6418,-7.451,0.0],[111.6517,-7.451,0.0],[111.6506,-7.4387,0.0],[111.6685,-7.4232,0.0],[111.6736,-7.4107,0.0],[111.7162,-7.4429,0.0],[111.7705,-7.4696,0.0],[111.8023,-7.4597,0.0],[111.8131,-7.4631,0.0],[111.8215,-7.4726,0.0],[111.8186,-7.4831,0.0],[111.8251,-7.4947,0.0],[111.8386,-7.498,0.0],[111.8493,-7.5096,0.0],[111.8404,-7.5192,0.0],[111.8388,-7.5404,0.0],[111.8331,-7.5488,0.0],[111.8258,-7.5446,0.0],[111.8176,-7.5484,0.0],[111.8144,-7.5419,0.0],[111.802,-7.549,0.0],[111.8042,-7.5549,0.0],[111.7943,-7.5741,0.0],[111.7946,-7.5899,0.0],[111.7857,-7.603,0.0],[111.79,-7.6142,0.0],[111.7843,-7.6269,0.0],[111.7829,-7.6504,0.0],[111.757,-7.6816,0.0],[111.7542,-7.7028,0.0],[111.7309,-7.732,0.0],[111.726,-7.778,0.0],[111.7505,-7.7991,0.0],[111.7325,-7.8011,0.0],[111.7194,-7.8111,0.0],[111.6938,-7.8053,0.0],[111.6884,-7.7857,0.0],[111.6757,-7.7835,0.0],[111.6777,-7.7741,0.0],[111.6606,-7.7667,0.0],[111.6083,-7.7824,0.0],[111.599,-7.777,0.0],[111.5998,-7.7726,0.0],[111.596,-7.7894,0.0],[111.5759,-7.8009,0.0],[111.5542,-7.7992,0.0],[111.5498,-7.8044,0.0],[111.5087,-7.7995,0.0]],[[111.4875,-7.7772,0.0],[111.4875,-7.7772,0.0],[111.4876,-7.7879,0.0],[111.4875,-7.7772,0.0]],[[111.6238,-7.5081,0.0],[111.6192,-7.5053,0.0],[111.6191,-7.5054,0.0],[111.6238,-7.5081,0.0]],[[111.6306,-7.5145,0.0],[111.6298,-7.5132,0.0],[111.6294,-7.5127,0.0],[111.6306,-7.5145,0.0]],[[111.6268,-7.5247,0.0],[111.629,-7.5213,0.0],[111.6295,-7.5183,0.0],[111.6268,-7.5247,0.0]],[[111.6348,-7.5265,0.0],[111.6311,-7.5248,0.0],[111.6268,-7.5247,0.0],[111.6348,-7.5265,0.0]],[[111.6394,-7.5391,0.0],[111.6394,-7.539,0.0],[111.6394,-7.5389,0.0],[111.6394,-7.5391,0.0]],[[111.602,-7.5849,0.0],[111.5967,-7.5834,0.0],[111.602,-7.585,0.0],[111.602,-7.5849,0.0]],[[111.6014,-7.5886,0.0],[111.6024,-7.5866,0.0],[111.6021,-7.5851,0.0],[111.6014,-7.5886,0.0]],[[111.5989,-7.5937,0.0],[111.599,-7.5937,0.0],[111.5991,-7.5934,0.0],[111.5989,-7.5937,0.0]],[[111.6031,-7.6037,0.0],[111.6037,-7.6046,0.0],[111.6031,-7.6037,0.0],[111.6031,-7.6037,0.0]],[[111.6052,-7.6034,0.0],[111.6052,-7.6033,0.0],[111.6037,-7.6046,0.0],[111.6052,-7.6034,0.0]],[[111.6063,-7.6059,0.0],[111.6066,-7.6049,0.0],[111.606,-7.6051,0.0],[111.6063,-7.6059,0.0]],[[111.6076,-7.6096,0.0],[111.6072,-7.6065,0.0],[111.6065,-7.6066,0.0],[111.6076,-7.6096,0.0]],[[111.6204,-7.6237,0.0],[111.6228,-7.628,0.0],[111.6204,-7.6236,0.0],[111.6204,-7.6237,0.0]],[[111.6255,-7.633,0.0],[111.6259,-7.6335,0.0],[111.6255,-7.6329,0.0],[111.6255,-7.633,0.0]],[[111.6363,-7.6496,0.0],[111.6338,-7.65,0.0],[111.636,-7.6454,0.0],[111.6363,-7.6496,0.0]],[[111.6446,-7.673,0.0],[111.644,-7.6605,0.0],[111.644,-7.6605,0.0],[111.6446,-7.673,0.0]],[[111.6399,-7.7144,0.0],[111.6401,-7.7142,0.0],[111.6463,-7.7002,0.0],[111.6399,-7.7144,0.0]],[[111.635,-7.7164,0.0],[111.6358,-7.7167,0.0],[111.638,-7.7154,0.0],[111.635,-7.7164,0.0]],[[111.5975,-7.6934,0.0],[111.5931,-7.6946,0.0],[111.5975,-7.6934,0.0],[111.5975,-7.6934,0.0]],[[111.6057,-7.6884,0.0],[111.607,-7.6851,0.0],[111.6057,-7.6884,0.0],[111.6057,-7.6884,0.0]],[[111.5857,-7.674,0.0],[111.5889,-7.6764,0.0],[111.589,-7.6764,0.0],[111.5857,-7.674,0.0]],[[111.5635,-7.6718,0.0],[111.5616,-7.672,0.0],[111.5635,-7.6719,0.0],[111.5635,-7.6718,0.0]],[[111.5611,-7.6751,0.0],[111.5611,-7.6751,0.0],[111.5616,-7.672,0.0],[111.5611,-7.6751,0.0]],[[111.5578,-7.6777,0.0],[111.5603,-7.6783,0.0],[111.5602,-7.6782,0.0],[111.5578,-7.6777,0.0]],[[111.548,-7.6812,0.0],[111.5483,-7.6813,0.0],[111.5578,-7.6777,0.0],[111.548,-7.6812,0.0]],[[111.5401,-7.7041,0.0],[111.5402,-7.7042,0.0],[111.5419,-7.7019,0.0],[111.5401,-7.7041,0.0]],[[111.5406,-7.7069,0.0],[111.5407,-7.7069,0.0],[111.5403,-7.7051,0.0],[111.5406,-7.7069,0.0]],[[111.5432,-7.7089,0.0],[111.5433,-7.7085,0.0],[111.5433,-7.7085,0.0],[111.5432,-7.7089,0.0]],[[111.5431,-7.7101,0.0],[111.5463,-7.7108,0.0],[111.5431,-7.7101,0.0],[111.5431,-7.7101,0.0]],[[111.5461,-7.7188,0.0],[111.5469,-7.7253,0.0],[111.5463,-7.7108,0.0],[111.5461,-7.7188,0.0]],[[111.5474,-7.7285,0.0],[111.5528,-7.7294,0.0],[111.5473,-7.7279,0.0],[111.5474,-7.7285,0.0]],[[111.5607,-7.7366,0.0],[111.5607,-7.7366,0.0],[111.5544,-7.7334,0.0],[111.5607,-7.7366,0.0]],[[111.5621,-7.7492,0.0],[111.5625,-7.7487,0.0],[111.5638,-7.7449,0.0],[111.5621,-7.7492,0.0]],[[111.5576,-7.747,0.0],[111.5618,-7.7495,0.0],[111.5618,-7.7494,0.0],[111.5576,-7.747,0.0]],[[111.5579,-7.7603,0.0],[111.5582,-7.7604,0.0],[111.5579,-7.7601,0.0],[111.5579,-7.7603,0.0]],[[111.5624,-7.7622,0.0],[111.5624,-7.7622,0.0],[111.5622,-7.7621,0.0],[111.5624,-7.7622,0.0]],[[111.5913,-7.7645,0.0],[111.5913,-7.7644,0.0],[111.588,-7.7645,0.0],[111.5913,-7.7645,0.0]],[[111.6003,-7.7691,0.0],[111.6004,-7.7685,0.0],[111.5914,-7.7645,0.0],[111.6003,-7.7691,0.0]],[[111.5996,-7.6302,0.0],[111.6068,-7.6353,0.0],[111.6059,-7.634,0.0],[111.5996,-7.6302,0.0]],[[111.5727,-7.6093,0.0],[111.5727,-7.6094,0.0],[111.5761,-7.6093,0.0],[111.5727,-7.6093,0.0]],[[111.5878,-7.6006,0.0],[111.5868,-7.6011,0.0],[111.5893,-7.6011,0.0],[111.5878,-7.6006,0.0]],[[111.603,-7.6126,0.0],[111.6013,-7.6071,0.0],[111.6029,-7.6125,0.0],[111.603,-7.6126,0.0]],[[111.6331,-7.6493,0.0],[111.6245,-7.6361,0.0],[111.6324,-7.6486,0.0],[111.6331,-7.6493,0.0]],[[111.4952,-7.7022,0.0],[111.4951,-7.7025,0.0],[111.5006,-7.7043,0.0],[111.4952,-7.7022,0.0]],[[111.5053,-7.6994,0.0],[111.5052,-7.6994,0.0],[111.5006,-7.7043,0.0],[111.5053,-7.6994,0.0]],[[111.5079,-7.6991,0.0],[111.5091,-7.699,0.0],[111.509,-7.699,0.0],[111.5079,-7.6991,0.0]],[[111.5115,-7.7151,0.0],[111.5115,-7.7153,0.0],[111.5148,-7.7193,0.0],[111.5115,-7.7151,0.0]],[[111.5118,-7.7312,0.0],[111.5099,-7.7339,0.0],[111.5102,-7.7343,0.0],[111.5118,-7.7312,0.0]],[[111.5114,-7.7426,0.0],[111.5114,-7.7426,0.0],[111.5137,-7.7421,0.0],[111.5114,-7.7426,0.0]],[[111.5438,-7.7517,0.0],[111.5482,-7.7535,0.0],[111.5484,-7.7534,0.0],[111.5438,-7.7517,0.0]],[[111.5111,-7.7445,0.0],[111.5109,-7.7453,0.0],[111.511,-7.7453,0.0],[111.5111,-7.7445,0.0]],[[111.5033,-7.6755,0.0],[111.5137,-7.6759,0.0],[111.5155,-7.6638,0.0],[111.5079,-7.6649,0.0],[111.5033,-7.6755,0.0]],[[111.5071,-7.6776,0.0],[111.5087,-7.6805,0.0],[111.5102,-7.6784,0.0],[111.5071,-7.6776,0.0]],[[111.4997,-7.5684,0.0],[111.4996,-7.5686,0.0],[111.5009,-7.5691,0.0],[111.4997,-7.5684,0.0]],[[111.5015,-7.5694,0.0],[111.5016,-7.5697,0.0],[111.5016,-7.5694,0.0],[111.5015,-7.5694,0.0]],[[111.5088,-7.5891,0.0],[111.5163,-7.591,0.0],[111.5163,-7.591,0.0],[111.5088,-7.5891,0.0]],[[111.5337,-7.5986,0.0],[111.5331,-7.596,0.0],[111.5329,-7.5961,0.0],[111.5337,-7.5986,0.0]],[[111.5342,-7.5947,0.0],[111.5363,-7.5927,0.0],[111.5361,-7.5925,0.0],[111.5342,-7.5947,0.0]],[[111.5364,-7.59,0.0],[111.5369,-7.5887,0.0],[111.5368,-7.5886,0.0],[111.5364,-7.59,0.0]],[[111.5424,-7.5561,0.0],[111.5432,-7.5553,0.0],[111.5432,-7.5552,0.0],[111.5424,-7.5561,0.0]],[[111.5494,-7.5451,0.0],[111.546,-7.545,0.0],[111.546,-7.5452,0.0],[111.5494,-7.5451,0.0]],[[111.5459,-7.5444,0.0],[111.5463,-7.5428,0.0],[111.5456,-7.5429,0.0],[111.5459,-7.5444,0.0]],[[111.5579,-7.5473,0.0],[111.5556,-7.5497,0.0],[111.5572,-7.5491,0.0],[111.5579,-7.5473,0.0]],[[111.5564,-7.5508,0.0],[111.5566,-7.5508,0.0],[111.5556,-7.5497,0.0],[111.5564,-7.5508,0.0]],[[111.6553,-7.648,0.0],[111.6551,-7.6477,0.0],[111.6515,-7.6488,0.0],[111.6553,-7.648,0.0]],[[111.6735,-7.6416,0.0],[111.6692,-7.6434,0.0],[111.6645,-7.6466,0.0],[111.6735,-7.6416,0.0]],[[111.6781,-7.6378,0.0],[111.6772,-7.6412,0.0],[111.6772,-7.6412,0.0],[111.6781,-7.6378,0.0]],[[111.7004,-7.6125,0.0],[111.7002,-7.6124,0.0],[111.7036,-7.6177,0.0],[111.7004,-7.6125,0.0]],[[111.7076,-7.6344,0.0],[111.7035,-7.6224,0.0],[111.7073,-7.6344,0.0],[111.7076,-7.6344,0.0]],[[111.7149,-7.6313,0.0],[111.715,-7.632,0.0],[111.7152,-7.6318,0.0],[111.7149,-7.6313,0.0]],[[111.7107,-7.6182,0.0],[111.7113,-7.6241,0.0],[111.7106,-7.6096,0.0],[111.7107,-7.6182,0.0]],[[111.7094,-7.5923,0.0],[111.7095,-7.5931,0.0],[111.7098,-7.5919,0.0],[111.7094,-7.5923,0.0]],[[111.7141,-7.5798,0.0],[111.7141,-7.5798,0.0],[111.7141,-7.5798,0.0],[111.7141,-7.5798,0.0]],[[111.6835,-7.6405,0.0],[111.6858,-7.6415,0.0],[111.6858,-7.6414,0.0],[111.6835,-7.6405,0.0]],[[111.691,-7.6547,0.0],[111.6918,-7.6601,0.0],[111.692,-7.6601,0.0],[111.691,-7.6547,0.0]],[[111.6922,-7.6601,0.0],[111.6933,-7.6599,0.0],[111.6955,-7.6569,0.0],[111.6922,-7.6601,0.0]],[[111.7187,-7.6891,0.0],[111.7146,-7.696,0.0],[111.7153,-7.6961,0.0],[111.7187,-7.6891,0.0]],[[111.7131,-7.6957,0.0],[111.7097,-7.6942,0.0],[111.7105,-7.6953,0.0],[111.7131,-7.6957,0.0]],[[111.7081,-7.6935,0.0],[111.7072,-7.6931,0.0],[111.7079,-7.6938,0.0],[111.7081,-7.6935,0.0]],[[111.707,-7.6929,0.0],[111.7068,-7.69,0.0],[111.7064,-7.6924,0.0],[111.707,-7.6929,0.0]],[[111.7036,-7.6895,0.0],[111.7031,-7.69,0.0],[111.7068,-7.69,0.0],[111.7036,-7.6895,0.0]],[[111.7025,-7.6905,0.0],[111.7025,-7.6906,0.0],[111.7027,-7.6927,0.0],[111.7025,-7.6905,0.0]],[[111.7074,-7.707,0.0],[111.7068,-7.7096,0.0],[111.7069,-7.7096,0.0],[111.7074,-7.707,0.0]],[[111.7248,-7.7284,0.0],[111.7263,-7.7314,0.0],[111.7262,-7.7298,0.0],[111.7248,-7.7284,0.0]],[[111.728,-7.7344,0.0],[111.7278,-7.7413,0.0],[111.7278,-7.7414,0.0],[111.728,-7.7344,0.0]],[[111.6559,-7.7572,0.0],[111.6563,-7.7581,0.0],[111.6565,-7.7583,0.0],[111.6559,-7.7572,0.0]],[[111.6552,-7.7532,0.0],[111.654,-7.7519,0.0],[111.6548,-7.7543,0.0],[111.6552,-7.7532,0.0]],[[111.647,-7.7445,0.0],[111.6466,-7.7444,0.0],[111.6494,-7.7471,0.0],[111.647,-7.7445,0.0]],[[111.6424,-7.7416,0.0],[111.6406,-7.7419,0.0],[111.6427,-7.7425,0.0],[111.6424,-7.7416,0.0]],[[111.6379,-7.7376,0.0],[111.6378,-7.7376,0.0],[111.6379,-7.7377,0.0],[111.6379,-7.7376,0.0]],[[111.6289,-7.7368,0.0],[111.6344,-7.7383,0.0],[111.6344,-7.7383,0.0],[111.6289,-7.7368,0.0]],[[111.6421,-7.5249,0.0],[111.6468,-7.5279,0.0],[111.6421,-7.5248,0.0],[111.6421,-7.5249,0.0]],[[111.6533,-7.5297,0.0],[111.6564,-7.5305,0.0],[111.6558,-7.5297,0.0],[111.6533,-7.5297,0.0]],[[111.6574,-7.5318,0.0],[111.6574,-7.532,0.0],[111.6576,-7.532,0.0],[111.6574,-7.5318,0.0]],[[111.6587,-7.5319,0.0],[111.6576,-7.532,0.0],[111.6641,-7.5326,0.0],[111.6587,-7.5319,0.0]],[[111.6901,-7.5502,0.0],[111.6905,-7.5503,0.0],[111.6902,-7.5502,0.0],[111.6901,-7.5502,0.0]],[[111.6996,-7.5531,0.0],[111.7004,-7.5534,0.0],[111.7095,-7.5526,0.0],[111.6996,-7.5531,0.0]],[[111.6437,-7.5371,0.0],[111.6438,-7.5372,0.0],[111.6453,-7.534,0.0],[111.6437,-7.5371,0.0]],[[111.6411,-7.5683,0.0],[111.6411,-7.5683,0.0],[111.642,-7.5656,0.0],[111.6411,-7.5683,0.0]],[[111.6569,-7.6099,0.0],[111.6532,-7.6082,0.0],[111.657,-7.61,0.0],[111.6569,-7.6099,0.0]],[[111.6589,-7.6147,0.0],[111.6587,-7.6135,0.0],[111.6584,-7.6135,0.0],[111.6589,-7.6147,0.0]],[[111.6594,-7.6194,0.0],[111.661,-7.6287,0.0],[111.6595,-7.6189,0.0],[111.6594,-7.6194,0.0]]]}},{"type":"Feature","properties":{"kab_kota":"Bondowoso","kode":"kab-bondowoso"},"geometry":{"type":"Polygon","coordinates":[[[113.8583,-8.0389,0.0],[113.8299,-8.0479,0.0],[113.8135,-8.0469,0.0],[113.8117,-8.0429,0.0],[113.8022,-8.0577,0.0],[113.7819,-8.0501,0.0],[113.7725,-8.0369,0.0],[113.7602,-8.0508,0.0],[113.7492,-8.0494,0.0],[113.7519,-8.0608,0.0],[113.7474,-8.0649,0.0],[113.7461,-8.0513,0.0],[113.7262,-8.0236,0.0],[113.7102,-8.0112,0.0],[113.6872,-8.0115,0.0],[113.6708,-7.9828,0.0],[113.6702,-7.9691,0.0],[113.6721,-7.9684,0.0],[113.6745,-7.9634,0.0],[113.6713,-7.9684,0.0],[113.6614,-7.9664,0.0],[113.646,-7.9741,0.0],[113.6357,-7.9656,0.0],[113.6293,-7.9723,0.0],[113.6235,-7.9617,0.0],[113.6604,-7.9385,0.0],[113.6629,-7.9216,0.0],[113.6733,-7.9189,0.0],[113.6891,-7.9031,0.0],[113.6999,-7.8994,0.0],[113.7071,-7.8854,0.0],[113.7225,-7.879,0.0],[113.7397,-7.7889,0.0],[113.7474,-7.7963,0.0],[113.7607,-7.7969,0.0],[113.7604,-7.7921,0.0],[113.7934,-7.8028,0.0],[113.8045,-7.8165,0.0],[113.8198,-7.8112,0.0],[113.8369,-7.8123,0.0],[113.849,-7.7961,0.0],[113.8645,-7.7933,0.0],[113.8722,-7.7975,0.0],[113.8773,-7.7911,0.0],[113.8829,-7.7971,0.0],[113.904,-7.8036,0.0],[113.9055,-7.7956,0.0],[113.9182,-7.7888,0.0],[113.9368,-7.7917,0.0],[113.9357,-7.7767,0.0],[113.9508,-7.7652,0.0],[113.9924,-7.7778,0.0],[114.0067,-7.7553,0.0],[114.0149,-7.761,0.0],[114.0663,-7.7594,0.0],[114.0794,-7.7707,0.0],[114.0749,-7.7832,0.0],[114.0884,-7.8027,0.0],[114.0892,-7.8243,0.0],[114.0956,-7.8406,0.0],[114.0925,-7.8754,0.0],[114.1111,-7.9096,0.0],[114.1135,-7.9421,0.0],[114.1275,-7.9761,0.0],[114.1276,-7.9929,0.0],[114.1412,-7.9814,0.0],[114.1664,-7.9704,0.0],[114.1911,-7.9714,0.0],[114.2167,-7.9805,0.0],[114.2383,-8.0061,0.0],[114.2407,-8.0134,0.0],[114.2358,-8.0311,0.0],[114.2486,-8.0461,0.0],[114.2467,-8.0547,0.0],[114.2311,-8.0704,0.0],[114.2197,-8.0737,0.0],[114.2141,-8.0995,0.0],[114.1952,-8.1036,0.0],[114.1844,-8.1209,0.0],[114.1765,-8.1203,0.0],[114.1725,-8.1072,0.0],[114.1437,-8.1014,0.0],[114.1166,-8.1144,0.0],[114.0917,-8.1162,0.0],[114.0786,-8.1268,0.0],[114.0645,-8.1219,0.0],[114.0556,-8.128,0.0],[114.0473,-8.1262,0.0],[114.0399,-8.1135,0.0],[114.0276,-8.1127,0.0],[114.0147,-8.0869,0.0],[114.0028,-8.0743,0.0],[113.9708,-8.0552,0.0],[113.9586,-8.0551,0.0],[113.9185,-8.0249,0.0],[113.9026,-8.0183,0.0],[113.8868,-8.0161,0.0],[113.885,-8.0299,0.0],[113.8728,-8.0278,0.0],[113.872,-8.0325,0.0],[113.8595,-8.0271,0.0],[113.8574,-8.0186,0.0],[113.8533,-8.0242,0.0],[113.8438,-8.0206,0.0],[113.8473,-8.0303,0.0],[113.8583,-8.0389,0.0]],[[113.8423,-7.8252,0.0],[113.8425,-7.8252,0.0],[113.8423,-7.8251,0.0],[113.8423,-7.8252,0.0]],[[113.8506,-7.8234,0.0],[113.8455,-7.8242,0.0],[113.8448,-7.8247,0.0],[113.8506,-7.8234,0.0]],[[113.8941,-7.8372,0.0],[113.9012,-7.8368,0.0],[113.8939,-7.837,0.0],[113.8941,-7.8372,0.0]],[[113.9087,-7.8393,0.0],[113.9138,-7.8367,0.0],[113.9087,-7.8393,0.0],[113.9087,-7.8393,0.0]],[[113.9258,-7.8379,0.0],[113.9268,-7.8373,0.0],[113.925,-7.8376,0.0],[113.9258,-7.8379,0.0]],[[113.9285,-7.8362,0.0],[113.9286,-7.8388,0.0],[113.9293,-7.8345,0.0],[113.9285,-7.8362,0.0]],[[113.924,-7.8449,0.0],[113.9261,-7.8438,0.0],[113.9265,-7.843,0.0],[113.924,-7.8449,0.0]],[[113.8978,-7.869,0.0],[113.8989,-7.8729,0.0],[113.898,-7.8686,0.0],[113.8978,-7.869,0.0]],[[113.8948,-7.8704,0.0],[113.8967,-7.8712,0.0],[113.8968,-7.8709,0.0],[113.8948,-7.8704,0.0]],[[113.8848,-7.8766,0.0],[113.8848,-7.8767,0.0],[113.8848,-7.8766,0.0],[113.8848,-7.8766,0.0]],[[113.8826,-7.8866,0.0],[113.8828,-7.8865,0.0],[113.8828,-7.8863,0.0],[113.8826,-7.8866,0.0]],[[113.878,-7.8877,0.0],[113.877,-7.8906,0.0],[113.8783,-7.8876,0.0],[113.878,-7.8877,0.0]],[[113.8723,-7.892,0.0],[113.8723,-7.8921,0.0],[113.877,-7.8906,0.0],[113.8723,-7.892,0.0]],[[113.8688,-7.8949,0.0],[113.8707,-7.8953,0.0],[113.8708,-7.8951,0.0],[113.8688,-7.8949,0.0]],[[113.8687,-7.9242,0.0],[113.8699,-7.917,0.0],[113.8698,-7.9166,0.0],[113.8687,-7.9242,0.0]],[[113.874,-7.9326,0.0],[113.8741,-7.9325,0.0],[113.8687,-7.9242,0.0],[113.874,-7.9326,0.0]],[[113.8728,-7.9333,0.0],[113.8737,-7.9338,0.0],[113.874,-7.9328,0.0],[113.8728,-7.9333,0.0]],[[113.8777,-7.9699,0.0],[113.8778,-7.97,0.0],[113.8772,-7.9667,0.0],[113.8777,-7.9699,0.0]],[[113.8568,-7.9579,0.0],[113.8606,-7.9744,0.0],[113.8578,-7.9594,0.0],[113.8568,-7.9579,0.0]],[[113.8763,-8.0087,0.0],[113.8766,-8.0089,0.0],[113.8763,-8.0086,0.0],[113.8763,-8.0087,0.0]],[[113.8608,-7.8958,0.0],[113.8627,-7.8996,0.0],[113.8664,-7.898,0.0],[113.8608,-7.8958,0.0]],[[113.7105,-7.9431,0.0],[113.7103,-7.9434,0.0],[113.7161,-7.941,0.0],[113.7105,-7.9431,0.0]],[[113.719,-7.9373,0.0],[113.7187,-7.9376,0.0],[113.7194,-7.9374,0.0],[113.719,-7.9373,0.0]],[[113.7233,-7.9382,0.0],[113.7214,-7.9378,0.0],[113.7314,-7.9429,0.0],[113.7233,-7.9382,0.0]],[[113.7633,-7.9668,0.0],[113.7563,-7.9687,0.0],[113.7633,-7.9668,0.0],[113.7633,-7.9668,0.0]],[[113.7786,-7.9556,0.0],[113.778,-7.9562,0.0],[113.7802,-7.9576,0.0],[113.7786,-7.9556,0.0]],[[113.7828,-7.9663,0.0],[113.779,-7.9655,0.0],[113.7822,-7.9669,0.0],[113.7828,-7.9663,0.0]],[[113.797,-7.9659,0.0],[113.7955,-7.9702,0.0],[113.7955,-7.9702,0.0],[113.797,-7.9659,0.0]],[[113.8082,-7.9008,0.0],[113.8081,-7.9012,0.0],[113.8082,-7.9013,0.0],[113.8082,-7.9008,0.0]],[[113.8141,-7.9043,0.0],[113.8138,-7.9042,0.0],[113.8141,-7.9043,0.0],[113.8141,-7.9043,0.0]],[[113.817,-7.9042,0.0],[113.8148,-7.9043,0.0],[113.817,-7.9043,0.0],[113.817,-7.9042,0.0]],[[113.8304,-7.9075,0.0],[113.8271,-7.9062,0.0],[113.8233,-7.906,0.0],[113.8233,-7.906,0.0],[113.8304,-7.9075,0.0]],[[113.836,-7.9122,0.0],[113.8353,-7.9118,0.0],[113.8353,-7.9119,0.0],[113.836,-7.9122,0.0]],[[113.839,-7.9129,0.0],[113.8373,-7.9127,0.0],[113.8386,-7.9132,0.0],[113.839,-7.9129,0.0]],[[113.84,-7.9083,0.0],[113.8394,-7.9126,0.0],[113.8398,-7.9122,0.0],[113.84,-7.9083,0.0]],[[113.8485,-7.8928,0.0],[113.8479,-7.8944,0.0],[113.8487,-7.8929,0.0],[113.8485,-7.8928,0.0]],[[113.8517,-7.8932,0.0],[113.8504,-7.8943,0.0],[113.8519,-7.8933,0.0],[113.8517,-7.8932,0.0]],[[113.6738,-7.9685,0.0],[113.6767,-7.9695,0.0],[113.675,-7.9686,0.0],[113.6738,-7.9685,0.0]],[[113.6777,-7.97,0.0],[113.6802,-7.9719,0.0],[113.6784,-7.9704,0.0],[113.6777,-7.97,0.0]],[[113.6829,-7.9741,0.0],[113.6849,-7.9767,0.0],[113.6834,-7.9746,0.0],[113.6829,-7.9741,0.0]],[[113.688,-7.9805,0.0],[113.6884,-7.9809,0.0],[113.6889,-7.9811,0.0],[113.688,-7.9805,0.0]],[[113.6949,-7.9856,0.0],[113.7022,-7.9872,0.0],[113.7021,-7.9871,0.0],[113.6949,-7.9856,0.0]],[[113.7686,-8.005,0.0],[113.774,-8.0037,0.0],[113.7732,-8.0036,0.0],[113.7686,-8.005,0.0]],[[113.7866,-8.0041,0.0],[113.789,-8.0064,0.0],[113.7867,-8.0041,0.0],[113.7866,-8.0041,0.0]],[[113.8028,-7.9979,0.0],[113.8042,-7.9938,0.0],[113.803,-7.9957,0.0],[113.8028,-7.9979,0.0]],[[113.8221,-7.9928,0.0],[113.8158,-7.9928,0.0],[113.8364,-7.9964,0.0],[113.8221,-7.9928,0.0]],[[113.8217,-7.9923,0.0],[113.8219,-7.9916,0.0],[113.8215,-7.992,0.0],[113.8217,-7.9923,0.0]],[[113.8254,-7.9537,0.0],[113.8255,-7.9528,0.0],[113.8248,-7.9508,0.0],[113.8254,-7.9537,0.0]],[[113.8239,-7.9467,0.0],[113.8245,-7.9493,0.0],[113.8253,-7.9505,0.0],[113.8239,-7.9467,0.0]],[[113.8479,-7.9547,0.0],[113.8478,-7.9524,0.0],[113.8472,-7.9522,0.0],[113.8479,-7.9547,0.0]],[[113.8525,-7.9551,0.0],[113.8568,-7.9579,0.0],[113.8567,-7.9577,0.0],[113.8525,-7.9551,0.0]],[[113.8436,-7.9983,0.0],[113.8436,-7.9982,0.0],[113.843,-7.9981,0.0],[113.8436,-7.9983,0.0]],[[113.7966,-7.9706,0.0],[113.8005,-7.9683,0.0],[113.7957,-7.9703,0.0],[113.7966,-7.9706,0.0]],[[113.8178,-7.9562,0.0],[113.817,-7.9562,0.0],[113.8175,-7.9576,0.0],[113.8178,-7.9562,0.0]],[[113.8194,-7.9534,0.0],[113.8169,-7.9559,0.0],[113.8169,-7.956,0.0],[113.8194,-7.9534,0.0]],[[113.821,-7.9433,0.0],[113.8196,-7.9451,0.0],[113.8195,-7.9473,0.0],[113.821,-7.9433,0.0]],[[113.8221,-7.9331,0.0],[113.8221,-7.9332,0.0],[113.8259,-7.9316,0.0],[113.8221,-7.9331,0.0]],[[113.7344,-7.8337,0.0],[113.7366,-7.8369,0.0],[113.7346,-7.8337,0.0],[113.7344,-7.8337,0.0]],[[113.7718,-7.8605,0.0],[113.774,-7.8615,0.0],[113.7734,-7.8609,0.0],[113.7718,-7.8605,0.0]],[[113.7746,-7.8621,0.0],[113.7744,-7.8627,0.0],[113.7748,-7.8622,0.0],[113.7746,-7.8621,0.0]],[[113.773,-7.8665,0.0],[113.7728,-7.8668,0.0],[113.773,-7.867,0.0],[113.773,-7.8665,0.0]],[[113.7796,-7.8691,0.0],[113.7814,-7.8701,0.0],[113.7796,-7.8691,0.0],[113.7796,-7.8691,0.0]],[[113.7854,-7.8772,0.0],[113.7855,-7.8774,0.0],[113.7875,-7.8778,0.0],[113.7854,-7.8772,0.0]],[[113.7874,-7.8798,0.0],[113.7874,-7.8798,0.0],[113.7875,-7.8778,0.0],[113.7874,-7.8798,0.0]],[[113.7901,-7.8796,0.0],[113.7877,-7.8798,0.0],[113.788,-7.881,0.0],[113.7901,-7.8796,0.0]],[[113.8059,-7.8972,0.0],[113.8082,-7.9,0.0],[113.8083,-7.899,0.0],[113.8059,-7.8972,0.0]],[[113.7282,-7.9354,0.0],[113.7366,-7.9277,0.0],[113.7279,-7.9356,0.0],[113.7282,-7.9354,0.0]],[[113.7601,-7.9145,0.0],[113.7531,-7.9166,0.0],[113.7516,-7.9178,0.0],[113.7601,-7.9145,0.0]],[[113.7817,-7.9081,0.0],[113.7817,-7.9068,0.0],[113.7816,-7.9082,0.0],[113.7817,-7.9081,0.0]],[[113.7825,-7.8996,0.0],[113.7824,-7.8998,0.0],[113.7834,-7.9009,0.0],[113.7825,-7.8996,0.0]],[[113.7871,-7.8885,0.0],[113.7862,-7.8906,0.0],[113.7868,-7.8922,0.0],[113.7871,-7.8885,0.0]],[[113.7876,-7.8819,0.0],[113.7873,-7.8826,0.0],[113.7875,-7.8836,0.0],[113.7876,-7.8819,0.0]],[[113.6769,-7.9556,0.0],[113.6768,-7.9559,0.0],[113.6809,-7.9518,0.0],[113.6769,-7.9556,0.0]],[[113.7232,-7.9079,0.0],[113.7227,-7.9111,0.0],[113.7237,-7.9075,0.0],[113.7232,-7.9079,0.0]],[[113.7329,-7.8975,0.0],[113.7255,-7.9055,0.0],[113.726,-7.9053,0.0],[113.7329,-7.8975,0.0]],[[113.758,-7.8787,0.0],[113.7587,-7.8807,0.0],[113.7581,-7.8783,0.0],[113.758,-7.8787,0.0]],[[113.7645,-7.8682,0.0],[113.7637,-7.8686,0.0],[113.7714,-7.8688,0.0],[113.7645,-7.8682,0.0]],[[113.8105,-7.8449,0.0],[113.8104,-7.8448,0.0],[113.8091,-7.8459,0.0],[113.8105,-7.8449,0.0]],[[113.8103,-7.8431,0.0],[113.8089,-7.8435,0.0],[113.8092,-7.8437,0.0],[113.8103,-7.8431,0.0]],[[113.8109,-7.8414,0.0],[113.8111,-7.8386,0.0],[113.8108,-7.8414,0.0],[113.8109,-7.8414,0.0]],[[113.8154,-7.8275,0.0],[113.816,-7.8262,0.0],[113.812,-7.833,0.0],[113.8154,-7.8275,0.0]],[[113.8311,-7.8359,0.0],[113.8298,-7.8341,0.0],[113.8229,-7.8287,0.0],[113.8311,-7.8359,0.0]],[[113.833,-7.8413,0.0],[113.8325,-7.8378,0.0],[113.832,-7.8372,0.0],[113.833,-7.8413,0.0]],[[113.815,-7.8198,0.0],[113.8163,-7.8256,0.0],[113.8164,-7.8255,0.0],[113.815,-7.8198,0.0]],[[113.8991,-7.9585,0.0],[113.8989,-7.9582,0.0],[113.8989,-7.9584,0.0],[113.8991,-7.9585,0.0]],[[113.9004,-7.9589,0.0],[113.8992,-7.9586,0.0],[113.9017,-7.9602,0.0],[113.9004,-7.9589,0.0]],[[113.9001,-7.9503,0.0],[113.9053,-7.9554,0.0],[113.8996,-7.9492,0.0],[113.9001,-7.9503,0.0]],[[113.9293,-7.957,0.0],[113.921,-7.9542,0.0],[113.9189,-7.9539,0.0],[113.9293,-7.957,0.0]],[[113.9169,-7.9351,0.0],[113.917,-7.9353,0.0],[113.9173,-7.9346,0.0],[113.9169,-7.9351,0.0]],[[113.9186,-7.933,0.0],[113.9181,-7.9336,0.0],[113.92,-7.9337,0.0],[113.9186,-7.933,0.0]],[[113.9239,-7.932,0.0],[113.9205,-7.9337,0.0],[113.9207,-7.9337,0.0],[113.9239,-7.932,0.0]],[[113.937,-7.9276,0.0],[113.9343,-7.9293,0.0],[113.9371,-7.9279,0.0],[113.937,-7.9276,0.0]],[[113.9599,-7.9309,0.0],[113.9596,-7.9312,0.0],[113.96,-7.9311,0.0],[113.9599,-7.9309,0.0]],[[113.9615,-7.9297,0.0],[113.9615,-7.9298,0.0],[113.9616,-7.9298,0.0],[113.9615,-7.9297,0.0]],[[113.9558,-7.9055,0.0],[113.9557,-7.9059,0.0],[113.956,-7.9056,0.0],[113.9558,-7.9055,0.0]],[[113.96,-7.9072,0.0],[113.96,-7.9072,0.0],[113.96,-7.9072,0.0],[113.96,-7.9072,0.0]],[[113.9625,-7.9105,0.0],[113.9597,-7.9083,0.0],[113.9597,-7.9084,0.0],[113.9625,-7.9105,0.0]],[[113.9629,-7.9131,0.0],[113.9631,-7.9132,0.0],[113.9625,-7.9105,0.0],[113.9629,-7.9131,0.0]],[[113.9665,-7.9137,0.0],[113.9633,-7.9132,0.0],[113.9648,-7.9138,0.0],[113.9665,-7.9137,0.0]],[[113.9678,-7.9123,0.0],[113.9668,-7.9137,0.0],[113.9675,-7.9137,0.0],[113.9678,-7.9123,0.0]],[[113.9752,-7.9055,0.0],[113.9751,-7.9042,0.0],[113.9713,-7.894,0.0],[113.9752,-7.9055,0.0]],[[113.9834,-7.8975,0.0],[113.9833,-7.8976,0.0],[113.9882,-7.8974,0.0],[113.9834,-7.8975,0.0]],[[113.9984,-7.9008,0.0],[113.9984,-7.9008,0.0],[113.9985,-7.9008,0.0],[113.9984,-7.9008,0.0]],[[114.0263,-7.9479,0.0],[114.024,-7.9455,0.0],[114.0244,-7.9462,0.0],[114.0263,-7.9479,0.0]],[[114.0939,-8.0186,0.0],[114.0936,-8.0143,0.0],[114.0937,-8.0181,0.0],[114.0939,-8.0186,0.0]],[[114.0962,-8.0235,0.0],[114.0945,-8.02,0.0],[114.0962,-8.0241,0.0],[114.0962,-8.0235,0.0]],[[114.1018,-8.0274,0.0],[114.0959,-8.0295,0.0],[114.0959,-8.0295,0.0],[114.1018,-8.0274,0.0]],[[113.8956,-7.9621,0.0],[113.9025,-7.9609,0.0],[113.9024,-7.9608,0.0],[113.8956,-7.9621,0.0]],[[113.9308,-7.9567,0.0],[113.931,-7.9587,0.0],[113.9316,-7.9569,0.0],[113.9308,-7.9567,0.0]],[[113.9451,-7.9788,0.0],[113.9446,-7.9772,0.0],[113.9443,-7.9771,0.0],[113.9451,-7.9788,0.0]],[[113.9514,-7.9679,0.0],[113.9515,-7.9681,0.0],[113.9552,-7.9704,0.0],[113.9514,-7.9679,0.0]],[[113.9437,-7.9562,0.0],[113.9399,-7.954,0.0],[113.9405,-7.9549,0.0],[113.9437,-7.9562,0.0]],[[113.9341,-7.9447,0.0],[113.9357,-7.9441,0.0],[113.9355,-7.9439,0.0],[113.9341,-7.9447,0.0]],[[113.9555,-7.9569,0.0],[113.9697,-7.9525,0.0],[113.9704,-7.9515,0.0],[113.9555,-7.9569,0.0]],[[113.9687,-7.9477,0.0],[113.968,-7.9469,0.0],[113.9704,-7.9515,0.0],[113.9687,-7.9477,0.0]],[[113.9636,-7.9415,0.0],[113.963,-7.9407,0.0],[113.963,-7.941,0.0],[113.9636,-7.9415,0.0]],[[113.9772,-7.9459,0.0],[113.9773,-7.946,0.0],[113.9848,-7.9441,0.0],[113.9772,-7.9459,0.0]],[[113.9861,-7.9461,0.0],[113.9882,-7.9465,0.0],[113.9889,-7.9463,0.0],[113.9861,-7.9461,0.0]],[[113.9892,-7.9462,0.0],[113.9894,-7.9461,0.0],[113.9885,-7.9445,0.0],[113.9892,-7.9462,0.0]],[[113.9936,-7.9412,0.0],[113.9938,-7.9411,0.0],[113.9913,-7.9371,0.0],[113.9936,-7.9412,0.0]],[[113.992,-7.935,0.0],[113.9914,-7.9337,0.0],[113.9913,-7.9371,0.0],[113.992,-7.935,0.0]],[[113.9914,-7.9337,0.0],[113.9912,-7.9334,0.0],[113.9901,-7.9338,0.0],[113.9914,-7.9337,0.0]],[[113.989,-7.9293,0.0],[113.9887,-7.9278,0.0],[113.9857,-7.9232,0.0],[113.989,-7.9293,0.0]],[[114.0694,-8.1216,0.0],[114.0681,-8.1199,0.0],[114.0692,-8.1218,0.0],[114.0694,-8.1216,0.0]],[[114.0665,-8.1123,0.0],[114.0675,-8.1128,0.0],[114.0665,-8.1123,0.0],[114.0665,-8.1123,0.0]],[[114.0691,-8.1088,0.0],[114.0708,-8.1048,0.0],[114.0675,-8.1106,0.0],[114.0691,-8.1088,0.0]],[[114.0956,-8.0331,0.0],[114.0954,-8.0347,0.0],[114.0957,-8.0353,0.0],[114.0956,-8.0331,0.0]],[[114.0454,-8.087,0.0],[114.0453,-8.087,0.0],[114.0454,-8.0872,0.0],[114.0454,-8.087,0.0]],[[114.0537,-8.111,0.0],[114.0506,-8.1047,0.0],[114.0515,-8.1081,0.0],[114.0537,-8.111,0.0]],[[113.959,-7.9755,0.0],[113.9584,-7.9757,0.0],[113.9595,-7.9776,0.0],[113.959,-7.9755,0.0]],[[113.9297,-7.8339,0.0],[113.9344,-7.8309,0.0],[113.9303,-7.8331,0.0],[113.9297,-7.8339,0.0]],[[113.9367,-7.8263,0.0],[113.939,-7.8284,0.0],[113.937,-7.8259,0.0],[113.9367,-7.8263,0.0]],[[113.8957,-7.8851,0.0],[113.9007,-7.8822,0.0],[113.8957,-7.8848,0.0],[113.8957,-7.8851,0.0]],[[113.9983,-7.8997,0.0],[113.9988,-7.8989,0.0],[113.9979,-7.8967,0.0],[113.9983,-7.8997,0.0]],[[113.971,-7.8267,0.0],[113.9692,-7.8253,0.0],[113.9693,-7.8255,0.0],[113.971,-7.8267,0.0]],[[113.9692,-7.825,0.0],[113.9696,-7.8193,0.0],[113.9688,-7.8232,0.0],[113.9692,-7.825,0.0]],[[113.9694,-7.8116,0.0],[113.9681,-7.816,0.0],[113.9698,-7.8122,0.0],[113.9694,-7.8116,0.0]],[[113.9735,-7.8127,0.0],[113.9736,-7.8127,0.0],[113.9749,-7.8063,0.0],[113.9735,-7.8127,0.0]],[[113.9753,-7.8046,0.0],[113.9843,-7.8075,0.0],[113.9753,-7.8046,0.0],[113.9753,-7.8046,0.0]],[[114.0751,-7.9159,0.0],[114.0657,-7.9112,0.0],[114.0755,-7.9163,0.0],[114.0751,-7.9159,0.0]],[[114.0765,-7.9176,0.0],[114.0769,-7.9193,0.0],[114.0769,-7.9181,0.0],[114.0765,-7.9176,0.0]],[[114.0623,-7.8975,0.0],[114.0625,-7.8968,0.0],[114.0618,-7.893,0.0],[114.0623,-7.8975,0.0]],[[114.0579,-7.883,0.0],[114.0587,-7.8894,0.0],[114.0588,-7.8895,0.0],[114.0579,-7.883,0.0]],[[114.037,-7.8155,0.0],[114.0359,-7.814,0.0],[114.037,-7.8155,0.0],[114.037,-7.8155,0.0]],[[114.0126,-7.7833,0.0],[114.0104,-7.782,0.0],[114.0126,-7.7834,0.0],[114.0126,-7.7833,0.0]],[[114.0048,-7.782,0.0],[114.0059,-7.7824,0.0],[114.0064,-7.7824,0.0],[114.0048,-7.782,0.0]],[[114.0717,-7.9081,0.0],[114.0704,-7.9067,0.0],[114.0733,-7.9125,0.0],[114.0717,-7.9081,0.0]],[[113.9373,-7.8022,0.0],[113.9366,-7.8003,0.0],[113.9367,-7.8015,0.0],[113.9373,-7.8022,0.0]],[[113.9478,-7.8114,0.0],[113.9425,-7.8083,0.0],[113.9427,-7.8086,0.0],[113.9478,-7.8114,0.0]],[[113.9652,-7.8114,0.0],[113.9642,-7.8128,0.0],[113.9662,-7.8112,0.0],[113.9652,-7.8114,0.0]]]}},{"type":"Feature","properties":{"kab_kota":"Ngawi","kode":"kab-ngawi"},"geometry":{"type":"MultiPolygon","coordinates":[[[[111.2603,-7.5984,0.0],[111.1949,-7.6199,0.0],[111.1939,-7.6055,0.0],[111.1683,-7.5902,0.0],[111.1523,-7.5614,0.0],[111.1525,-7.5416,0.0],[111.1463,-7.5276,0.0],[111.1521,-7.5223,0.0],[111.1482,-7.5165,0.0],[111.1537,-7.5096,0.0],[111.1527,-7.4995,0.0],[111.1352,-7.4836,0.0],[111.1372,-7.4655,0.0],[111.1286,-7.4611,0.0],[111.131,-7.4574,0.0],[111.1253,-7.4506,0.0],[111.1184,-7.4149,0.0],[111.1393,-7.3855,0.0],[111.1371,-7.3789,0.0],[111.1453,-7.3685,0.0],[111.1415,-7.3632,0.0],[111.1445,-7.3597,0.0],[111.1411,-7.3609,0.0],[111.1418,-7.3328,0.0],[111.1553,-7.3133,0.0],[111.1457,-7.3067,0.0],[111.1407,-7.3085,0.0],[111.1344,-7.2977,0.0],[111.1479,-7.2754,0.0],[111.1503,-7.2602,0.0],[111.1597,-7.258,0.0],[111.1778,-7.2646,0.0],[111.1999,-7.2559,0.0],[111.198,-7.2465,0.0],[111.2049,-7.2447,0.0],[111.2224,-7.2531,0.0],[111.2242,-7.2614,0.0],[111.24,-7.2757,0.0],[111.2439,-7.2853,0.0],[111.2865,-7.2892,0.0],[111.2955,-7.3016,0.0],[111.3034,-7.2996,0.0],[111.3096,-7.3062,0.0],[111.3154,-7.3049,0.0],[111.3223,-7.3094,0.0],[111.3205,-7.3143,0.0],[111.3301,-7.315,0.0],[111.3331,-7.3208,0.0],[111.3447,-7.3192,0.0],[111.3471,-7.3362,0.0],[111.3607,-7.3301,0.0],[111.372,-7.3406,0.0],[111.4202,-7.3457,0.0],[111.4269,-7.3501,0.0],[111.433,-7.3652,0.0],[111.4625,-7.3781,0.0],[111.4629,-7.3706,0.0],[111.4561,-7.3673,0.0],[111.473,-7.3573,0.0],[111.497,-7.3644,0.0],[111.5162,-7.3641,0.0],[111.5279,-7.3722,0.0],[111.5451,-7.3702,0.0],[111.5537,-7.3587,0.0],[111.5665,-7.36,0.0],[111.5749,-7.3486,0.0],[111.6138,-7.3698,0.0],[111.6163,-7.3794,0.0],[111.6307,-7.3897,0.0],[111.6736,-7.4107,0.0],[111.6685,-7.4232,0.0],[111.6506,-7.4387,0.0],[111.6522,-7.4504,0.0],[111.6418,-7.451,0.0],[111.6371,-7.4628,0.0],[111.6227,-7.4688,0.0],[111.613,-7.4663,0.0],[111.6105,-7.4761,0.0],[111.6003,-7.4827,0.0],[111.6029,-7.4849,0.0],[111.5967,-7.4908,0.0],[111.5978,-7.4954,0.0],[111.59,-7.5011,0.0],[111.5905,-7.507,0.0],[111.5804,-7.5125,0.0],[111.5865,-7.5219,0.0],[111.575,-7.5204,0.0],[111.5613,-7.5267,0.0],[111.5567,-7.5235,0.0],[111.559,-7.5263,0.0],[111.5538,-7.5306,0.0],[111.5505,-7.5269,0.0],[111.5532,-7.5339,0.0],[111.5485,-7.5321,0.0],[111.5474,-7.5372,0.0],[111.5598,-7.5364,0.0],[111.5615,-7.5468,0.0],[111.5503,-7.5452,0.0],[111.5411,-7.5359,0.0],[111.5303,-7.5467,0.0],[111.5227,-7.5384,0.0],[111.5082,-7.5369,0.0],[111.5118,-7.5236,0.0],[111.5032,-7.516,0.0],[111.4787,-7.517,0.0],[111.4613,-7.5095,0.0],[111.4602,-7.5176,0.0],[111.4392,-7.5174,0.0],[111.4328,-7.5298,0.0],[111.4205,-7.5364,0.0],[111.4159,-7.5332,0.0],[111.4144,-7.5373,0.0],[111.3973,-7.5412,0.0],[111.3836,-7.5371,0.0],[111.3677,-7.5564,0.0],[111.3743,-7.5607,0.0],[111.3702,-7.5734,0.0],[111.3544,-7.5704,0.0],[111.316,-7.5891,0.0],[111.3149,-7.583,0.0],[111.3015,-7.5868,0.0],[111.2911,-7.6037,0.0],[111.2603,-7.5984,0.0]],[[111.2869,-7.3508,0.0],[111.2875,-7.3509,0.0],[111.2867,-7.3504,0.0],[111.2869,-7.3508,0.0]],[[111.2937,-7.3558,0.0],[111.2927,-7.354,0.0],[111.2911,-7.3531,0.0],[111.2937,-7.3558,0.0]],[[111.2955,-7.3577,0.0],[111.311,-7.3591,0.0],[111.2955,-7.3577,0.0],[111.2955,-7.3577,0.0]],[[111.3197,-7.3688,0.0],[111.3198,-7.3686,0.0],[111.3197,-7.3686,0.0],[111.3197,-7.3688,0.0]],[[111.3098,-7.3841,0.0],[111.3194,-7.3719,0.0],[111.3194,-7.3716,0.0],[111.3098,-7.3841,0.0]],[[111.3102,-7.4006,0.0],[111.3102,-7.4005,0.0],[111.3073,-7.4036,0.0],[111.3102,-7.4006,0.0]],[[111.3165,-7.3891,0.0],[111.3164,-7.3891,0.0],[111.3156,-7.3919,0.0],[111.3165,-7.3891,0.0]],[[111.3335,-7.3803,0.0],[111.3388,-7.3814,0.0],[111.3335,-7.3794,0.0],[111.3335,-7.3803,0.0]],[[111.3414,-7.3722,0.0],[111.3407,-7.3725,0.0],[111.3388,-7.3814,0.0],[111.3414,-7.3722,0.0]],[[111.3438,-7.3714,0.0],[111.3436,-7.3713,0.0],[111.3432,-7.3714,0.0],[111.3438,-7.3714,0.0]],[[111.3484,-7.3758,0.0],[111.3488,-7.3753,0.0],[111.3485,-7.3751,0.0],[111.3484,-7.3758,0.0]],[[111.3444,-7.376,0.0],[111.348,-7.3764,0.0],[111.3481,-7.3763,0.0],[111.3444,-7.376,0.0]],[[111.3443,-7.3777,0.0],[111.3447,-7.3781,0.0],[111.3444,-7.376,0.0],[111.3443,-7.3777,0.0]],[[111.346,-7.38,0.0],[111.347,-7.3803,0.0],[111.345,-7.3787,0.0],[111.346,-7.38,0.0]],[[111.3554,-7.3679,0.0],[111.362,-7.3719,0.0],[111.3555,-7.3675,0.0],[111.3554,-7.3679,0.0]],[[111.3586,-7.375,0.0],[111.3587,-7.3756,0.0],[111.3587,-7.3749,0.0],[111.3586,-7.375,0.0]],[[111.3592,-7.3789,0.0],[111.3602,-7.3798,0.0],[111.359,-7.3778,0.0],[111.3592,-7.3789,0.0]],[[111.3646,-7.3874,0.0],[111.3649,-7.3874,0.0],[111.3641,-7.3861,0.0],[111.3646,-7.3874,0.0]],[[111.3678,-7.388,0.0],[111.3682,-7.3878,0.0],[111.3722,-7.3821,0.0],[111.3678,-7.388,0.0]],[[111.3778,-7.3806,0.0],[111.3778,-7.3804,0.0],[111.3722,-7.3821,0.0],[111.3778,-7.3806,0.0]],[[111.3817,-7.3956,0.0],[111.3819,-7.3954,0.0],[111.3815,-7.3953,0.0],[111.3817,-7.3956,0.0]],[[111.4018,-7.3993,0.0],[111.4023,-7.3997,0.0],[111.4027,-7.3992,0.0],[111.4018,-7.3993,0.0]],[[111.4013,-7.4274,0.0],[111.4033,-7.4247,0.0],[111.4033,-7.4229,0.0],[111.4013,-7.4274,0.0]],[[111.4005,-7.4291,0.0],[111.4043,-7.4314,0.0],[111.4006,-7.4288,0.0],[111.4005,-7.4291,0.0]],[[111.4081,-7.4393,0.0],[111.4088,-7.4394,0.0],[111.4025,-7.4361,0.0],[111.4081,-7.4393,0.0]],[[111.4219,-7.4393,0.0],[111.4221,-7.4392,0.0],[111.4192,-7.4394,0.0],[111.4219,-7.4393,0.0]],[[111.4366,-7.4309,0.0],[111.4361,-7.4305,0.0],[111.4361,-7.4306,0.0],[111.4366,-7.4309,0.0]],[[111.432,-7.438,0.0],[111.4385,-7.4326,0.0],[111.4383,-7.4324,0.0],[111.432,-7.438,0.0]],[[111.3841,-7.5074,0.0],[111.3864,-7.5051,0.0],[111.3883,-7.5026,0.0],[111.3841,-7.5074,0.0]],[[111.3704,-7.5134,0.0],[111.3707,-7.5168,0.0],[111.371,-7.5134,0.0],[111.3704,-7.5134,0.0]],[[111.3622,-7.5343,0.0],[111.3623,-7.5343,0.0],[111.3658,-7.5294,0.0],[111.3622,-7.5343,0.0]],[[111.3555,-7.523,0.0],[111.3573,-7.5185,0.0],[111.3536,-7.525,0.0],[111.3555,-7.523,0.0]],[[111.1453,-7.4504,0.0],[111.1428,-7.4484,0.0],[111.1453,-7.4511,0.0],[111.1453,-7.4504,0.0]],[[111.1496,-7.4482,0.0],[111.1455,-7.4514,0.0],[111.1457,-7.4516,0.0],[111.1496,-7.4482,0.0]],[[111.1594,-7.4308,0.0],[111.1594,-7.4314,0.0],[111.1613,-7.4305,0.0],[111.1594,-7.4308,0.0]],[[111.1615,-7.4304,0.0],[111.1614,-7.4304,0.0],[111.1633,-7.4341,0.0],[111.1615,-7.4304,0.0]],[[111.1831,-7.4502,0.0],[111.1741,-7.4411,0.0],[111.1829,-7.4502,0.0],[111.1831,-7.4502,0.0]],[[111.1937,-7.451,0.0],[111.1912,-7.4508,0.0],[111.1936,-7.451,0.0],[111.1937,-7.451,0.0]],[[111.2011,-7.4515,0.0],[111.2046,-7.4527,0.0],[111.1955,-7.4491,0.0],[111.2011,-7.4515,0.0]],[[111.2094,-7.4572,0.0],[111.2083,-7.4595,0.0],[111.2092,-7.459,0.0],[111.2094,-7.4572,0.0]],[[111.211,-7.454,0.0],[111.2112,-7.4561,0.0],[111.2114,-7.456,0.0],[111.211,-7.454,0.0]],[[111.2143,-7.4371,0.0],[111.2117,-7.4439,0.0],[111.2144,-7.4371,0.0],[111.2143,-7.4371,0.0]],[[111.2404,-7.463,0.0],[111.2295,-7.4703,0.0],[111.2406,-7.4631,0.0],[111.2404,-7.463,0.0]],[[111.2568,-7.4704,0.0],[111.2548,-7.4701,0.0],[111.2564,-7.4709,0.0],[111.2568,-7.4704,0.0]],[[111.296,-7.4922,0.0],[111.2954,-7.4936,0.0],[111.2969,-7.4925,0.0],[111.296,-7.4922,0.0]],[[111.3015,-7.4892,0.0],[111.3014,-7.4893,0.0],[111.3015,-7.4892,0.0],[111.3015,-7.4892,0.0]],[[111.3158,-7.4588,0.0],[111.3155,-7.4594,0.0],[111.3162,-7.4584,0.0],[111.3158,-7.4588,0.0]],[[111.3259,-7.4559,0.0],[111.32,-7.4545,0.0],[111.326,-7.4566,0.0],[111.3259,-7.4559,0.0]],[[111.3296,-7.4554,0.0],[111.3268,-7.4569,0.0],[111.3275,-7.4571,0.0],[111.3296,-7.4554,0.0]],[[111.3601,-7.426,0.0],[111.3579,-7.4269,0.0],[111.3591,-7.4268,0.0],[111.3601,-7.426,0.0]],[[111.3636,-7.4211,0.0],[111.3615,-7.4247,0.0],[111.3617,-7.4245,0.0],[111.3636,-7.4211,0.0]],[[111.3662,-7.4142,0.0],[111.3664,-7.4152,0.0],[111.3687,-7.4118,0.0],[111.3662,-7.4142,0.0]],[[111.3747,-7.3954,0.0],[111.3734,-7.3955,0.0],[111.3749,-7.3956,0.0],[111.3747,-7.3954,0.0]],[[111.3734,-7.395,0.0],[111.3745,-7.3952,0.0],[111.3727,-7.3935,0.0],[111.3734,-7.395,0.0]],[[111.197,-7.5673,0.0],[111.1964,-7.577,0.0],[111.1977,-7.5876,0.0],[111.1973,-7.5843,0.0],[111.197,-7.5673,0.0]],[[111.2084,-7.569,0.0],[111.2085,-7.5689,0.0],[111.2086,-7.5657,0.0],[111.2084,-7.569,0.0]],[[111.219,-7.5473,0.0],[111.2204,-7.5414,0.0],[111.2196,-7.5425,0.0],[111.219,-7.5473,0.0]],[[111.2212,-7.5405,0.0],[111.2253,-7.5384,0.0],[111.2216,-7.54,0.0],[111.2212,-7.5405,0.0]],[[111.2666,-7.4787,0.0],[111.2657,-7.4767,0.0],[111.2656,-7.4768,0.0],[111.2666,-7.4787,0.0]],[[111.2985,-7.4944,0.0],[111.3012,-7.5007,0.0],[111.3013,-7.5007,0.0],[111.2985,-7.4944,0.0]],[[111.3103,-7.5041,0.0],[111.3132,-7.5067,0.0],[111.3105,-7.5042,0.0],[111.3103,-7.5041,0.0]],[[111.3217,-7.5068,0.0],[111.3375,-7.5069,0.0],[111.338,-7.5066,0.0],[111.3232,-7.506,0.0],[111.3217,-7.5068,0.0]],[[111.3265,-7.5085,0.0],[111.3265,-7.5086,0.0],[111.3283,-7.5086,0.0],[111.3265,-7.5085,0.0]],[[111.2274,-7.5956,0.0],[111.222,-7.597,0.0],[111.2219,-7.5972,0.0],[111.2274,-7.5956,0.0]],[[111.2444,-7.5852,0.0],[111.2445,-7.5851,0.0],[111.233,-7.5893,0.0],[111.2444,-7.5852,0.0]],[[111.3102,-7.5213,0.0],[111.3102,-7.5213,0.0],[111.3069,-7.5212,0.0],[111.3102,-7.5213,0.0]],[[111.3264,-7.5087,0.0],[111.3257,-7.51,0.0],[111.3265,-7.5109,0.0],[111.3264,-7.5087,0.0]],[[111.197,-7.5671,0.0],[111.1953,-7.5572,0.0],[111.1951,-7.557,0.0],[111.197,-7.5671,0.0]],[[111.1633,-7.4158,0.0],[111.1641,-7.4069,0.0],[111.1638,-7.4074,0.0],[111.1633,-7.4158,0.0]],[[111.167,-7.4027,0.0],[111.1682,-7.4021,0.0],[111.1672,-7.4023,0.0],[111.167,-7.4027,0.0]],[[111.1707,-7.4016,0.0],[111.1716,-7.4017,0.0],[111.1714,-7.4014,0.0],[111.1707,-7.4016,0.0]],[[111.1915,-7.4115,0.0],[111.1916,-7.4119,0.0],[111.1921,-7.4118,0.0],[111.1915,-7.4115,0.0]],[[111.2003,-7.4013,0.0],[111.2011,-7.3978,0.0],[111.2,-7.3996,0.0],[111.2003,-7.4013,0.0]],[[111.2,-7.395,0.0],[111.2001,-7.3939,0.0],[111.199,-7.3937,0.0],[111.2,-7.395,0.0]],[[111.205,-7.3521,0.0],[111.2101,-7.3564,0.0],[111.2052,-7.3521,0.0],[111.205,-7.3521,0.0]],[[111.2411,-7.3669,0.0],[111.2416,-7.3669,0.0],[111.247,-7.3667,0.0],[111.2411,-7.3669,0.0]],[[111.2696,-7.3574,0.0],[111.2719,-7.3561,0.0],[111.271,-7.356,0.0],[111.2696,-7.3574,0.0]],[[111.2776,-7.3559,0.0],[111.2778,-7.3559,0.0],[111.2785,-7.3556,0.0],[111.2776,-7.3559,0.0]],[[111.2585,-7.4686,0.0],[111.2586,-7.4681,0.0],[111.2579,-7.4692,0.0],[111.2585,-7.4686,0.0]],[[111.2587,-7.4614,0.0],[111.2587,-7.4615,0.0],[111.2596,-7.4629,0.0],[111.2587,-7.4614,0.0]],[[111.2602,-7.4583,0.0],[111.2599,-7.4585,0.0],[111.2589,-7.461,0.0],[111.2602,-7.4583,0.0]],[[111.3009,-7.3719,0.0],[111.3009,-7.3715,0.0],[111.3006,-7.3717,0.0],[111.3009,-7.3719,0.0]],[[111.297,-7.3606,0.0],[111.2971,-7.3611,0.0],[111.3011,-7.3661,0.0],[111.297,-7.3606,0.0]],[[111.1776,-7.3094,0.0],[111.177,-7.3095,0.0],[111.1774,-7.3109,0.0],[111.1776,-7.3094,0.0]],[[111.1741,-7.3199,0.0],[111.1743,-7.3198,0.0],[111.1741,-7.3199,0.0],[111.1741,-7.3199,0.0]],[[111.163,-7.3254,0.0],[111.1649,-7.3198,0.0],[111.1628,-7.3245,0.0],[111.163,-7.3254,0.0]],[[111.1625,-7.3271,0.0],[111.1626,-7.3267,0.0],[111.1603,-7.3276,0.0],[111.1625,-7.3271,0.0]],[[111.1532,-7.3265,0.0],[111.1571,-7.3249,0.0],[111.1569,-7.3248,0.0],[111.1532,-7.3265,0.0]],[[111.1688,-7.363,0.0],[111.1671,-7.3615,0.0],[111.1673,-7.3619,0.0],[111.1688,-7.363,0.0]],[[111.1742,-7.3597,0.0],[111.174,-7.3598,0.0],[111.1748,-7.3598,0.0],[111.1742,-7.3597,0.0]],[[111.1791,-7.3603,0.0],[111.1777,-7.3601,0.0],[111.1809,-7.3625,0.0],[111.1791,-7.3603,0.0]],[[111.1838,-7.3685,0.0],[111.1834,-7.3702,0.0],[111.1835,-7.3702,0.0],[111.1838,-7.3685,0.0]],[[111.1821,-7.3647,0.0],[111.1821,-7.3648,0.0],[111.1821,-7.3646,0.0],[111.1821,-7.3647,0.0]],[[111.4351,-7.4259,0.0],[111.4347,-7.4291,0.0],[111.4361,-7.4254,0.0],[111.4351,-7.4259,0.0]],[[111.4392,-7.4237,0.0],[111.4381,-7.4244,0.0],[111.4413,-7.4233,0.0],[111.4392,-7.4237,0.0]],[[111.4466,-7.4263,0.0],[111.4454,-7.4266,0.0],[111.4458,-7.4267,0.0],[111.4466,-7.4263,0.0]],[[111.4492,-7.4258,0.0],[111.449,-7.4258,0.0],[111.4527,-7.4275,0.0],[111.4492,-7.4258,0.0]],[[111.4545,-7.4337,0.0],[111.4553,-7.4289,0.0],[111.455,-7.4287,0.0],[111.4545,-7.4337,0.0]],[[111.462,-7.4401,0.0],[111.462,-7.44,0.0],[111.462,-7.4401,0.0],[111.462,-7.4401,0.0]],[[111.4615,-7.4584,0.0],[111.4646,-7.4551,0.0],[111.4613,-7.4583,0.0],[111.4615,-7.4584,0.0]],[[111.4651,-7.4639,0.0],[111.4634,-7.4597,0.0],[111.4647,-7.4635,0.0],[111.4651,-7.4639,0.0]],[[111.4694,-7.4673,0.0],[111.467,-7.4655,0.0],[111.4693,-7.4674,0.0],[111.4694,-7.4673,0.0]],[[111.4717,-7.4762,0.0],[111.4712,-7.4759,0.0],[111.4714,-7.4763,0.0],[111.4717,-7.4762,0.0]],[[111.48,-7.4805,0.0],[111.4796,-7.4805,0.0],[111.4797,-7.4807,0.0],[111.48,-7.4805,0.0]],[[111.4832,-7.4774,0.0],[111.4864,-7.4766,0.0],[111.4841,-7.4764,0.0],[111.4832,-7.4774,0.0]],[[111.4856,-7.4786,0.0],[111.4849,-7.4779,0.0],[111.486,-7.4815,0.0],[111.4856,-7.4786,0.0]],[[111.4876,-7.4865,0.0],[111.4873,-7.4865,0.0],[111.4875,-7.4869,0.0],[111.4876,-7.4865,0.0]],[[111.4905,-7.479,0.0],[111.4904,-7.4793,0.0],[111.4909,-7.4789,0.0],[111.4905,-7.479,0.0]],[[111.4954,-7.484,0.0],[111.4927,-7.4787,0.0],[111.4951,-7.4841,0.0],[111.4954,-7.484,0.0]],[[111.5045,-7.48,0.0],[111.5043,-7.4805,0.0],[111.5045,-7.4804,0.0],[111.5045,-7.48,0.0]],[[111.5125,-7.4589,0.0],[111.5124,-7.4622,0.0],[111.5132,-7.4592,0.0],[111.5125,-7.4589,0.0]],[[111.5165,-7.4607,0.0],[111.5141,-7.4596,0.0],[111.5164,-7.4614,0.0],[111.5165,-7.4607,0.0]],[[111.5177,-7.4627,0.0],[111.5174,-7.4626,0.0],[111.5161,-7.4641,0.0],[111.5177,-7.4627,0.0]],[[111.5193,-7.4746,0.0],[111.5192,-7.4746,0.0],[111.5193,-7.4757,0.0],[111.5193,-7.4746,0.0]],[[111.5252,-7.4769,0.0],[111.5279,-7.4803,0.0],[111.5248,-7.4752,0.0],[111.5252,-7.4769,0.0]],[[111.5243,-7.4729,0.0],[111.5244,-7.4734,0.0],[111.5261,-7.4732,0.0],[111.5243,-7.4729,0.0]],[[111.5392,-7.4789,0.0],[111.5304,-7.4754,0.0],[111.5381,-7.4788,0.0],[111.5392,-7.4789,0.0]],[[111.5416,-7.4763,0.0],[111.5404,-7.4791,0.0],[111.5406,-7.4791,0.0],[111.5416,-7.4763,0.0]],[[111.5446,-7.4854,0.0],[111.5488,-7.4753,0.0],[111.5487,-7.4746,0.0],[111.5446,-7.4854,0.0]],[[111.5531,-7.4895,0.0],[111.5447,-7.4856,0.0],[111.5451,-7.4866,0.0],[111.5531,-7.4895,0.0]],[[111.5592,-7.4962,0.0],[111.5586,-7.4965,0.0],[111.5589,-7.4965,0.0],[111.5592,-7.4962,0.0]],[[111.5605,-7.494,0.0],[111.5606,-7.4948,0.0],[111.5612,-7.4941,0.0],[111.5605,-7.494,0.0]],[[111.5712,-7.4911,0.0],[111.5704,-7.4917,0.0],[111.568,-7.5033,0.0],[111.5712,-7.4911,0.0]],[[111.4294,-7.5104,0.0],[111.4296,-7.5146,0.0],[111.4296,-7.5116,0.0],[111.4294,-7.5104,0.0]],[[111.4691,-7.507,0.0],[111.4681,-7.5104,0.0],[111.4682,-7.5105,0.0],[111.4691,-7.507,0.0]],[[111.4681,-7.485,0.0],[111.4686,-7.4848,0.0],[111.4641,-7.4837,0.0],[111.4681,-7.485,0.0]],[[111.4711,-7.4838,0.0],[111.4715,-7.4828,0.0],[111.4702,-7.4842,0.0],[111.4711,-7.4838,0.0]],[[111.4716,-7.4826,0.0],[111.47,-7.4815,0.0],[111.4716,-7.4827,0.0],[111.4716,-7.4826,0.0]],[[111.4998,-7.489,0.0],[111.5,-7.4888,0.0],[111.5,-7.4886,0.0],[111.4998,-7.489,0.0]],[[111.4968,-7.492,0.0],[111.4969,-7.4929,0.0],[111.4977,-7.4918,0.0],[111.4968,-7.492,0.0]],[[111.5017,-7.4905,0.0],[111.5001,-7.4931,0.0],[111.5031,-7.4899,0.0],[111.5017,-7.4905,0.0]],[[111.5169,-7.5086,0.0],[111.5191,-7.5107,0.0],[111.516,-7.5061,0.0],[111.5169,-7.5086,0.0]],[[111.5319,-7.5198,0.0],[111.5322,-7.5198,0.0],[111.5293,-7.516,0.0],[111.5319,-7.5198,0.0]],[[111.5561,-7.5227,0.0],[111.5563,-7.523,0.0],[111.5586,-7.5203,0.0],[111.5561,-7.5227,0.0]],[[111.4062,-7.3978,0.0],[111.4091,-7.3961,0.0],[111.4099,-7.3944,0.0],[111.4062,-7.3978,0.0]],[[111.4082,-7.3882,0.0],[111.4101,-7.3938,0.0],[111.4104,-7.3931,0.0],[111.4082,-7.3882,0.0]],[[111.4087,-7.3871,0.0],[111.41,-7.3861,0.0],[111.4089,-7.3867,0.0],[111.4087,-7.3871,0.0]],[[111.4118,-7.3851,0.0],[111.4162,-7.389,0.0],[111.4122,-7.3849,0.0],[111.4118,-7.3851,0.0]],[[111.4218,-7.3889,0.0],[111.4221,-7.3888,0.0],[111.4162,-7.389,0.0],[111.4218,-7.3889,0.0]],[[111.4263,-7.3863,0.0],[111.4246,-7.3824,0.0],[111.424,-7.3825,0.0],[111.4263,-7.3863,0.0]],[[111.4254,-7.3821,0.0],[111.4271,-7.3824,0.0],[111.4265,-7.3818,0.0],[111.4254,-7.3821,0.0]],[[111.4293,-7.3843,0.0],[111.4296,-7.3847,0.0],[111.4296,-7.3845,0.0],[111.4293,-7.3843,0.0]],[[111.4316,-7.3968,0.0],[111.4315,-7.3974,0.0],[111.4317,-7.3971,0.0],[111.4316,-7.3968,0.0]],[[111.4299,-7.3996,0.0],[111.4291,-7.4003,0.0],[111.4293,-7.4004,0.0],[111.4299,-7.3996,0.0]],[[111.4299,-7.401,0.0],[111.4304,-7.4015,0.0],[111.4309,-7.4013,0.0],[111.4299,-7.401,0.0]],[[111.4318,-7.401,0.0],[111.4327,-7.4007,0.0],[111.4325,-7.3996,0.0],[111.4318,-7.401,0.0]],[[111.4342,-7.3962,0.0],[111.4353,-7.3951,0.0],[111.4348,-7.395,0.0],[111.4342,-7.3962,0.0]],[[111.4957,-7.3764,0.0],[111.4918,-7.3842,0.0],[111.4957,-7.3769,0.0],[111.4957,-7.3764,0.0]],[[111.4917,-7.3844,0.0],[111.4912,-7.3845,0.0],[111.4917,-7.3845,0.0],[111.4917,-7.3844,0.0]],[[111.4901,-7.3845,0.0],[111.4885,-7.3813,0.0],[111.4901,-7.3845,0.0],[111.4901,-7.3845,0.0]],[[111.4841,-7.3815,0.0],[111.4824,-7.382,0.0],[111.4824,-7.3822,0.0],[111.4841,-7.3815,0.0]],[[111.4966,-7.4463,0.0],[111.5009,-7.448,0.0],[111.5004,-7.4474,0.0],[111.4966,-7.4463,0.0]],[[111.5072,-7.4462,0.0],[111.5075,-7.4424,0.0],[111.5069,-7.4432,0.0],[111.5072,-7.4462,0.0]],[[111.5076,-7.4413,0.0],[111.5077,-7.4405,0.0],[111.5047,-7.4375,0.0],[111.5076,-7.4413,0.0]],[[111.5102,-7.4337,0.0],[111.5101,-7.4336,0.0],[111.5047,-7.4375,0.0],[111.5102,-7.4337,0.0]],[[111.5247,-7.4097,0.0],[111.5261,-7.4063,0.0],[111.526,-7.4063,0.0],[111.5247,-7.4097,0.0]],[[111.5403,-7.3993,0.0],[111.5406,-7.3992,0.0],[111.5421,-7.3969,0.0],[111.5403,-7.3993,0.0]],[[111.5458,-7.409,0.0],[111.5461,-7.4112,0.0],[111.5461,-7.4107,0.0],[111.5458,-7.409,0.0]],[[111.5629,-7.4296,0.0],[111.5689,-7.4314,0.0],[111.5659,-7.43,0.0],[111.5629,-7.4296,0.0]],[[111.5656,-7.4375,0.0],[111.5666,-7.4411,0.0],[111.5701,-7.4415,0.0],[111.5656,-7.4375,0.0]],[[111.5702,-7.4415,0.0],[111.5703,-7.4415,0.0],[111.5723,-7.4385,0.0],[111.5702,-7.4415,0.0]],[[111.564,-7.4531,0.0],[111.5643,-7.4518,0.0],[111.5613,-7.4569,0.0],[111.564,-7.4531,0.0]],[[111.5663,-7.4414,0.0],[111.5655,-7.4422,0.0],[111.5648,-7.4493,0.0],[111.5663,-7.4414,0.0]],[[111.4926,-7.4547,0.0],[111.4922,-7.4547,0.0],[111.4989,-7.457,0.0],[111.4926,-7.4547,0.0]],[[111.5001,-7.4525,0.0],[111.5003,-7.4537,0.0],[111.5011,-7.4516,0.0],[111.5001,-7.4525,0.0]]],[[[111.4136,-7.5411,0.0],[111.4179,-7.5432,0.0],[111.414,-7.5464,0.0],[111.4129,-7.5452,0.0],[111.4136,-7.5411,0.0]]]]}},{"type":"Feature","properties":{"kab_kota":"Pasuruan","kode":"kab-pasuruan"},"geometry":{"type":"MultiPolygon","coordinates":[[[[112.8056,-7.9255,0.0],[112.7837,-7.9003,0.0],[112.7772,-7.8786,0.0],[112.7807,-7.874,0.0],[112.7759,-7.87,0.0],[112.7621,-7.8762,0.0],[112.76,-7.8544,0.0],[112.7497,-7.8509,0.0],[112.739,-7.8386,0.0],[112.7391,-7.8239,0.0],[112.7331,-7.8226,0.0],[112.7328,-7.818,0.0],[112.7114,-7.819,0.0],[112.7111,-7.8239,0.0],[112.7047,-7.8171,0.0],[112.6614,-7.8059,0.0],[112.6542,-7.797,0.0],[112.6324,-7.7976,0.0],[112.5928,-7.7648,0.0],[112.6067,-7.7589,0.0],[112.59,-7.7654,0.0],[112.5748,-7.7325,0.0],[112.5857,-7.7207,0.0],[112.5982,-7.6944,0.0],[112.6144,-7.6817,0.0],[112.6236,-7.6668,0.0],[112.6287,-7.6432,0.0],[112.6226,-7.633,0.0],[112.6208,-7.6152,0.0],[112.6287,-7.6172,0.0],[112.6523,-7.5977,0.0],[112.6569,-7.5689,0.0],[112.6631,-7.5602,0.0],[112.6702,-7.5625,0.0],[112.6766,-7.5527,0.0],[112.6741,-7.5504,0.0],[112.684,-7.5466,0.0],[112.6892,-7.5517,0.0],[112.691,-7.5463,0.0],[112.7057,-7.545,0.0],[112.7239,-7.5689,0.0],[112.7531,-7.5752,0.0],[112.7709,-7.5748,0.0],[112.77,-7.5714,0.0],[112.7832,-7.5631,0.0],[112.7905,-7.5644,0.0],[112.7985,-7.5583,0.0],[112.8014,-7.562,0.0],[112.8068,-7.555,0.0],[112.8167,-7.5589,0.0],[112.832,-7.5524,0.0],[112.8451,-7.5774,0.0],[112.8696,-7.5716,0.0],[112.8685,-7.5769,0.0],[112.8884,-7.616,0.0],[112.9026,-7.6252,0.0],[112.9012,-7.6289,0.0],[112.8859,-7.6234,0.0],[112.8843,-7.6319,0.0],[112.8747,-7.6268,0.0],[112.8715,-7.6353,0.0],[112.8638,-7.6323,0.0],[112.8709,-7.6356,0.0],[112.8755,-7.6345,0.0],[112.8722,-7.6626,0.0],[112.8783,-7.6553,0.0],[112.887,-7.6601,0.0],[112.8828,-7.6608,0.0],[112.8814,-7.6646,0.0],[112.8865,-7.6673,0.0],[112.8811,-7.6719,0.0],[112.8944,-7.6763,0.0],[112.8952,-7.6849,0.0],[112.9011,-7.6863,0.0],[112.9314,-7.6687,0.0],[112.9362,-7.6565,0.0],[112.9453,-7.6513,0.0],[112.9425,-7.6466,0.0],[112.9544,-7.6211,0.0],[112.9684,-7.6468,0.0],[112.9847,-7.6564,0.0],[113.0171,-7.6515,0.0],[113.028,-7.6413,0.0],[113.0287,-7.6487,0.0],[113.0452,-7.6549,0.0],[113.0666,-7.6731,0.0],[113.0877,-7.7033,0.0],[113.1002,-7.7019,0.0],[113.085,-7.7098,0.0],[113.071,-7.7332,0.0],[113.0547,-7.7483,0.0],[113.0571,-7.7594,0.0],[113.0502,-7.7759,0.0],[113.0537,-7.7853,0.0],[113.0472,-7.82,0.0],[113.0274,-7.8339,0.0],[112.9848,-7.8789,0.0],[112.9693,-7.8877,0.0],[112.9682,-7.9005,0.0],[112.9554,-7.8989,0.0],[112.9474,-7.9088,0.0],[112.9566,-7.9166,0.0],[112.9526,-7.9455,0.0],[112.9403,-7.9487,0.0],[112.9347,-7.9562,0.0],[112.9153,-7.9514,0.0],[112.913,-7.9568,0.0],[112.9039,-7.947,0.0],[112.885,-7.9523,0.0],[112.8808,-7.9472,0.0],[112.8565,-7.9397,0.0],[112.8532,-7.9337,0.0],[112.8405,-7.9387,0.0],[112.828,-7.9357,0.0],[112.8221,-7.9283,0.0],[112.8056,-7.9255,0.0]],[[112.7849,-7.5905,0.0],[112.7864,-7.5875,0.0],[112.787,-7.5822,0.0],[112.7849,-7.5905,0.0]],[[112.7814,-7.5897,0.0],[112.7823,-7.5902,0.0],[112.7849,-7.5905,0.0],[112.7814,-7.5897,0.0]],[[112.7658,-7.6205,0.0],[112.7658,-7.6205,0.0],[112.7655,-7.6193,0.0],[112.7658,-7.6205,0.0]],[[112.7913,-7.6196,0.0],[112.7918,-7.6196,0.0],[112.7894,-7.6182,0.0],[112.7913,-7.6196,0.0]],[[112.7942,-7.6196,0.0],[112.7946,-7.619,0.0],[112.7928,-7.6196,0.0],[112.7942,-7.6196,0.0]],[[112.8399,-7.6258,0.0],[112.84,-7.6257,0.0],[112.8394,-7.6239,0.0],[112.8399,-7.6258,0.0]],[[112.8383,-7.6292,0.0],[112.8384,-7.6291,0.0],[112.8393,-7.6271,0.0],[112.8383,-7.6292,0.0]],[[112.8244,-7.6676,0.0],[112.8261,-7.6676,0.0],[112.8261,-7.6675,0.0],[112.8244,-7.6676,0.0]],[[112.8094,-7.6818,0.0],[112.8133,-7.6808,0.0],[112.8133,-7.6807,0.0],[112.8094,-7.6818,0.0]],[[112.8306,-7.7005,0.0],[112.8308,-7.7014,0.0],[112.832,-7.6997,0.0],[112.8306,-7.7005,0.0]],[[112.8501,-7.7,0.0],[112.8616,-7.6996,0.0],[112.8368,-7.6994,0.0],[112.8501,-7.7,0.0]],[[112.8686,-7.6988,0.0],[112.8701,-7.6977,0.0],[112.8678,-7.6988,0.0],[112.8686,-7.6988,0.0]],[[112.8718,-7.6963,0.0],[112.8734,-7.6927,0.0],[112.8733,-7.6926,0.0],[112.8718,-7.6963,0.0]],[[112.8701,-7.691,0.0],[112.8701,-7.6911,0.0],[112.8708,-7.6914,0.0],[112.8701,-7.691,0.0]],[[112.8704,-7.6876,0.0],[112.8702,-7.6866,0.0],[112.8702,-7.6878,0.0],[112.8704,-7.6876,0.0]],[[112.8764,-7.6873,0.0],[112.8755,-7.6869,0.0],[112.8716,-7.6867,0.0],[112.8764,-7.6873,0.0]],[[112.8882,-7.6906,0.0],[112.8897,-7.6914,0.0],[112.8878,-7.6916,0.0],[112.8882,-7.6906,0.0]],[[112.8893,-7.6973,0.0],[112.8939,-7.6999,0.0],[112.8894,-7.6971,0.0],[112.8893,-7.6973,0.0]],[[112.8623,-7.7825,0.0],[112.8654,-7.7831,0.0],[112.8654,-7.7829,0.0],[112.8623,-7.7825,0.0]],[[112.7822,-7.7854,0.0],[112.7889,-7.7802,0.0],[112.7958,-7.7734,0.0],[112.7822,-7.7854,0.0]],[[112.795,-7.786,0.0],[112.8006,-7.7853,0.0],[112.7946,-7.7857,0.0],[112.795,-7.786,0.0]],[[112.8132,-7.822,0.0],[112.8133,-7.8222,0.0],[112.8156,-7.8114,0.0],[112.8132,-7.822,0.0]],[[112.8252,-7.8361,0.0],[112.8238,-7.8374,0.0],[112.834,-7.8362,0.0],[112.8252,-7.8361,0.0]],[[112.8229,-7.8378,0.0],[112.8195,-7.8429,0.0],[112.8232,-7.8377,0.0],[112.8229,-7.8378,0.0]],[[112.8418,-7.8888,0.0],[112.8411,-7.8885,0.0],[112.8385,-7.8892,0.0],[112.8418,-7.8888,0.0]],[[112.8487,-7.8917,0.0],[112.8486,-7.8915,0.0],[112.8454,-7.8903,0.0],[112.8487,-7.8917,0.0]],[[112.8574,-7.9041,0.0],[112.8559,-7.9007,0.0],[112.8534,-7.8981,0.0],[112.8574,-7.9041,0.0]],[[112.6201,-7.7577,0.0],[112.62,-7.7577,0.0],[112.6248,-7.7599,0.0],[112.6201,-7.7577,0.0]],[[112.6285,-7.7593,0.0],[112.6284,-7.7592,0.0],[112.6248,-7.7599,0.0],[112.6285,-7.7593,0.0]],[[112.7002,-7.7348,0.0],[112.6954,-7.7407,0.0],[112.7016,-7.7337,0.0],[112.7002,-7.7348,0.0]],[[112.7041,-7.7318,0.0],[112.703,-7.7326,0.0],[112.7067,-7.7318,0.0],[112.7041,-7.7318,0.0]],[[112.7206,-7.7386,0.0],[112.721,-7.7385,0.0],[112.7067,-7.7318,0.0],[112.7206,-7.7386,0.0]],[[112.7247,-7.7376,0.0],[112.7235,-7.738,0.0],[112.7246,-7.7377,0.0],[112.7247,-7.7376,0.0]],[[112.7394,-7.7245,0.0],[112.731,-7.7335,0.0],[112.7281,-7.7355,0.0],[112.7305,-7.734,0.0],[112.7394,-7.7245,0.0]],[[112.7503,-7.7168,0.0],[112.7442,-7.7195,0.0],[112.7521,-7.7169,0.0],[112.7503,-7.7168,0.0]],[[112.7533,-7.7172,0.0],[112.7529,-7.717,0.0],[112.7598,-7.7234,0.0],[112.7533,-7.7172,0.0]],[[112.7536,-7.7134,0.0],[112.7541,-7.7146,0.0],[112.7535,-7.7169,0.0],[112.7556,-7.7146,0.0],[112.7536,-7.7134,0.0]],[[112.7567,-7.7013,0.0],[112.7525,-7.7109,0.0],[112.757,-7.7012,0.0],[112.7567,-7.7013,0.0]],[[112.7655,-7.697,0.0],[112.7626,-7.6985,0.0],[112.7655,-7.6972,0.0],[112.7655,-7.697,0.0]],[[112.7721,-7.6897,0.0],[112.7718,-7.6899,0.0],[112.7732,-7.6891,0.0],[112.7721,-7.6897,0.0]],[[112.7805,-7.6851,0.0],[112.7802,-7.6853,0.0],[112.7831,-7.6855,0.0],[112.7805,-7.6851,0.0]],[[112.7905,-7.6858,0.0],[112.7895,-7.6859,0.0],[112.7903,-7.686,0.0],[112.7905,-7.6858,0.0]],[[112.7997,-7.6867,0.0],[112.7991,-7.687,0.0],[112.7992,-7.6871,0.0],[112.7997,-7.6867,0.0]],[[112.8024,-7.6849,0.0],[112.8022,-7.685,0.0],[112.8025,-7.6849,0.0],[112.8024,-7.6849,0.0]],[[112.7597,-7.741,0.0],[112.7597,-7.7414,0.0],[112.7696,-7.7435,0.0],[112.7597,-7.741,0.0]],[[112.7773,-7.7505,0.0],[112.7801,-7.7563,0.0],[112.7807,-7.7569,0.0],[112.7773,-7.7505,0.0]],[[112.7838,-7.7599,0.0],[112.7773,-7.7619,0.0],[112.7855,-7.7597,0.0],[112.7838,-7.7599,0.0]],[[112.7851,-7.7607,0.0],[112.7883,-7.7622,0.0],[112.7883,-7.7621,0.0],[112.7851,-7.7607,0.0]],[[112.788,-7.763,0.0],[112.7878,-7.7633,0.0],[112.7912,-7.7608,0.0],[112.788,-7.763,0.0]],[[112.7841,-7.7711,0.0],[112.7811,-7.7737,0.0],[112.784,-7.7712,0.0],[112.7841,-7.7711,0.0]],[[112.7762,-7.7768,0.0],[112.7793,-7.7825,0.0],[112.7814,-7.7844,0.0],[112.7762,-7.7768,0.0]],[[112.786,-7.8738,0.0],[112.7868,-7.8732,0.0],[112.7843,-7.8739,0.0],[112.786,-7.8738,0.0]],[[112.7938,-7.8727,0.0],[112.7938,-7.8724,0.0],[112.7935,-7.8725,0.0],[112.7938,-7.8727,0.0]],[[112.7946,-7.8732,0.0],[112.7961,-7.8717,0.0],[112.7944,-7.8731,0.0],[112.7946,-7.8732,0.0]],[[112.7953,-7.8678,0.0],[112.7953,-7.8678,0.0],[112.7946,-7.8709,0.0],[112.7953,-7.8678,0.0]],[[112.7868,-7.7964,0.0],[112.7866,-7.7959,0.0],[112.7867,-7.7966,0.0],[112.7868,-7.7964,0.0]],[[112.6241,-7.7825,0.0],[112.6197,-7.7779,0.0],[112.6229,-7.7816,0.0],[112.6241,-7.7825,0.0]],[[112.6257,-7.7819,0.0],[112.6243,-7.7826,0.0],[112.6244,-7.7827,0.0],[112.6257,-7.7819,0.0]],[[112.6274,-7.7839,0.0],[112.6281,-7.7839,0.0],[112.6257,-7.7819,0.0],[112.6274,-7.7839,0.0]],[[112.6361,-7.7849,0.0],[112.6327,-7.7837,0.0],[112.636,-7.7849,0.0],[112.6361,-7.7849,0.0]],[[112.7194,-7.7853,0.0],[112.7083,-7.7872,0.0],[112.7246,-7.7853,0.0],[112.7194,-7.7853,0.0]],[[112.7343,-7.7838,0.0],[112.7333,-7.7842,0.0],[112.7352,-7.784,0.0],[112.7343,-7.7838,0.0]],[[112.776,-7.7623,0.0],[112.7721,-7.7661,0.0],[112.7762,-7.7622,0.0],[112.776,-7.7623,0.0]],[[112.8005,-7.7416,0.0],[112.8005,-7.7416,0.0],[112.8004,-7.7416,0.0],[112.8005,-7.7416,0.0]],[[112.801,-7.7385,0.0],[112.8011,-7.738,0.0],[112.7994,-7.7389,0.0],[112.801,-7.7385,0.0]],[[112.8013,-7.7357,0.0],[112.8,-7.7329,0.0],[112.8012,-7.7373,0.0],[112.8013,-7.7357,0.0]],[[112.8158,-7.7125,0.0],[112.8158,-7.7128,0.0],[112.8173,-7.7145,0.0],[112.8158,-7.7125,0.0]],[[112.8166,-7.7109,0.0],[112.8162,-7.7112,0.0],[112.816,-7.7119,0.0],[112.8166,-7.7109,0.0]],[[112.8208,-7.7128,0.0],[112.8174,-7.7104,0.0],[112.8172,-7.7105,0.0],[112.8208,-7.7128,0.0]],[[112.8269,-7.708,0.0],[112.8269,-7.7077,0.0],[112.8267,-7.708,0.0],[112.8269,-7.708,0.0]],[[112.8286,-7.7036,0.0],[112.8285,-7.7036,0.0],[112.8285,-7.7038,0.0],[112.8286,-7.7036,0.0]],[[112.6402,-7.6293,0.0],[112.6699,-7.633,0.0],[112.6699,-7.6328,0.0],[112.6402,-7.6293,0.0]],[[112.6698,-7.6344,0.0],[112.6695,-7.6358,0.0],[112.6698,-7.6354,0.0],[112.6698,-7.6344,0.0]],[[112.6691,-7.6364,0.0],[112.6649,-7.6408,0.0],[112.6673,-7.6388,0.0],[112.6691,-7.6364,0.0]],[[112.6734,-7.6431,0.0],[112.6736,-7.6431,0.0],[112.6673,-7.6388,0.0],[112.6734,-7.6431,0.0]],[[112.6751,-7.6431,0.0],[112.676,-7.6431,0.0],[112.6761,-7.6428,0.0],[112.6751,-7.6431,0.0]],[[112.6783,-7.6376,0.0],[112.6797,-7.6344,0.0],[112.6781,-7.6363,0.0],[112.6783,-7.6376,0.0]],[[112.723,-7.6078,0.0],[112.7234,-7.6075,0.0],[112.7141,-7.6075,0.0],[112.723,-7.6078,0.0]],[[112.7281,-7.6223,0.0],[112.7281,-7.6225,0.0],[112.7282,-7.6225,0.0],[112.7281,-7.6223,0.0]],[[112.7575,-7.6225,0.0],[112.7583,-7.6222,0.0],[112.7581,-7.6219,0.0],[112.7575,-7.6225,0.0]],[[112.7594,-7.6328,0.0],[112.7572,-7.6369,0.0],[112.757,-7.6378,0.0],[112.7594,-7.6328,0.0]],[[112.7656,-7.6868,0.0],[112.7718,-7.6858,0.0],[112.7718,-7.6855,0.0],[112.7656,-7.6868,0.0]],[[112.6987,-7.6919,0.0],[112.6972,-7.69,0.0],[112.6987,-7.692,0.0],[112.6987,-7.6919,0.0]],[[112.686,-7.6851,0.0],[112.6879,-7.682,0.0],[112.6873,-7.6822,0.0],[112.686,-7.6851,0.0]],[[112.6956,-7.6777,0.0],[112.6966,-7.6745,0.0],[112.6945,-7.6782,0.0],[112.6956,-7.6777,0.0]],[[112.7021,-7.6788,0.0],[112.6978,-7.6747,0.0],[112.6966,-7.6745,0.0],[112.7021,-7.6788,0.0]],[[112.7024,-7.6791,0.0],[112.7035,-7.6787,0.0],[112.7023,-7.6789,0.0],[112.7024,-7.6791,0.0]],[[112.664,-7.6417,0.0],[112.6632,-7.6466,0.0],[112.6634,-7.6466,0.0],[112.664,-7.6417,0.0]],[[112.669,-7.6479,0.0],[112.6686,-7.6478,0.0],[112.6689,-7.6479,0.0],[112.669,-7.6479,0.0]],[[112.6675,-7.6562,0.0],[112.6723,-7.6526,0.0],[112.6673,-7.6559,0.0],[112.6675,-7.6562,0.0]],[[112.6698,-7.6664,0.0],[112.6738,-7.6595,0.0],[112.6696,-7.6659,0.0],[112.6698,-7.6664,0.0]],[[112.6738,-7.6769,0.0],[112.6706,-7.669,0.0],[112.6722,-7.6744,0.0],[112.6738,-7.6769,0.0]],[[112.6817,-7.6831,0.0],[112.6758,-7.68,0.0],[112.6762,-7.6807,0.0],[112.6817,-7.6831,0.0]],[[112.7083,-7.5873,0.0],[112.7065,-7.5929,0.0],[112.7098,-7.5851,0.0],[112.7083,-7.5873,0.0]],[[112.7119,-7.582,0.0],[112.7113,-7.5829,0.0],[112.7178,-7.5775,0.0],[112.7119,-7.582,0.0]],[[112.8674,-7.5828,0.0],[112.8689,-7.5818,0.0],[112.8623,-7.5842,0.0],[112.8674,-7.5828,0.0]],[[112.8378,-7.602,0.0],[112.8531,-7.5871,0.0],[112.8378,-7.6016,0.0],[112.8378,-7.602,0.0]],[[112.8421,-7.605,0.0],[112.8418,-7.6053,0.0],[112.842,-7.6053,0.0],[112.8421,-7.605,0.0]],[[112.8439,-7.6105,0.0],[112.8435,-7.6099,0.0],[112.8435,-7.6133,0.0],[112.8439,-7.6105,0.0]],[[112.9056,-7.74,0.0],[112.9055,-7.7399,0.0],[112.9054,-7.7401,0.0],[112.9056,-7.74,0.0]],[[112.9107,-7.7465,0.0],[112.9136,-7.7395,0.0],[112.9097,-7.7427,0.0],[112.9125,-7.7409,0.0],[112.9107,-7.7465,0.0]],[[112.9043,-7.7514,0.0],[112.9042,-7.7516,0.0],[112.9107,-7.7465,0.0],[112.9043,-7.7514,0.0]],[[112.9138,-7.7393,0.0],[112.9137,-7.7393,0.0],[112.9167,-7.7399,0.0],[112.9138,-7.7393,0.0]],[[112.9261,-7.7377,0.0],[112.926,-7.7379,0.0],[112.9262,-7.7377,0.0],[112.9261,-7.7377,0.0]],[[112.9279,-7.7386,0.0],[112.9277,-7.7388,0.0],[112.9278,-7.7388,0.0],[112.9279,-7.7386,0.0]],[[112.9294,-7.7358,0.0],[112.9292,-7.7363,0.0],[112.9295,-7.7358,0.0],[112.9294,-7.7358,0.0]],[[112.9232,-7.7333,0.0],[112.9238,-7.7332,0.0],[112.9234,-7.733,0.0],[112.9232,-7.7333,0.0]],[[112.9368,-7.7168,0.0],[112.9369,-7.7169,0.0],[112.9374,-7.716,0.0],[112.9368,-7.7168,0.0]],[[112.9388,-7.714,0.0],[112.9381,-7.715,0.0],[112.9407,-7.7135,0.0],[112.9388,-7.714,0.0]],[[112.9437,-7.7145,0.0],[112.9373,-7.7115,0.0],[112.9407,-7.7135,0.0],[112.9437,-7.7145,0.0]],[[112.9631,-7.7154,0.0],[112.963,-7.7157,0.0],[112.963,-7.7157,0.0],[112.9631,-7.7154,0.0]],[[112.9827,-7.7364,0.0],[112.9826,-7.7311,0.0],[112.9826,-7.7365,0.0],[112.9827,-7.7364,0.0]],[[112.9774,-7.7362,0.0],[112.9777,-7.7363,0.0],[112.977,-7.7332,0.0],[112.9774,-7.7362,0.0]],[[112.9713,-7.7301,0.0],[112.9733,-7.7297,0.0],[112.9731,-7.7295,0.0],[112.9713,-7.7301,0.0]],[[112.9681,-7.7322,0.0],[112.9688,-7.7309,0.0],[112.9685,-7.731,0.0],[112.9681,-7.7322,0.0]],[[112.9819,-7.7536,0.0],[112.9851,-7.7473,0.0],[112.982,-7.7518,0.0],[112.9819,-7.7536,0.0]],[[112.9788,-7.761,0.0],[112.9804,-7.7663,0.0],[112.9791,-7.7603,0.0],[112.9788,-7.761,0.0]],[[112.9813,-7.7746,0.0],[112.9807,-7.7735,0.0],[112.9809,-7.7745,0.0],[112.9813,-7.7746,0.0]],[[112.9884,-7.7768,0.0],[112.9877,-7.7774,0.0],[112.9883,-7.7773,0.0],[112.9884,-7.7768,0.0]],[[113.0123,-7.7654,0.0],[113.0103,-7.7694,0.0],[113.0106,-7.7694,0.0],[113.0123,-7.7654,0.0]],[[113.0188,-7.7675,0.0],[113.0206,-7.7675,0.0],[113.0123,-7.7654,0.0],[113.0188,-7.7675,0.0]],[[113.0297,-7.7699,0.0],[113.0242,-7.7685,0.0],[113.0248,-7.7694,0.0],[113.0297,-7.7699,0.0]],[[113.0413,-7.7787,0.0],[113.0399,-7.7744,0.0],[113.0409,-7.7809,0.0],[113.0413,-7.7787,0.0]],[[112.8351,-7.8339,0.0],[112.8376,-7.8339,0.0],[112.8379,-7.8333,0.0],[112.8351,-7.8339,0.0]],[[112.8487,-7.8223,0.0],[112.847,-7.8232,0.0],[112.8615,-7.8193,0.0],[112.8487,-7.8223,0.0]],[[112.8608,-7.8107,0.0],[112.8624,-7.8094,0.0],[112.8623,-7.8092,0.0],[112.8608,-7.8107,0.0]],[[112.9403,-7.831,0.0],[112.9374,-7.8272,0.0],[112.9311,-7.8273,0.0],[112.9403,-7.831,0.0]],[[112.9404,-7.8346,0.0],[112.9406,-7.834,0.0],[112.9403,-7.831,0.0],[112.9404,-7.8346,0.0]],[[112.9394,-7.8407,0.0],[112.9348,-7.8446,0.0],[112.9349,-7.8454,0.0],[112.9394,-7.8407,0.0]],[[112.9349,-7.8468,0.0],[112.935,-7.8479,0.0],[112.9361,-7.8493,0.0],[112.9349,-7.8468,0.0]],[[112.9575,-7.8913,0.0],[112.9566,-7.8962,0.0],[112.9575,-7.8941,0.0],[112.9575,-7.8913,0.0]],[[112.8534,-7.8766,0.0],[112.8534,-7.8789,0.0],[112.8541,-7.8759,0.0],[112.8534,-7.8766,0.0]],[[112.865,-7.8659,0.0],[112.862,-7.8686,0.0],[112.8672,-7.8643,0.0],[112.865,-7.8659,0.0]],[[112.9013,-7.8345,0.0],[112.8959,-7.8428,0.0],[112.9022,-7.8343,0.0],[112.9013,-7.8345,0.0]],[[112.936,-7.8176,0.0],[112.935,-7.8156,0.0],[112.9357,-7.819,0.0],[112.936,-7.8176,0.0]],[[112.9358,-7.7996,0.0],[112.934,-7.8105,0.0],[112.9345,-7.8131,0.0],[112.9358,-7.7996,0.0]],[[112.9337,-7.7808,0.0],[112.9404,-7.7798,0.0],[112.9341,-7.78,0.0],[112.9337,-7.7808,0.0]],[[112.9415,-7.777,0.0],[112.9413,-7.777,0.0],[112.9404,-7.7798,0.0],[112.9415,-7.777,0.0]],[[112.9445,-7.777,0.0],[112.9445,-7.7765,0.0],[112.9423,-7.7769,0.0],[112.9445,-7.777,0.0]],[[112.9551,-7.764,0.0],[112.9538,-7.7642,0.0],[112.951,-7.7662,0.0],[112.9551,-7.764,0.0]],[[112.9621,-7.7637,0.0],[112.9614,-7.7634,0.0],[112.9566,-7.7639,0.0],[112.9621,-7.7637,0.0]],[[112.9649,-7.765,0.0],[112.9649,-7.7649,0.0],[112.9648,-7.7649,0.0],[112.9649,-7.765,0.0]],[[112.9814,-7.7776,0.0],[112.9855,-7.7774,0.0],[112.9641,-7.7751,0.0],[112.9814,-7.7776,0.0]],[[112.9132,-7.7787,0.0],[112.934,-7.7791,0.0],[112.9132,-7.7781,0.0],[112.9132,-7.7787,0.0]],[[112.9658,-7.7068,0.0],[112.9664,-7.707,0.0],[112.9678,-7.701,0.0],[112.9658,-7.7068,0.0]],[[112.9856,-7.7025,0.0],[112.9836,-7.7017,0.0],[112.975,-7.6986,0.0],[112.9856,-7.7025,0.0]],[[112.9877,-7.7026,0.0],[112.9884,-7.7037,0.0],[112.9969,-7.7074,0.0],[112.9877,-7.7026,0.0]],[[113.0097,-7.7111,0.0],[113.0061,-7.7142,0.0],[113.01,-7.7112,0.0],[113.0097,-7.7111,0.0]],[[113.0346,-7.7018,0.0],[113.0348,-7.7019,0.0],[113.0373,-7.7011,0.0],[113.0346,-7.7018,0.0]],[[113.0412,-7.6999,0.0],[113.0414,-7.6998,0.0],[113.0438,-7.6923,0.0],[113.0412,-7.6999,0.0]],[[113.0476,-7.6919,0.0],[113.0492,-7.689,0.0],[113.049,-7.6887,0.0],[113.0476,-7.6919,0.0]],[[113.0486,-7.6876,0.0],[113.0481,-7.6865,0.0],[113.0446,-7.6857,0.0],[113.0486,-7.6876,0.0]],[[113.0347,-7.7155,0.0],[113.0356,-7.716,0.0],[113.0351,-7.7142,0.0],[113.0347,-7.7155,0.0]],[[113.0345,-7.7204,0.0],[113.0359,-7.7174,0.0],[113.0357,-7.7167,0.0],[113.0345,-7.7204,0.0]],[[113.0321,-7.7204,0.0],[113.0339,-7.7217,0.0],[113.034,-7.7214,0.0],[113.0321,-7.7204,0.0]],[[112.8859,-7.6863,0.0],[112.8886,-7.687,0.0],[112.8859,-7.6857,0.0],[112.8859,-7.6863,0.0]],[[112.8859,-7.6848,0.0],[112.8864,-7.684,0.0],[112.886,-7.6795,0.0],[112.8859,-7.6848,0.0]],[[112.8876,-7.6799,0.0],[112.89,-7.6749,0.0],[112.8894,-7.6753,0.0],[112.8876,-7.6799,0.0]],[[112.9095,-7.6827,0.0],[112.9135,-7.6848,0.0],[112.9149,-7.6851,0.0],[112.9095,-7.6827,0.0]],[[112.9161,-7.6854,0.0],[112.9169,-7.6856,0.0],[112.9172,-7.6853,0.0],[112.9161,-7.6854,0.0]],[[112.9191,-7.685,0.0],[112.9199,-7.6854,0.0],[112.9216,-7.6847,0.0],[112.9191,-7.685,0.0]],[[112.9327,-7.7127,0.0],[112.9327,-7.7129,0.0],[112.9363,-7.7128,0.0],[112.9327,-7.7127,0.0]],[[112.8674,-7.6859,0.0],[112.8701,-7.6857,0.0],[112.87,-7.6856,0.0],[112.8674,-7.6859,0.0]],[[112.8637,-7.6835,0.0],[112.864,-7.6837,0.0],[112.8665,-7.678,0.0],[112.8637,-7.6835,0.0]],[[112.8602,-7.6589,0.0],[112.8603,-7.6588,0.0],[112.858,-7.6589,0.0],[112.8602,-7.6589,0.0]],[[112.8533,-7.6588,0.0],[112.8538,-7.6588,0.0],[112.8535,-7.6571,0.0],[112.8533,-7.6588,0.0]],[[112.8423,-7.6539,0.0],[112.8423,-7.654,0.0],[112.8535,-7.6571,0.0],[112.8423,-7.6539,0.0]],[[112.8647,-7.6419,0.0],[112.8602,-7.6476,0.0],[112.8616,-7.6464,0.0],[112.8647,-7.6419,0.0]]],[[[112.7556,-7.7146,0.0],[112.754,-7.7157,0.0],[112.7547,-7.7145,0.0],[112.7556,-7.7146,0.0]]]]}},{"type":"Feature","properties":{"kab_kota":"Ponorogo","kode":"kab-ponorogo"},"geometry":{"type":"Polygon","coordinates":[[[111.4314,-8.1704,0.0],[111.4055,-8.1727,0.0],[111.3895,-8.1586,0.0],[111.3803,-8.1633,0.0],[111.376,-8.1554,0.0],[111.3805,-8.1536,0.0],[111.3799,-8.1365,0.0],[111.3688,-8.1309,0.0],[111.3685,-8.1215,0.0],[111.3559,-8.1207,0.0],[111.3551,-8.1162,0.0],[111.3472,-8.1142,0.0],[111.3477,-8.1072,0.0],[111.3598,-8.1062,0.0],[111.3625,-8.0996,0.0],[111.3595,-8.0881,0.0],[111.3489,-8.0842,0.0],[111.3545,-8.079,0.0],[111.3489,-8.0766,0.0],[111.3464,-8.0663,0.0],[111.3671,-8.033,0.0],[111.3582,-8.0259,0.0],[111.3599,-8.0145,0.0],[111.3438,-8.0064,0.0],[111.3499,-7.9952,0.0],[111.3493,-7.979,0.0],[111.3273,-7.9678,0.0],[111.3265,-7.9553,0.0],[111.3165,-7.9377,0.0],[111.3191,-7.9331,0.0],[111.2987,-7.9406,0.0],[111.2867,-7.9391,0.0],[111.2863,-7.9208,0.0],[111.28,-7.9186,0.0],[111.2972,-7.8769,0.0],[111.293,-7.8652,0.0],[111.2962,-7.8582,0.0],[111.3144,-7.8522,0.0],[111.3111,-7.8413,0.0],[111.3027,-7.8376,0.0],[111.3056,-7.8232,0.0],[111.2971,-7.8016,0.0],[111.2887,-7.7935,0.0],[111.3077,-7.7977,0.0],[111.3147,-7.7922,0.0],[111.3276,-7.8004,0.0],[111.337,-7.7947,0.0],[111.342,-7.7837,0.0],[111.3845,-7.7832,0.0],[111.4132,-7.7759,0.0],[111.4499,-7.7785,0.0],[111.4558,-7.7838,0.0],[111.4581,-7.7778,0.0],[111.4669,-7.777,0.0],[111.4947,-7.7893,0.0],[111.506,-7.8011,0.0],[111.5061,-7.7974,0.0],[111.5498,-7.8044,0.0],[111.5542,-7.7992,0.0],[111.5647,-7.8025,0.0],[111.589,-7.7969,0.0],[111.5857,-7.7968,0.0],[111.596,-7.7894,0.0],[111.5989,-7.777,0.0],[111.6116,-7.7819,0.0],[111.6402,-7.7716,0.0],[111.6513,-7.7724,0.0],[111.6595,-7.7666,0.0],[111.6777,-7.7741,0.0],[111.676,-7.7837,0.0],[111.6884,-7.7857,0.0],[111.6938,-7.8053,0.0],[111.6972,-7.8054,0.0],[111.7048,-7.8081,0.0],[111.7088,-7.8073,0.0],[111.7168,-7.8114,0.0],[111.7325,-7.8011,0.0],[111.7505,-7.7991,0.0],[111.7601,-7.8131,0.0],[111.7568,-7.8206,0.0],[111.7601,-7.8137,0.0],[111.7688,-7.8241,0.0],[111.7767,-7.8202,0.0],[111.7853,-7.8359,0.0],[111.7714,-7.856,0.0],[111.7786,-7.8643,0.0],[111.7717,-7.8724,0.0],[111.7711,-7.8868,0.0],[111.7561,-7.8932,0.0],[111.7607,-7.901,0.0],[111.7586,-7.906,0.0],[111.7553,-7.9083,0.0],[111.7529,-7.9035,0.0],[111.753,-7.8846,0.0],[111.7409,-7.8792,0.0],[111.7265,-7.8904,0.0],[111.701,-7.8964,0.0],[111.6991,-7.8996,0.0],[111.7067,-7.9065,0.0],[111.6943,-7.9181,0.0],[111.6902,-7.9305,0.0],[111.6678,-7.9446,0.0],[111.6593,-7.9451,0.0],[111.6557,-7.9407,0.0],[111.6471,-7.9538,0.0],[111.6483,-7.9601,0.0],[111.6635,-7.9681,0.0],[111.6537,-7.9816,0.0],[111.6569,-7.99,0.0],[111.6532,-8.0206,0.0],[111.6482,-8.0209,0.0],[111.6477,-8.0038,0.0],[111.6361,-8.0022,0.0],[111.6259,-8.0109,0.0],[111.6232,-8.0065,0.0],[111.6118,-8.0117,0.0],[111.6063,-8.0193,0.0],[111.5905,-8.0194,0.0],[111.5827,-8.0257,0.0],[111.5733,-8.0479,0.0],[111.5353,-8.0597,0.0],[111.5432,-8.0656,0.0],[111.5269,-8.0811,0.0],[111.5279,-8.1074,0.0],[111.5211,-8.1107,0.0],[111.5073,-8.1064,0.0],[111.4996,-8.1127,0.0],[111.4833,-8.1085,0.0],[111.4794,-8.1172,0.0],[111.483,-8.1259,0.0],[111.4732,-8.1581,0.0],[111.4737,-8.1648,0.0],[111.4787,-8.1658,0.0],[111.4774,-8.1731,0.0],[111.465,-8.1755,0.0],[111.4586,-8.1688,0.0],[111.4378,-8.1632,0.0],[111.4314,-8.1704,0.0]],[[111.6903,-7.8098,0.0],[111.6895,-7.8112,0.0],[111.6972,-7.8054,0.0],[111.6903,-7.8098,0.0]],[[111.6964,-7.8894,0.0],[111.6969,-7.8914,0.0],[111.701,-7.8964,0.0],[111.6964,-7.8894,0.0]],[[111.4453,-7.837,0.0],[111.4454,-7.8371,0.0],[111.4469,-7.8355,0.0],[111.4453,-7.837,0.0]],[[111.4492,-7.8423,0.0],[111.4502,-7.842,0.0],[111.4457,-7.8376,0.0],[111.4492,-7.8423,0.0]],[[111.4503,-7.8419,0.0],[111.4496,-7.84,0.0],[111.4502,-7.842,0.0],[111.4503,-7.8419,0.0]],[[111.4813,-7.8525,0.0],[111.4813,-7.8525,0.0],[111.473,-7.8529,0.0],[111.4813,-7.8525,0.0]],[[111.4789,-7.8632,0.0],[111.4786,-7.8612,0.0],[111.4779,-7.8613,0.0],[111.4789,-7.8632,0.0]],[[111.4842,-7.867,0.0],[111.4837,-7.8666,0.0],[111.4803,-7.8673,0.0],[111.4842,-7.867,0.0]],[[111.4852,-7.8669,0.0],[111.4856,-7.8667,0.0],[111.4862,-7.8579,0.0],[111.4852,-7.8669,0.0]],[[111.4902,-7.8687,0.0],[111.49,-7.8674,0.0],[111.4887,-7.8672,0.0],[111.4902,-7.8687,0.0]],[[111.4939,-7.8697,0.0],[111.4971,-7.8696,0.0],[111.4939,-7.8695,0.0],[111.4939,-7.8697,0.0]],[[111.4967,-7.8732,0.0],[111.4972,-7.8705,0.0],[111.4971,-7.8696,0.0],[111.4967,-7.8732,0.0]],[[111.4792,-7.8838,0.0],[111.4791,-7.8839,0.0],[111.4823,-7.8847,0.0],[111.4792,-7.8838,0.0]],[[111.4545,-7.9063,0.0],[111.4555,-7.9064,0.0],[111.4545,-7.9059,0.0],[111.4545,-7.9063,0.0]],[[111.4559,-7.9077,0.0],[111.4562,-7.9067,0.0],[111.4559,-7.9065,0.0],[111.4559,-7.9077,0.0]],[[111.4547,-7.9116,0.0],[111.4658,-7.9133,0.0],[111.4548,-7.9115,0.0],[111.4547,-7.9116,0.0]],[[111.4546,-7.9117,0.0],[111.456,-7.9175,0.0],[111.4567,-7.9153,0.0],[111.4546,-7.9117,0.0]],[[111.4546,-7.9217,0.0],[111.4551,-7.9203,0.0],[111.4636,-7.922,0.0],[111.4546,-7.9217,0.0]],[[111.4542,-7.9229,0.0],[111.4543,-7.9229,0.0],[111.4543,-7.9226,0.0],[111.4542,-7.9229,0.0]],[[111.4633,-7.9684,0.0],[111.4632,-7.9682,0.0],[111.4609,-7.9651,0.0],[111.4633,-7.9684,0.0]],[[111.4648,-7.9689,0.0],[111.4686,-7.9685,0.0],[111.4645,-7.9687,0.0],[111.4648,-7.9689,0.0]],[[111.4793,-7.9715,0.0],[111.4797,-7.9675,0.0],[111.476,-7.9708,0.0],[111.4793,-7.9715,0.0]],[[111.4822,-7.9674,0.0],[111.4822,-7.9672,0.0],[111.4797,-7.9675,0.0],[111.4822,-7.9674,0.0]],[[111.4828,-7.9722,0.0],[111.4828,-7.9722,0.0],[111.4827,-7.9722,0.0],[111.4828,-7.9722,0.0]],[[111.4898,-8.0484,0.0],[111.4905,-8.0504,0.0],[111.4903,-8.0418,0.0],[111.4898,-8.0484,0.0]],[[111.4907,-8.0511,0.0],[111.4935,-8.0521,0.0],[111.4936,-8.0518,0.0],[111.4907,-8.0511,0.0]],[[111.5092,-8.0508,0.0],[111.4996,-8.048,0.0],[111.4991,-8.0483,0.0],[111.5092,-8.0508,0.0]],[[111.5189,-8.0462,0.0],[111.5188,-8.0457,0.0],[111.5183,-8.0458,0.0],[111.5189,-8.0462,0.0]],[[111.5337,-8.0627,0.0],[111.5339,-8.0626,0.0],[111.5338,-8.0593,0.0],[111.5337,-8.0627,0.0]],[[111.357,-7.9484,0.0],[111.3551,-7.9489,0.0],[111.3583,-7.949,0.0],[111.357,-7.9484,0.0]],[[111.3616,-7.9505,0.0],[111.3611,-7.9503,0.0],[111.3617,-7.951,0.0],[111.3616,-7.9505,0.0]],[[111.4024,-7.952,0.0],[111.401,-7.9516,0.0],[111.4019,-7.9521,0.0],[111.4024,-7.952,0.0]],[[111.4036,-7.9513,0.0],[111.4035,-7.9518,0.0],[111.4061,-7.9515,0.0],[111.4036,-7.9513,0.0]],[[111.4155,-7.9315,0.0],[111.4175,-7.9333,0.0],[111.4155,-7.9314,0.0],[111.4155,-7.9315,0.0]],[[111.4187,-7.9209,0.0],[111.416,-7.9297,0.0],[111.4168,-7.9298,0.0],[111.4187,-7.9209,0.0]],[[111.4237,-7.963,0.0],[111.4233,-7.9713,0.0],[111.4241,-7.9686,0.0],[111.4237,-7.963,0.0]],[[111.4493,-7.9618,0.0],[111.4457,-7.9626,0.0],[111.4493,-7.9623,0.0],[111.4493,-7.9618,0.0]],[[111.4356,-8.0546,0.0],[111.4388,-8.0583,0.0],[111.4355,-8.0543,0.0],[111.4356,-8.0546,0.0]],[[111.4532,-8.0591,0.0],[111.4423,-8.0574,0.0],[111.4413,-8.0577,0.0],[111.4532,-8.0591,0.0]],[[111.4816,-8.0593,0.0],[111.4785,-8.0592,0.0],[111.4778,-8.0596,0.0],[111.4816,-8.0593,0.0]],[[111.4924,-8.0538,0.0],[111.4932,-8.0525,0.0],[111.4909,-8.0542,0.0],[111.4924,-8.0538,0.0]],[[111.4478,-7.9739,0.0],[111.448,-7.9725,0.0],[111.4463,-7.9745,0.0],[111.4478,-7.9739,0.0]],[[111.449,-7.9766,0.0],[111.4461,-7.9746,0.0],[111.446,-7.9748,0.0],[111.449,-7.9766,0.0]],[[111.3905,-7.9113,0.0],[111.3905,-7.9113,0.0],[111.3918,-7.9112,0.0],[111.3905,-7.9113,0.0]],[[111.3898,-7.9161,0.0],[111.3899,-7.9158,0.0],[111.3888,-7.9157,0.0],[111.3898,-7.9161,0.0]],[[111.3248,-7.8586,0.0],[111.3269,-7.8622,0.0],[111.3268,-7.8609,0.0],[111.3248,-7.8586,0.0]],[[111.3281,-7.8641,0.0],[111.3284,-7.8647,0.0],[111.3373,-7.8684,0.0],[111.3281,-7.8641,0.0]],[[111.3355,-7.8725,0.0],[111.3356,-7.8725,0.0],[111.3373,-7.8684,0.0],[111.3355,-7.8725,0.0]],[[111.3587,-7.876,0.0],[111.3356,-7.8725,0.0],[111.3367,-7.8736,0.0],[111.3587,-7.876,0.0]],[[111.3567,-7.8748,0.0],[111.3576,-7.8709,0.0],[111.3573,-7.8709,0.0],[111.3567,-7.8748,0.0]],[[111.3683,-7.8644,0.0],[111.3683,-7.8645,0.0],[111.3681,-7.8673,0.0],[111.3683,-7.8644,0.0]],[[111.3706,-7.8615,0.0],[111.3721,-7.8604,0.0],[111.3716,-7.8603,0.0],[111.3706,-7.8615,0.0]],[[111.3775,-7.8608,0.0],[111.3795,-7.8544,0.0],[111.3787,-7.8543,0.0],[111.3775,-7.8608,0.0]],[[111.3815,-7.8547,0.0],[111.3824,-7.8548,0.0],[111.3824,-7.8548,0.0],[111.3815,-7.8547,0.0]],[[111.3872,-7.8604,0.0],[111.39,-7.8601,0.0],[111.3899,-7.86,0.0],[111.3872,-7.8604,0.0]],[[111.389,-7.859,0.0],[111.3886,-7.8585,0.0],[111.3886,-7.8586,0.0],[111.389,-7.859,0.0]],[[111.3869,-7.8469,0.0],[111.3896,-7.8512,0.0],[111.389,-7.8557,0.0],[111.3897,-7.8512,0.0],[111.3869,-7.8469,0.0]],[[111.4376,-7.8962,0.0],[111.4386,-7.8929,0.0],[111.4385,-7.8929,0.0],[111.4376,-7.8962,0.0]],[[111.4456,-7.8902,0.0],[111.4431,-7.8912,0.0],[111.4479,-7.8907,0.0],[111.4456,-7.8902,0.0]],[[111.4534,-7.8871,0.0],[111.4548,-7.8888,0.0],[111.4535,-7.8871,0.0],[111.4534,-7.8871,0.0]],[[111.4565,-7.8909,0.0],[111.4554,-7.8916,0.0],[111.4557,-7.8919,0.0],[111.4565,-7.8909,0.0]],[[111.454,-7.8927,0.0],[111.454,-7.8927,0.0],[111.4539,-7.8951,0.0],[111.454,-7.8927,0.0]],[[111.4551,-7.896,0.0],[111.4537,-7.897,0.0],[111.4538,-7.8971,0.0],[111.4551,-7.896,0.0]],[[111.3192,-7.9329,0.0],[111.3214,-7.9323,0.0],[111.3215,-7.9322,0.0],[111.3192,-7.9329,0.0]],[[111.3227,-7.9298,0.0],[111.3226,-7.9299,0.0],[111.3221,-7.9309,0.0],[111.3227,-7.9298,0.0]],[[111.3489,-7.9159,0.0],[111.3333,-7.9227,0.0],[111.3308,-7.9244,0.0],[111.3489,-7.9159,0.0]],[[111.3513,-7.9148,0.0],[111.3552,-7.9046,0.0],[111.3511,-7.9149,0.0],[111.3513,-7.9148,0.0]],[[111.3632,-7.8946,0.0],[111.3631,-7.8946,0.0],[111.3626,-7.8992,0.0],[111.3632,-7.8946,0.0]],[[111.3643,-7.8948,0.0],[111.3669,-7.8923,0.0],[111.3634,-7.8945,0.0],[111.3643,-7.8948,0.0]],[[111.3729,-7.8835,0.0],[111.3722,-7.8833,0.0],[111.3669,-7.8923,0.0],[111.3729,-7.8835,0.0]],[[111.3736,-7.8806,0.0],[111.3734,-7.8806,0.0],[111.3735,-7.8807,0.0],[111.3736,-7.8806,0.0]],[[111.3723,-7.8778,0.0],[111.3713,-7.8776,0.0],[111.3724,-7.8792,0.0],[111.3723,-7.8778,0.0]],[[111.3798,-7.8611,0.0],[111.3797,-7.8626,0.0],[111.3799,-7.8611,0.0],[111.3798,-7.8611,0.0]],[[111.3525,-7.881,0.0],[111.3557,-7.8822,0.0],[111.3525,-7.881,0.0],[111.3525,-7.881,0.0]],[[111.3557,-7.8822,0.0],[111.3558,-7.8766,0.0],[111.3555,-7.8766,0.0],[111.3557,-7.8822,0.0]],[[111.4538,-7.8516,0.0],[111.452,-7.8494,0.0],[111.4537,-7.8516,0.0],[111.4538,-7.8516,0.0]],[[111.3853,-7.8301,0.0],[111.3858,-7.8431,0.0],[111.3854,-7.8304,0.0],[111.3853,-7.8301,0.0]],[[111.4994,-7.8587,0.0],[111.4989,-7.8588,0.0],[111.5021,-7.8595,0.0],[111.4994,-7.8587,0.0]],[[111.5058,-7.8607,0.0],[111.5055,-7.8606,0.0],[111.5058,-7.8608,0.0],[111.5058,-7.8607,0.0]],[[111.5068,-7.8638,0.0],[111.5062,-7.8621,0.0],[111.5066,-7.8638,0.0],[111.5068,-7.8638,0.0]],[[111.5253,-7.8629,0.0],[111.5189,-7.8627,0.0],[111.5254,-7.863,0.0],[111.5253,-7.8629,0.0]],[[111.527,-7.8654,0.0],[111.5269,-7.8652,0.0],[111.527,-7.8654,0.0],[111.527,-7.8654,0.0]],[[111.5633,-7.8743,0.0],[111.5553,-7.8731,0.0],[111.5507,-7.8703,0.0],[111.555,-7.8731,0.0],[111.5633,-7.8743,0.0]],[[111.5557,-7.8896,0.0],[111.5832,-7.8836,0.0],[111.5565,-7.8892,0.0],[111.5557,-7.8896,0.0]],[[111.5557,-7.8896,0.0],[111.5542,-7.892,0.0],[111.5582,-7.8925,0.0],[111.5557,-7.8896,0.0]],[[111.557,-7.906,0.0],[111.5523,-7.9018,0.0],[111.5522,-7.9019,0.0],[111.557,-7.906,0.0]],[[111.5631,-7.9098,0.0],[111.5619,-7.9109,0.0],[111.5642,-7.91,0.0],[111.5631,-7.9098,0.0]],[[111.5662,-7.9103,0.0],[111.5647,-7.9101,0.0],[111.5661,-7.9108,0.0],[111.5662,-7.9103,0.0]],[[111.5655,-7.9146,0.0],[111.5657,-7.9135,0.0],[111.5648,-7.9138,0.0],[111.5655,-7.9146,0.0]],[[111.5681,-7.9158,0.0],[111.566,-7.9154,0.0],[111.5665,-7.9161,0.0],[111.5681,-7.9158,0.0]],[[111.5728,-7.9222,0.0],[111.5723,-7.921,0.0],[111.5724,-7.9218,0.0],[111.5728,-7.9222,0.0]],[[111.5929,-7.9363,0.0],[111.5925,-7.9316,0.0],[111.5925,-7.9369,0.0],[111.5929,-7.9363,0.0]],[[111.6003,-7.9345,0.0],[111.6003,-7.926,0.0],[111.6001,-7.9331,0.0],[111.6003,-7.9345,0.0]],[[111.6275,-7.9061,0.0],[111.6266,-7.9049,0.0],[111.6274,-7.9062,0.0],[111.6275,-7.9061,0.0]],[[111.6373,-7.8978,0.0],[111.6343,-7.9007,0.0],[111.6374,-7.8978,0.0],[111.6373,-7.8978,0.0]],[[111.6481,-7.8946,0.0],[111.6481,-7.8947,0.0],[111.6513,-7.8932,0.0],[111.6481,-7.8946,0.0]],[[111.6685,-7.8833,0.0],[111.6662,-7.885,0.0],[111.6685,-7.8833,0.0],[111.6685,-7.8833,0.0]],[[111.6699,-7.8837,0.0],[111.6729,-7.8835,0.0],[111.6686,-7.8833,0.0],[111.6757,-7.8858,0.0],[111.6699,-7.8837,0.0]],[[111.6954,-7.8879,0.0],[111.688,-7.8901,0.0],[111.6957,-7.8883,0.0],[111.6954,-7.8879,0.0]],[[111.464,-7.9089,0.0],[111.4649,-7.9078,0.0],[111.464,-7.908,0.0],[111.464,-7.9089,0.0]],[[111.4672,-7.9056,0.0],[111.4686,-7.9062,0.0],[111.4685,-7.9059,0.0],[111.4672,-7.9056,0.0]],[[111.4705,-7.9106,0.0],[111.4686,-7.9169,0.0],[111.4687,-7.917,0.0],[111.4705,-7.9106,0.0]],[[111.4726,-7.9211,0.0],[111.4724,-7.9214,0.0],[111.4727,-7.9224,0.0],[111.4726,-7.9211,0.0]],[[111.4757,-7.9231,0.0],[111.4729,-7.923,0.0],[111.473,-7.9233,0.0],[111.4757,-7.9231,0.0]],[[111.4751,-7.9259,0.0],[111.475,-7.9263,0.0],[111.4775,-7.9255,0.0],[111.4751,-7.9259,0.0]],[[111.4767,-7.9275,0.0],[111.4797,-7.9294,0.0],[111.479,-7.9282,0.0],[111.4767,-7.9275,0.0]],[[111.4798,-7.9294,0.0],[111.4802,-7.9297,0.0],[111.4824,-7.9289,0.0],[111.4798,-7.9294,0.0]],[[111.4831,-7.9286,0.0],[111.4833,-7.9286,0.0],[111.4841,-7.9258,0.0],[111.4831,-7.9286,0.0]],[[111.5161,-7.9383,0.0],[111.517,-7.943,0.0],[111.5129,-7.9436,0.0],[111.5185,-7.9427,0.0],[111.5161,-7.9383,0.0]],[[111.5188,-7.9379,0.0],[111.5177,-7.9381,0.0],[111.5161,-7.9383,0.0],[111.5188,-7.9379,0.0]],[[111.528,-7.9411,0.0],[111.5287,-7.9432,0.0],[111.5287,-7.9432,0.0],[111.528,-7.9411,0.0]],[[111.5709,-7.9198,0.0],[111.5715,-7.9188,0.0],[111.5708,-7.9188,0.0],[111.5709,-7.9198,0.0]],[[111.6058,-7.9359,0.0],[111.6059,-7.936,0.0],[111.6059,-7.9359,0.0],[111.6058,-7.9359,0.0]],[[111.6107,-7.9358,0.0],[111.6113,-7.9373,0.0],[111.6108,-7.9358,0.0],[111.6107,-7.9358,0.0]],[[111.6148,-7.9368,0.0],[111.6152,-7.9372,0.0],[111.6175,-7.9366,0.0],[111.6148,-7.9368,0.0]],[[111.6244,-7.9402,0.0],[111.6254,-7.9411,0.0],[111.6253,-7.9407,0.0],[111.6244,-7.9402,0.0]],[[111.5461,-8.0416,0.0],[111.5455,-8.0413,0.0],[111.5432,-8.0408,0.0],[111.5461,-8.0416,0.0]],[[111.5115,-7.9583,0.0],[111.513,-7.9562,0.0],[111.5113,-7.9583,0.0],[111.5115,-7.9583,0.0]],[[111.5135,-7.9554,0.0],[111.5132,-7.9529,0.0],[111.5135,-7.9554,0.0],[111.5135,-7.9554,0.0]],[[111.5214,-7.9497,0.0],[111.5213,-7.9496,0.0],[111.5203,-7.95,0.0],[111.5214,-7.9497,0.0]],[[111.5203,-7.9453,0.0],[111.5196,-7.9453,0.0],[111.5213,-7.9495,0.0],[111.5203,-7.9453,0.0]],[[111.5419,-7.9635,0.0],[111.5417,-7.9638,0.0],[111.5446,-7.9627,0.0],[111.5419,-7.9635,0.0]],[[111.5407,-7.9655,0.0],[111.5411,-7.9704,0.0],[111.5416,-7.964,0.0],[111.5407,-7.9655,0.0]],[[111.5361,-7.9689,0.0],[111.5384,-7.9711,0.0],[111.5384,-7.971,0.0],[111.5361,-7.9689,0.0]],[[111.5399,-8.0071,0.0],[111.54,-8.007,0.0],[111.5399,-8.007,0.0],[111.5399,-8.0071,0.0]],[[111.5377,-8.0162,0.0],[111.5375,-8.0206,0.0],[111.5397,-8.0082,0.0],[111.5377,-8.0162,0.0]],[[111.4934,-7.9043,0.0],[111.4928,-7.9042,0.0],[111.4927,-7.9044,0.0],[111.4934,-7.9043,0.0]],[[111.4986,-7.9054,0.0],[111.4947,-7.9046,0.0],[111.4948,-7.9052,0.0],[111.4986,-7.9054,0.0]],[[111.5132,-7.9049,0.0],[111.5019,-7.9056,0.0],[111.5052,-7.9058,0.0],[111.5132,-7.9049,0.0]],[[111.5267,-7.9064,0.0],[111.5264,-7.9064,0.0],[111.5265,-7.9064,0.0],[111.5267,-7.9064,0.0]],[[111.5614,-7.8652,0.0],[111.5718,-7.864,0.0],[111.5694,-7.8635,0.0],[111.5614,-7.8652,0.0]],[[111.573,-7.8639,0.0],[111.5737,-7.8638,0.0],[111.5719,-7.861,0.0],[111.573,-7.8639,0.0]],[[111.6065,-7.8238,0.0],[111.6074,-7.8253,0.0],[111.6082,-7.8254,0.0],[111.6065,-7.8238,0.0]],[[111.6878,-7.8328,0.0],[111.688,-7.8328,0.0],[111.6924,-7.8219,0.0],[111.6878,-7.8328,0.0]],[[111.6889,-7.8123,0.0],[111.6886,-7.8127,0.0],[111.6924,-7.8219,0.0],[111.6889,-7.8123,0.0]],[[111.6913,-7.8704,0.0],[111.692,-7.8704,0.0],[111.6922,-7.8677,0.0],[111.6913,-7.8704,0.0]],[[111.6912,-7.8732,0.0],[111.6918,-7.8729,0.0],[111.6919,-7.8712,0.0],[111.6912,-7.8732,0.0]],[[111.5032,-7.8443,0.0],[111.5031,-7.8443,0.0],[111.5031,-7.8443,0.0],[111.5032,-7.8443,0.0]],[[111.5119,-7.8411,0.0],[111.5118,-7.8414,0.0],[111.5123,-7.8409,0.0],[111.5119,-7.8411,0.0]],[[111.5103,-7.8432,0.0],[111.5088,-7.844,0.0],[111.5082,-7.8456,0.0],[111.5103,-7.8432,0.0]],[[111.4947,-7.8311,0.0],[111.4941,-7.8369,0.0],[111.4942,-7.8369,0.0],[111.4947,-7.8311,0.0]],[[111.5949,-7.8009,0.0],[111.5915,-7.797,0.0],[111.5906,-7.797,0.0],[111.5949,-7.8009,0.0]],[[111.6011,-7.806,0.0],[111.6003,-7.804,0.0],[111.5995,-7.8035,0.0],[111.6011,-7.806,0.0]],[[111.5988,-7.8085,0.0],[111.6003,-7.8076,0.0],[111.6011,-7.806,0.0],[111.5988,-7.8085,0.0]],[[111.591,-7.8112,0.0],[111.5951,-7.811,0.0],[111.5962,-7.8103,0.0],[111.591,-7.8112,0.0]],[[111.5803,-7.8113,0.0],[111.5798,-7.8116,0.0],[111.5804,-7.8115,0.0],[111.5803,-7.8113,0.0]],[[111.5895,-7.8178,0.0],[111.588,-7.8174,0.0],[111.5862,-7.8188,0.0],[111.5895,-7.8178,0.0]],[[111.5999,-7.8143,0.0],[111.5971,-7.8145,0.0],[111.5941,-7.8162,0.0],[111.5999,-7.8143,0.0]],[[111.488,-7.831,0.0],[111.4881,-7.8312,0.0],[111.4967,-7.8305,0.0],[111.488,-7.831,0.0]],[[111.4979,-7.8291,0.0],[111.4974,-7.8262,0.0],[111.4967,-7.8305,0.0],[111.4979,-7.8291,0.0]]]}},{"type":"Feature","properties":{"kab_kota":"Lamongan","kode":"kab-lamongan"},"geometry":{"type":"MultiPolygon","coordinates":[[[[112.3306,-7.3508,0.0],[112.3304,-7.3461,0.0],[112.3327,-7.3484,0.0],[112.3306,-7.3508,0.0]]],[[[112.1025,-7.3832,0.0],[112.0815,-7.3826,0.0],[112.0893,-7.3685,0.0],[112.089,-7.3585,0.0],[112.0726,-7.3333,0.0],[112.0783,-7.3242,0.0],[112.0773,-7.3132,0.0],[112.0841,-7.3057,0.0],[112.0845,-7.3074,0.0],[112.0893,-7.3112,0.0],[112.0853,-7.2884,0.0],[112.0951,-7.2692,0.0],[112.0876,-7.267,0.0],[112.0846,-7.2607,0.0],[112.0881,-7.253,0.0],[112.0838,-7.25,0.0],[112.085,-7.2422,0.0],[112.0895,-7.2389,0.0],[112.0871,-7.2297,0.0],[112.0926,-7.2231,0.0],[112.0966,-7.2284,0.0],[112.1093,-7.2225,0.0],[112.1184,-7.2121,0.0],[112.1242,-7.1858,0.0],[112.13,-7.1837,0.0],[112.1396,-7.158,0.0],[112.1513,-7.1582,0.0],[112.1656,-7.1185,0.0],[112.1641,-7.1129,0.0],[112.1541,-7.1198,0.0],[112.1522,-7.1094,0.0],[112.161,-7.1094,0.0],[112.1662,-7.0978,0.0],[112.1783,-7.0978,0.0],[112.1839,-7.0887,0.0],[112.1746,-7.0869,0.0],[112.1793,-7.0751,0.0],[112.1849,-7.0763,0.0],[112.1838,-7.0835,0.0],[112.1898,-7.0844,0.0],[112.2037,-7.0745,0.0],[112.2149,-7.0752,0.0],[112.2188,-7.0659,0.0],[112.2158,-7.0429,0.0],[112.2223,-7.0373,0.0],[112.2033,-7.0294,0.0],[112.2146,-7.0094,0.0],[112.214,-6.9992,0.0],[112.2098,-6.9967,0.0],[112.2096,-6.9797,0.0],[112.213,-6.9791,0.0],[112.2067,-6.9713,0.0],[112.2025,-6.947,0.0],[112.203,-6.9183,0.0],[112.1988,-6.9128,0.0],[112.1804,-6.9131,0.0],[112.179,-6.9051,0.0],[112.1721,-6.9027,0.0],[112.1704,-6.8949,0.0],[112.1713,-6.8978,0.0],[112.185,-6.8882,0.0],[112.2016,-6.8848,0.0],[112.2044,-6.8797,0.0],[112.2142,-6.8812,0.0],[112.2163,-6.8748,0.0],[112.2239,-6.8724,0.0],[112.2442,-6.8723,0.0],[112.2505,-6.8786,0.0],[112.2675,-6.8761,0.0],[112.2654,-6.8704,0.0],[112.2698,-6.8784,0.0],[112.2867,-6.8697,0.0],[112.287,-6.8649,0.0],[112.2872,-6.8699,0.0],[112.2884,-6.8679,0.0],[112.293,-6.8681,0.0],[112.2937,-6.866,0.0],[112.2968,-6.8684,0.0],[112.2878,-6.8699,0.0],[112.2983,-6.872,0.0],[112.2964,-6.8731,0.0],[112.294,-6.879,0.0],[112.2966,-6.8733,0.0],[112.3133,-6.8717,0.0],[112.3326,-6.8613,0.0],[112.3427,-6.8701,0.0],[112.358,-6.8637,0.0],[112.3651,-6.868,0.0],[112.3685,-6.8646,0.0],[112.3663,-6.8684,0.0],[112.3733,-6.8744,0.0],[112.3773,-6.8719,0.0],[112.3764,-6.8748,0.0],[112.3881,-6.8761,0.0],[112.3983,-6.8743,0.0],[112.3986,-6.8741,0.0],[112.3981,-6.874,0.0],[112.3978,-6.8705,0.0],[112.3994,-6.874,0.0],[112.4051,-6.8677,0.0],[112.4035,-6.8721,0.0],[112.4074,-6.8709,0.0],[112.412,-6.8649,0.0],[112.4067,-6.8654,0.0],[112.4183,-6.8617,0.0],[112.4399,-6.871,0.0],[112.4406,-6.8826,0.0],[112.4433,-6.88,0.0],[112.4484,-6.8848,0.0],[112.4241,-6.9109,0.0],[112.4214,-6.9245,0.0],[112.4301,-6.9301,0.0],[112.4241,-6.9401,0.0],[112.4253,-6.9515,0.0],[112.4124,-6.9519,0.0],[112.4052,-6.9605,0.0],[112.3943,-6.9551,0.0],[112.3871,-6.9589,0.0],[112.377,-6.9527,0.0],[112.3686,-6.9709,0.0],[112.3663,-6.997,0.0],[112.3723,-6.9846,0.0],[112.3838,-6.9886,0.0],[112.3916,-6.9858,0.0],[112.3987,-6.9934,0.0],[112.4202,-6.9951,0.0],[112.4279,-7.0024,0.0],[112.4526,-7.0014,0.0],[112.4486,-7.013,0.0],[112.4529,-7.0158,0.0],[112.4607,-7.0084,0.0],[112.4811,-7.0029,0.0],[112.4804,-7.0107,0.0],[112.4958,-7.0086,0.0],[112.4975,-7.0172,0.0],[112.5014,-7.0109,0.0],[112.5122,-7.013,0.0],[112.51,-7.0194,0.0],[112.4962,-7.0268,0.0],[112.5192,-7.0471,0.0],[112.5236,-7.039,0.0],[112.5414,-7.0534,0.0],[112.5453,-7.0475,0.0],[112.5525,-7.0505,0.0],[112.5459,-7.0569,0.0],[112.5464,-7.0665,0.0],[112.542,-7.0662,0.0],[112.5375,-7.081,0.0],[112.5317,-7.082,0.0],[112.5306,-7.0896,0.0],[112.5356,-7.0961,0.0],[112.5164,-7.1028,0.0],[112.5172,-7.1075,0.0],[112.5017,-7.1069,0.0],[112.4959,-7.1178,0.0],[112.4993,-7.1246,0.0],[112.4943,-7.123,0.0],[112.4876,-7.1288,0.0],[112.4777,-7.1247,0.0],[112.4737,-7.1341,0.0],[112.4606,-7.1325,0.0],[112.4734,-7.1341,0.0],[112.47,-7.159,0.0],[112.4788,-7.1647,0.0],[112.5059,-7.1636,0.0],[112.5037,-7.1722,0.0],[112.5074,-7.1751,0.0],[112.5015,-7.1918,0.0],[112.479,-7.1979,0.0],[112.4746,-7.2041,0.0],[112.4674,-7.2017,0.0],[112.464,-7.2086,0.0],[112.4557,-7.2072,0.0],[112.4552,-7.2114,0.0],[112.4371,-7.2211,0.0],[112.4348,-7.2285,0.0],[112.4191,-7.2318,0.0],[112.4124,-7.2495,0.0],[112.408,-7.2466,0.0],[112.4117,-7.2495,0.0],[112.397,-7.2645,0.0],[112.4124,-7.2729,0.0],[112.4071,-7.2911,0.0],[112.4116,-7.2963,0.0],[112.4102,-7.3053,0.0],[112.3919,-7.3131,0.0],[112.3889,-7.3215,0.0],[112.372,-7.3204,0.0],[112.3697,-7.3256,0.0],[112.3586,-7.3265,0.0],[112.359,-7.3332,0.0],[112.3524,-7.3311,0.0],[112.3568,-7.334,0.0],[112.3489,-7.3374,0.0],[112.3458,-7.3451,0.0],[112.3289,-7.344,0.0],[112.3078,-7.3518,0.0],[112.3063,-7.3565,0.0],[112.3135,-7.3589,0.0],[112.314,-7.365,0.0],[112.3063,-7.3645,0.0],[112.3034,-7.3573,0.0],[112.2934,-7.3647,0.0],[112.2948,-7.3595,0.0],[112.2731,-7.3574,0.0],[112.2512,-7.3634,0.0],[112.2285,-7.3503,0.0],[112.2114,-7.3486,0.0],[112.1697,-7.3572,0.0],[112.1025,-7.3832,0.0]],[[112.1975,-7.1332,0.0],[112.1671,-7.1329,0.0],[112.1873,-7.1341,0.0],[112.1975,-7.1332,0.0]],[[112.1697,-7.1357,0.0],[112.1697,-7.1355,0.0],[112.1671,-7.1329,0.0],[112.1697,-7.1357,0.0]],[[112.4556,-7.1272,0.0],[112.4553,-7.1272,0.0],[112.4606,-7.1325,0.0],[112.4556,-7.1272,0.0]],[[112.2825,-6.9293,0.0],[112.278,-6.9331,0.0],[112.2828,-6.9292,0.0],[112.2825,-6.9293,0.0]],[[112.2762,-6.9365,0.0],[112.2766,-6.941,0.0],[112.278,-6.9331,0.0],[112.2762,-6.9365,0.0]],[[112.2773,-6.9397,0.0],[112.2783,-6.9375,0.0],[112.2782,-6.9374,0.0],[112.2773,-6.9397,0.0]],[[112.2872,-6.9491,0.0],[112.2874,-6.9493,0.0],[112.2871,-6.9388,0.0],[112.2872,-6.9491,0.0]],[[112.2922,-6.9547,0.0],[112.2927,-6.9548,0.0],[112.2919,-6.9544,0.0],[112.2922,-6.9547,0.0]],[[112.3125,-6.9603,0.0],[112.313,-6.9603,0.0],[112.3126,-6.9595,0.0],[112.3125,-6.9603,0.0]],[[112.3673,-6.9564,0.0],[112.3653,-6.9565,0.0],[112.3649,-6.9576,0.0],[112.3673,-6.9564,0.0]],[[112.3686,-6.9565,0.0],[112.3683,-6.9564,0.0],[112.3681,-6.9564,0.0],[112.3686,-6.9565,0.0]],[[112.3371,-7.0035,0.0],[112.3385,-7.0032,0.0],[112.3388,-7.0026,0.0],[112.3371,-7.0035,0.0]],[[112.3326,-6.9977,0.0],[112.3358,-7.0038,0.0],[112.336,-7.0037,0.0],[112.3326,-6.9977,0.0]],[[112.3245,-6.9917,0.0],[112.3263,-6.9938,0.0],[112.3326,-6.9977,0.0],[112.3245,-6.9917,0.0]],[[112.3228,-6.9879,0.0],[112.3232,-6.9903,0.0],[112.3239,-6.991,0.0],[112.3228,-6.9879,0.0]],[[112.3365,-6.9892,0.0],[112.3372,-6.989,0.0],[112.328,-6.9851,0.0],[112.3365,-6.9892,0.0]],[[112.3386,-6.9884,0.0],[112.3415,-6.9844,0.0],[112.3377,-6.9887,0.0],[112.3386,-6.9884,0.0]],[[112.3217,-7.0265,0.0],[112.3218,-7.0263,0.0],[112.3218,-7.0263,0.0],[112.3217,-7.0265,0.0]],[[112.3278,-7.0463,0.0],[112.3278,-7.0463,0.0],[112.3281,-7.0408,0.0],[112.3278,-7.0463,0.0]],[[112.3309,-7.0651,0.0],[112.3344,-7.0661,0.0],[112.3309,-7.0651,0.0],[112.3309,-7.0651,0.0]],[[112.3339,-7.0729,0.0],[112.3341,-7.073,0.0],[112.3344,-7.0661,0.0],[112.3339,-7.0729,0.0]],[[112.3542,-7.1021,0.0],[112.3556,-7.1019,0.0],[112.3556,-7.1016,0.0],[112.3542,-7.1021,0.0]],[[112.3539,-7.1022,0.0],[112.3573,-7.1043,0.0],[112.354,-7.1022,0.0],[112.3539,-7.1022,0.0]],[[112.3649,-7.1642,0.0],[112.3758,-7.164,0.0],[112.3758,-7.1639,0.0],[112.3696,-7.164,0.0],[112.3649,-7.1642,0.0]],[[112.3441,-7.1527,0.0],[112.3439,-7.1527,0.0],[112.3446,-7.1558,0.0],[112.3441,-7.1527,0.0]],[[112.3181,-7.155,0.0],[112.3174,-7.1573,0.0],[112.3206,-7.1525,0.0],[112.3181,-7.155,0.0]],[[112.3119,-7.1938,0.0],[112.3119,-7.1938,0.0],[112.3119,-7.1937,0.0],[112.3119,-7.1938,0.0]],[[112.3009,-7.2202,0.0],[112.3016,-7.2206,0.0],[112.3017,-7.2198,0.0],[112.3009,-7.2202,0.0]],[[112.3077,-7.2354,0.0],[112.3052,-7.225,0.0],[112.3042,-7.2238,0.0],[112.3077,-7.2354,0.0]],[[112.3227,-7.2657,0.0],[112.321,-7.2505,0.0],[112.3207,-7.2499,0.0],[112.3227,-7.2657,0.0]],[[112.329,-7.3138,0.0],[112.3335,-7.3174,0.0],[112.3288,-7.3131,0.0],[112.329,-7.3138,0.0]],[[112.335,-7.3252,0.0],[112.3351,-7.3253,0.0],[112.3335,-7.3174,0.0],[112.335,-7.3252,0.0]],[[112.2083,-7.1329,0.0],[112.2068,-7.133,0.0],[112.2157,-7.1346,0.0],[112.2083,-7.1329,0.0]],[[112.2287,-7.1433,0.0],[112.226,-7.1397,0.0],[112.2283,-7.1433,0.0],[112.2287,-7.1433,0.0]],[[112.2314,-7.249,0.0],[112.2386,-7.2464,0.0],[112.2242,-7.2473,0.0],[112.2314,-7.249,0.0]],[[112.266,-7.2376,0.0],[112.2643,-7.2446,0.0],[112.2646,-7.2445,0.0],[112.266,-7.2376,0.0]],[[112.2657,-7.2255,0.0],[112.2645,-7.2307,0.0],[112.2661,-7.2267,0.0],[112.2657,-7.2255,0.0]],[[112.269,-7.2234,0.0],[112.2658,-7.225,0.0],[112.2657,-7.2252,0.0],[112.269,-7.2234,0.0]],[[112.2719,-7.2211,0.0],[112.2712,-7.2222,0.0],[112.2735,-7.2209,0.0],[112.2719,-7.2211,0.0]],[[112.0959,-7.2691,0.0],[112.1025,-7.2683,0.0],[112.097,-7.2682,0.0],[112.0959,-7.2691,0.0]],[[112.1153,-7.2691,0.0],[112.1153,-7.2651,0.0],[112.1152,-7.2651,0.0],[112.1153,-7.2691,0.0]],[[112.1247,-7.259,0.0],[112.1259,-7.2598,0.0],[112.126,-7.2596,0.0],[112.1247,-7.259,0.0]],[[112.1534,-7.265,0.0],[112.1532,-7.2656,0.0],[112.1535,-7.2654,0.0],[112.1534,-7.265,0.0]],[[112.1488,-7.2686,0.0],[112.1526,-7.2695,0.0],[112.1523,-7.2694,0.0],[112.1488,-7.2686,0.0]],[[112.145,-7.3419,0.0],[112.1461,-7.3425,0.0],[112.1479,-7.3366,0.0],[112.145,-7.3419,0.0]],[[112.0929,-7.3138,0.0],[112.0925,-7.3134,0.0],[112.0933,-7.3173,0.0],[112.0929,-7.3138,0.0]],[[112.0908,-7.3199,0.0],[112.0907,-7.318,0.0],[112.0905,-7.3195,0.0],[112.0908,-7.3199,0.0]],[[112.0924,-7.3216,0.0],[112.0919,-7.3214,0.0],[112.0942,-7.3245,0.0],[112.0924,-7.3216,0.0]],[[112.1281,-7.3474,0.0],[112.1277,-7.35,0.0],[112.1293,-7.346,0.0],[112.1281,-7.3474,0.0]],[[112.1321,-7.3427,0.0],[112.1311,-7.3439,0.0],[112.1331,-7.3423,0.0],[112.1321,-7.3427,0.0]],[[112.1396,-7.3445,0.0],[112.1398,-7.3444,0.0],[112.1333,-7.3421,0.0],[112.1396,-7.3445,0.0]],[[112.1439,-7.3417,0.0],[112.1411,-7.3437,0.0],[112.1446,-7.3418,0.0],[112.1439,-7.3417,0.0]],[[112.18,-7.2376,0.0],[112.18,-7.2375,0.0],[112.18,-7.2376,0.0],[112.18,-7.2376,0.0]],[[112.2313,-7.3485,0.0],[112.2323,-7.3422,0.0],[112.2311,-7.3486,0.0],[112.2313,-7.3485,0.0]],[[112.1698,-7.1392,0.0],[112.1697,-7.1365,0.0],[112.1697,-7.1395,0.0],[112.1698,-7.1392,0.0]],[[112.1693,-7.2246,0.0],[112.1707,-7.2203,0.0],[112.1691,-7.2229,0.0],[112.1693,-7.2246,0.0]],[[112.1715,-7.2247,0.0],[112.1693,-7.2247,0.0],[112.1694,-7.2248,0.0],[112.1715,-7.2247,0.0]],[[112.1725,-7.2225,0.0],[112.1724,-7.2223,0.0],[112.1715,-7.2247,0.0],[112.1725,-7.2225,0.0]],[[112.1762,-7.2248,0.0],[112.1761,-7.2248,0.0],[112.1762,-7.225,0.0],[112.1762,-7.2248,0.0]],[[112.1782,-7.229,0.0],[112.1781,-7.2287,0.0],[112.1782,-7.2291,0.0],[112.1782,-7.229,0.0]],[[112.1797,-7.2343,0.0],[112.1796,-7.2342,0.0],[112.1797,-7.2347,0.0],[112.1797,-7.2343,0.0]],[[112.2314,-7.088,0.0],[112.2345,-7.0863,0.0],[112.2372,-7.0826,0.0],[112.2314,-7.088,0.0]],[[112.2423,-7.0827,0.0],[112.243,-7.0802,0.0],[112.2428,-7.0802,0.0],[112.2423,-7.0827,0.0]],[[112.2434,-7.0802,0.0],[112.2503,-7.0812,0.0],[112.2447,-7.0801,0.0],[112.2434,-7.0802,0.0]],[[112.2836,-7.0779,0.0],[112.2886,-7.0753,0.0],[112.2873,-7.0751,0.0],[112.2836,-7.0779,0.0]],[[112.2889,-7.0752,0.0],[112.2891,-7.0751,0.0],[112.2913,-7.0692,0.0],[112.2889,-7.0752,0.0]],[[112.2932,-7.0644,0.0],[112.2933,-7.0641,0.0],[112.2933,-7.0599,0.0],[112.2932,-7.0644,0.0]],[[112.2972,-7.0518,0.0],[112.2984,-7.0411,0.0],[112.2984,-7.0411,0.0],[112.2972,-7.0518,0.0]],[[112.2437,-7.1444,0.0],[112.2438,-7.1419,0.0],[112.2432,-7.1439,0.0],[112.2437,-7.1444,0.0]],[[112.248,-7.142,0.0],[112.2488,-7.1376,0.0],[112.2477,-7.142,0.0],[112.248,-7.142,0.0]],[[112.2633,-7.1339,0.0],[112.2636,-7.1332,0.0],[112.2618,-7.1321,0.0],[112.2633,-7.1339,0.0]],[[112.2847,-7.1193,0.0],[112.2847,-7.1192,0.0],[112.2818,-7.1303,0.0],[112.2847,-7.1193,0.0]],[[112.2955,-7.1252,0.0],[112.2954,-7.1307,0.0],[112.2956,-7.1308,0.0],[112.2955,-7.1252,0.0]],[[112.2984,-7.1331,0.0],[112.2991,-7.1331,0.0],[112.2967,-7.1317,0.0],[112.2984,-7.1331,0.0]],[[112.3082,-7.1305,0.0],[112.3086,-7.1299,0.0],[112.3052,-7.1305,0.0],[112.3082,-7.1305,0.0]],[[112.3138,-7.1229,0.0],[112.3134,-7.125,0.0],[112.3161,-7.124,0.0],[112.3138,-7.1229,0.0]],[[112.3158,-7.0673,0.0],[112.3157,-7.0672,0.0],[112.3148,-7.0704,0.0],[112.3158,-7.0673,0.0]],[[112.2585,-7.1214,0.0],[112.2585,-7.1212,0.0],[112.2585,-7.1212,0.0],[112.2585,-7.1214,0.0]],[[112.2286,-7.0173,0.0],[112.2282,-7.0176,0.0],[112.2284,-7.0179,0.0],[112.2286,-7.0173,0.0]],[[112.2439,-7.0156,0.0],[112.2446,-7.0156,0.0],[112.239,-7.0114,0.0],[112.2439,-7.0156,0.0]],[[112.2461,-7.0157,0.0],[112.249,-7.0144,0.0],[112.2453,-7.0157,0.0],[112.2461,-7.0157,0.0]],[[112.2623,-7.0083,0.0],[112.2618,-7.0083,0.0],[112.2602,-7.0093,0.0],[112.2623,-7.0083,0.0]],[[112.2666,-7.0131,0.0],[112.2631,-7.0084,0.0],[112.2628,-7.0083,0.0],[112.2666,-7.0131,0.0]],[[112.3017,-6.9665,0.0],[112.3,-6.966,0.0],[112.2994,-6.9664,0.0],[112.3017,-6.9665,0.0]],[[112.2456,-7.0429,0.0],[112.237,-7.0421,0.0],[112.2419,-7.043,0.0],[112.2456,-7.0429,0.0]],[[112.246,-7.0383,0.0],[112.2459,-7.0383,0.0],[112.2456,-7.0429,0.0],[112.246,-7.0383,0.0]],[[112.259,-7.0323,0.0],[112.2589,-7.0368,0.0],[112.2592,-7.0366,0.0],[112.259,-7.0323,0.0]],[[112.2661,-7.0197,0.0],[112.266,-7.0199,0.0],[112.2781,-7.0202,0.0],[112.2661,-7.0197,0.0]],[[112.2951,-7.0174,0.0],[112.2942,-7.0175,0.0],[112.2951,-7.0177,0.0],[112.2951,-7.0174,0.0]],[[112.2968,-7.0245,0.0],[112.296,-7.0238,0.0],[112.296,-7.0242,0.0],[112.2968,-7.0245,0.0]],[[112.3158,-7.0281,0.0],[112.3029,-7.0272,0.0],[112.3154,-7.0285,0.0],[112.3158,-7.0281,0.0]],[[112.3206,-7.0284,0.0],[112.3181,-7.0283,0.0],[112.3203,-7.0289,0.0],[112.3206,-7.0284,0.0]],[[112.2309,-6.957,0.0],[112.2223,-6.9548,0.0],[112.2303,-6.9572,0.0],[112.2309,-6.957,0.0]],[[112.2341,-6.955,0.0],[112.2317,-6.9568,0.0],[112.2319,-6.9567,0.0],[112.2341,-6.955,0.0]],[[112.2726,-6.9431,0.0],[112.2677,-6.939,0.0],[112.2724,-6.943,0.0],[112.2726,-6.9431,0.0]],[[112.2782,-6.9436,0.0],[112.2733,-6.9433,0.0],[112.2757,-6.944,0.0],[112.2782,-6.9436,0.0]],[[112.3814,-7.0967,0.0],[112.3799,-7.1025,0.0],[112.3814,-7.0967,0.0],[112.3814,-7.0967,0.0]],[[112.3956,-7.1045,0.0],[112.3956,-7.1038,0.0],[112.395,-7.1045,0.0],[112.3956,-7.1045,0.0]],[[112.4222,-7.0937,0.0],[112.4213,-7.0954,0.0],[112.4197,-7.1002,0.0],[112.4222,-7.0937,0.0]],[[112.4296,-7.078,0.0],[112.4288,-7.0784,0.0],[112.4294,-7.0784,0.0],[112.4296,-7.078,0.0]],[[112.4312,-7.0721,0.0],[112.4307,-7.0759,0.0],[112.4309,-7.0755,0.0],[112.4312,-7.0721,0.0]],[[112.4306,-7.0696,0.0],[112.4314,-7.0705,0.0],[112.4319,-7.0699,0.0],[112.4306,-7.0696,0.0]],[[112.4322,-7.0681,0.0],[112.4322,-7.0685,0.0],[112.4323,-7.0684,0.0],[112.4322,-7.0681,0.0]],[[112.43,-7.0635,0.0],[112.432,-7.0662,0.0],[112.4324,-7.066,0.0],[112.43,-7.0635,0.0]],[[112.4349,-7.0614,0.0],[112.4349,-7.0614,0.0],[112.4409,-7.0611,0.0],[112.4349,-7.0614,0.0]],[[112.4455,-7.058,0.0],[112.4455,-7.0584,0.0],[112.4459,-7.0579,0.0],[112.4455,-7.058,0.0]],[[112.4474,-7.0572,0.0],[112.4469,-7.0574,0.0],[112.4476,-7.0578,0.0],[112.4474,-7.0572,0.0]],[[112.4498,-7.0633,0.0],[112.4496,-7.0628,0.0],[112.4497,-7.0632,0.0],[112.4498,-7.0633,0.0]],[[112.4569,-7.0632,0.0],[112.4521,-7.0638,0.0],[112.45,-7.0635,0.0],[112.451,-7.0642,0.0],[112.4569,-7.0632,0.0]],[[112.4551,-7.0505,0.0],[112.4533,-7.0517,0.0],[112.4552,-7.0505,0.0],[112.4551,-7.0505,0.0]],[[112.4599,-7.0505,0.0],[112.4556,-7.0505,0.0],[112.4599,-7.0506,0.0],[112.4599,-7.0505,0.0]],[[112.4632,-7.047,0.0],[112.4628,-7.0474,0.0],[112.4637,-7.0471,0.0],[112.4632,-7.047,0.0]],[[112.4664,-7.0476,0.0],[112.4649,-7.0473,0.0],[112.4693,-7.0508,0.0],[112.4664,-7.0476,0.0]],[[112.4922,-7.0491,0.0],[112.4832,-7.0523,0.0],[112.4834,-7.0523,0.0],[112.4922,-7.0491,0.0]],[[112.5034,-7.0466,0.0],[112.5026,-7.0478,0.0],[112.504,-7.0465,0.0],[112.5034,-7.0466,0.0]],[[112.3813,-7.155,0.0],[112.3817,-7.1572,0.0],[112.3821,-7.1571,0.0],[112.3813,-7.155,0.0]],[[112.3884,-7.1528,0.0],[112.3865,-7.153,0.0],[112.3863,-7.1534,0.0],[112.3884,-7.1528,0.0]],[[112.3863,-7.1536,0.0],[112.3858,-7.1549,0.0],[112.3864,-7.1548,0.0],[112.3863,-7.1536,0.0]],[[112.4085,-7.1478,0.0],[112.4135,-7.1483,0.0],[112.4136,-7.1482,0.0],[112.4085,-7.1478,0.0]],[[112.4143,-7.1476,0.0],[112.4153,-7.1467,0.0],[112.4162,-7.1452,0.0],[112.4143,-7.1476,0.0]],[[112.417,-7.1441,0.0],[112.4171,-7.144,0.0],[112.4157,-7.142,0.0],[112.417,-7.1441,0.0]],[[112.4212,-7.1394,0.0],[112.4212,-7.1394,0.0],[112.4212,-7.1391,0.0],[112.4212,-7.1394,0.0]],[[112.4215,-7.1356,0.0],[112.422,-7.1347,0.0],[112.422,-7.1306,0.0],[112.4215,-7.1356,0.0]],[[112.4221,-7.1298,0.0],[112.4321,-7.1215,0.0],[112.4221,-7.1297,0.0],[112.4221,-7.1298,0.0]],[[112.437,-7.1354,0.0],[112.437,-7.1355,0.0],[112.4386,-7.1343,0.0],[112.437,-7.1354,0.0]],[[112.4388,-7.134,0.0],[112.4395,-7.1327,0.0],[112.439,-7.1331,0.0],[112.4388,-7.134,0.0]],[[112.4403,-7.1329,0.0],[112.4454,-7.1338,0.0],[112.4395,-7.1327,0.0],[112.4403,-7.1329,0.0]],[[112.4326,-7.1575,0.0],[112.4324,-7.1578,0.0],[112.4345,-7.1583,0.0],[112.4326,-7.1575,0.0]],[[112.4346,-7.1583,0.0],[112.435,-7.1606,0.0],[112.4347,-7.1583,0.0],[112.4346,-7.1583,0.0]],[[112.4515,-7.1708,0.0],[112.4445,-7.1744,0.0],[112.4516,-7.1711,0.0],[112.4515,-7.1708,0.0]],[[112.4197,-7.1906,0.0],[112.4192,-7.1904,0.0],[112.4191,-7.1916,0.0],[112.4197,-7.1906,0.0]],[[112.4188,-7.1971,0.0],[112.4188,-7.1976,0.0],[112.4189,-7.1976,0.0],[112.4188,-7.1971,0.0]],[[112.4369,-7.2147,0.0],[112.4416,-7.2165,0.0],[112.4416,-7.2164,0.0],[112.4369,-7.2147,0.0]],[[112.3439,-7.244,0.0],[112.3439,-7.2441,0.0],[112.348,-7.2356,0.0],[112.3439,-7.244,0.0]],[[112.3909,-7.1703,0.0],[112.3893,-7.1699,0.0],[112.3893,-7.1699,0.0],[112.3909,-7.1703,0.0]],[[112.3906,-7.19,0.0],[112.3901,-7.1899,0.0],[112.3905,-7.1906,0.0],[112.3906,-7.19,0.0]],[[112.3904,-7.1918,0.0],[112.3905,-7.1915,0.0],[112.39,-7.1919,0.0],[112.3904,-7.1918,0.0]],[[112.4499,-7.1276,0.0],[112.4496,-7.1276,0.0],[112.4491,-7.1304,0.0],[112.4499,-7.1276,0.0]],[[112.4572,-7.0631,0.0],[112.4572,-7.0631,0.0],[112.4577,-7.0648,0.0],[112.4572,-7.0631,0.0]],[[112.3791,-6.9929,0.0],[112.3791,-6.9929,0.0],[112.3804,-6.9932,0.0],[112.3791,-6.9929,0.0]],[[112.3804,-6.9964,0.0],[112.3823,-6.9987,0.0],[112.3815,-6.9964,0.0],[112.3804,-6.9964,0.0]],[[112.3842,-7.0035,0.0],[112.3846,-7.005,0.0],[112.3846,-7.0047,0.0],[112.3842,-7.0035,0.0]],[[112.3744,-7.0158,0.0],[112.3733,-7.0159,0.0],[112.3737,-7.016,0.0],[112.3744,-7.0158,0.0]],[[112.3538,-7.036,0.0],[112.3529,-7.0363,0.0],[112.354,-7.036,0.0],[112.3538,-7.036,0.0]],[[112.3476,-7.0423,0.0],[112.3397,-7.0441,0.0],[112.3469,-7.0429,0.0],[112.3476,-7.0423,0.0]],[[112.3455,-7.0567,0.0],[112.3453,-7.0566,0.0],[112.3453,-7.0574,0.0],[112.3455,-7.0567,0.0]],[[112.3493,-7.0558,0.0],[112.3515,-7.0553,0.0],[112.3516,-7.0548,0.0],[112.3493,-7.0558,0.0]],[[112.4041,-7.0476,0.0],[112.4104,-7.0451,0.0],[112.4102,-7.045,0.0],[112.4041,-7.0476,0.0]],[[112.4118,-7.0453,0.0],[112.4159,-7.047,0.0],[112.4139,-7.0457,0.0],[112.4118,-7.0453,0.0]],[[112.4122,-7.0253,0.0],[112.4141,-7.0242,0.0],[112.4121,-7.0251,0.0],[112.4122,-7.0253,0.0]],[[112.4278,-7.055,0.0],[112.4278,-7.0546,0.0],[112.4212,-7.0468,0.0],[112.4278,-7.055,0.0]],[[112.4287,-7.062,0.0],[112.4283,-7.0616,0.0],[112.4234,-7.0598,0.0],[112.4287,-7.062,0.0]],[[112.4774,-7.0454,0.0],[112.478,-7.0438,0.0],[112.478,-7.0438,0.0],[112.4774,-7.0454,0.0]],[[112.478,-7.0437,0.0],[112.4778,-7.0435,0.0],[112.4776,-7.0445,0.0],[112.478,-7.0437,0.0]],[[112.3212,-6.8917,0.0],[112.3253,-6.8874,0.0],[112.3253,-6.8873,0.0],[112.3212,-6.8917,0.0]],[[112.3383,-6.9128,0.0],[112.3379,-6.9174,0.0],[112.3408,-6.9033,0.0],[112.3383,-6.9128,0.0]],[[112.3394,-6.9178,0.0],[112.3437,-6.9166,0.0],[112.3379,-6.9174,0.0],[112.3394,-6.9178,0.0]],[[112.3582,-6.9041,0.0],[112.3581,-6.9041,0.0],[112.3536,-6.91,0.0],[112.3582,-6.9041,0.0]],[[112.389,-6.9054,0.0],[112.3897,-6.8981,0.0],[112.3888,-6.9053,0.0],[112.389,-6.9054,0.0]],[[112.4005,-6.9017,0.0],[112.3935,-6.8973,0.0],[112.3932,-6.8974,0.0],[112.4005,-6.9017,0.0]],[[112.4274,-6.9,0.0],[112.4291,-6.901,0.0],[112.4262,-6.8972,0.0],[112.4274,-6.9,0.0]]],[[[112.4468,-6.8735,0.0],[112.455,-6.8785,0.0],[112.4561,-6.8836,0.0],[112.4486,-6.8793,0.0],[112.4468,-6.8735,0.0]]]]}},{"type":"Feature","properties":{"kab_kota":"Kota Surabaya","kode":"kota-surabaya"},"geometry":{"type":"Polygon","coordinates":[[[112.6578,-7.331,0.0],[112.6482,-7.3335,0.0],[112.6492,-7.3146,0.0],[112.6301,-7.3146,0.0],[112.6297,-7.2888,0.0],[112.6253,-7.2896,0.0],[112.6217,-7.2827,0.0],[112.6348,-7.2637,0.0],[112.6323,-7.2587,0.0],[112.6251,-7.2607,0.0],[112.6018,-7.2463,0.0],[112.6072,-7.2372,0.0],[112.5969,-7.2235,0.0],[112.5918,-7.2235,0.0],[112.5901,-7.2152,0.0],[112.5992,-7.2233,0.0],[112.6011,-7.2162,0.0],[112.5947,-7.2146,0.0],[112.6009,-7.2129,0.0],[112.5971,-7.2043,0.0],[112.6014,-7.2025,0.0],[112.6054,-7.2076,0.0],[112.608,-7.2023,0.0],[112.6103,-7.208,0.0],[112.613,-7.2007,0.0],[112.6153,-7.2077,0.0],[112.6203,-7.2017,0.0],[112.6199,-7.2087,0.0],[112.6243,-7.2076,0.0],[112.6257,-7.2016,0.0],[112.6215,-7.201,0.0],[112.6267,-7.1963,0.0],[112.6632,-7.1932,0.0],[112.6623,-7.2101,0.0],[112.6775,-7.1904,0.0],[112.6825,-7.1966,0.0],[112.6767,-7.1962,0.0],[112.662,-7.2111,0.0],[112.6671,-7.2218,0.0],[112.68,-7.2214,0.0],[112.685,-7.2256,0.0],[112.7031,-7.2203,0.0],[112.7071,-7.2305,0.0],[112.7062,-7.2249,0.0],[112.7154,-7.2138,0.0],[112.7132,-7.2073,0.0],[112.7221,-7.2113,0.0],[112.7175,-7.1991,0.0],[112.7269,-7.2095,0.0],[112.7244,-7.2033,0.0],[112.7305,-7.2087,0.0],[112.732,-7.1997,0.0],[112.7236,-7.198,0.0],[112.7343,-7.1963,0.0],[112.7381,-7.2239,0.0],[112.7357,-7.196,0.0],[112.739,-7.2036,0.0],[112.739,-7.1988,0.0],[112.7447,-7.202,0.0],[112.7394,-7.195,0.0],[112.7477,-7.1943,0.0],[112.7516,-7.1997,0.0],[112.7566,-7.1982,0.0],[112.7581,-7.2036,0.0],[112.757,-7.1977,0.0],[112.7634,-7.1958,0.0],[112.78,-7.2087,0.0],[112.804,-7.2515,0.0],[112.8127,-7.255,0.0],[112.8161,-7.2493,0.0],[112.8227,-7.2575,0.0],[112.8336,-7.2595,0.0],[112.837,-7.2674,0.0],[112.8183,-7.2724,0.0],[112.8381,-7.2675,0.0],[112.8468,-7.287,0.0],[112.8426,-7.3167,0.0],[112.8359,-7.3201,0.0],[112.8279,-7.3428,0.0],[112.7936,-7.3464,0.0],[112.7549,-7.3374,0.0],[112.7535,-7.3422,0.0],[112.742,-7.3407,0.0],[112.742,-7.3452,0.0],[112.7366,-7.3426,0.0],[112.7332,-7.3481,0.0],[112.7258,-7.3483,0.0],[112.7043,-7.3365,0.0],[112.6775,-7.3508,0.0],[112.6646,-7.3514,0.0],[112.665,-7.3404,0.0],[112.6578,-7.331,0.0]],[[112.8396,-7.3099,0.0],[112.84,-7.3098,0.0],[112.8435,-7.3056,0.0],[112.8396,-7.3099,0.0]],[[112.7439,-7.3227,0.0],[112.7421,-7.3354,0.0],[112.742,-7.3407,0.0],[112.7439,-7.3227,0.0]],[[112.7446,-7.2374,0.0],[112.7433,-7.2334,0.0],[112.743,-7.234,0.0],[112.7446,-7.2374,0.0]],[[112.7468,-7.2483,0.0],[112.7473,-7.2436,0.0],[112.7473,-7.2435,0.0],[112.7468,-7.2483,0.0]],[[112.7425,-7.2449,0.0],[112.7418,-7.2481,0.0],[112.7421,-7.2477,0.0],[112.7425,-7.2449,0.0]],[[112.7372,-7.2525,0.0],[112.7382,-7.2556,0.0],[112.7373,-7.2524,0.0],[112.7372,-7.2525,0.0]],[[112.7437,-7.2759,0.0],[112.7441,-7.2768,0.0],[112.7445,-7.2733,0.0],[112.7437,-7.2759,0.0]],[[112.7455,-7.2868,0.0],[112.7472,-7.2848,0.0],[112.7471,-7.2846,0.0],[112.7455,-7.2868,0.0]],[[112.7359,-7.2896,0.0],[112.7424,-7.2902,0.0],[112.7425,-7.2901,0.0],[112.7359,-7.2896,0.0]],[[112.7264,-7.2749,0.0],[112.7278,-7.2781,0.0],[112.7318,-7.2813,0.0],[112.7264,-7.2749,0.0]],[[112.7302,-7.284,0.0],[112.7302,-7.2839,0.0],[112.7301,-7.2837,0.0],[112.7302,-7.284,0.0]],[[112.7287,-7.2922,0.0],[112.7287,-7.2922,0.0],[112.7304,-7.2892,0.0],[112.7287,-7.2922,0.0]],[[112.7134,-7.2904,0.0],[112.7246,-7.2939,0.0],[112.7252,-7.2918,0.0],[112.7134,-7.2904,0.0]],[[112.7209,-7.296,0.0],[112.7196,-7.308,0.0],[112.72,-7.308,0.0],[112.7209,-7.296,0.0]],[[112.7206,-7.308,0.0],[112.724,-7.3076,0.0],[112.7203,-7.308,0.0],[112.7206,-7.308,0.0]],[[112.7299,-7.3101,0.0],[112.7332,-7.3104,0.0],[112.724,-7.3076,0.0],[112.7299,-7.3101,0.0]],[[112.7294,-7.3394,0.0],[112.7366,-7.3114,0.0],[112.7351,-7.311,0.0],[112.7294,-7.3394,0.0]],[[112.6387,-7.2589,0.0],[112.6356,-7.2636,0.0],[112.6364,-7.2635,0.0],[112.6387,-7.2589,0.0]],[[112.6509,-7.258,0.0],[112.6465,-7.2581,0.0],[112.6511,-7.2581,0.0],[112.6509,-7.258,0.0]],[[112.6514,-7.264,0.0],[112.6531,-7.2587,0.0],[112.6527,-7.2586,0.0],[112.6514,-7.264,0.0]],[[112.6553,-7.2641,0.0],[112.6626,-7.2649,0.0],[112.6588,-7.2612,0.0],[112.6553,-7.2641,0.0]],[[112.6673,-7.2635,0.0],[112.6664,-7.2666,0.0],[112.6673,-7.2635,0.0],[112.6673,-7.2635,0.0]],[[112.6764,-7.2673,0.0],[112.6756,-7.2618,0.0],[112.6761,-7.2673,0.0],[112.6764,-7.2673,0.0]],[[112.6791,-7.2743,0.0],[112.6777,-7.272,0.0],[112.6785,-7.274,0.0],[112.6791,-7.2743,0.0]],[[112.6842,-7.277,0.0],[112.6844,-7.2763,0.0],[112.68,-7.2748,0.0],[112.6842,-7.277,0.0]],[[112.6794,-7.2802,0.0],[112.6792,-7.281,0.0],[112.6842,-7.277,0.0],[112.6794,-7.2802,0.0]],[[112.7078,-7.2851,0.0],[112.7039,-7.2823,0.0],[112.7069,-7.2886,0.0],[112.7078,-7.2851,0.0]],[[112.7081,-7.2758,0.0],[112.7087,-7.2726,0.0],[112.7074,-7.279,0.0],[112.7081,-7.2758,0.0]],[[112.6677,-7.2932,0.0],[112.6713,-7.2921,0.0],[112.6726,-7.2914,0.0],[112.6677,-7.2932,0.0]],[[112.6718,-7.317,0.0],[112.6718,-7.3171,0.0],[112.6751,-7.3173,0.0],[112.6718,-7.317,0.0]],[[112.69,-7.324,0.0],[112.6901,-7.3236,0.0],[112.69,-7.324,0.0],[112.69,-7.324,0.0]],[[112.6904,-7.3224,0.0],[112.6977,-7.3239,0.0],[112.6904,-7.3224,0.0],[112.6904,-7.3224,0.0]],[[112.7116,-7.3107,0.0],[112.7136,-7.3078,0.0],[112.7118,-7.3096,0.0],[112.7116,-7.3107,0.0]],[[112.7187,-7.308,0.0],[112.7074,-7.3069,0.0],[112.7136,-7.3078,0.0],[112.7187,-7.308,0.0]],[[112.666,-7.3304,0.0],[112.6635,-7.3296,0.0],[112.6623,-7.3299,0.0],[112.666,-7.3304,0.0]],[[112.6669,-7.3346,0.0],[112.6674,-7.3349,0.0],[112.666,-7.3304,0.0],[112.6669,-7.3346,0.0]],[[112.6688,-7.3355,0.0],[112.669,-7.3354,0.0],[112.6681,-7.3352,0.0],[112.6688,-7.3355,0.0]],[[112.7103,-7.3289,0.0],[112.7104,-7.3287,0.0],[112.7113,-7.3133,0.0],[112.7103,-7.3289,0.0]],[[112.7176,-7.3354,0.0],[112.7172,-7.3354,0.0],[112.7166,-7.337,0.0],[112.7176,-7.3354,0.0]],[[112.7189,-7.3336,0.0],[112.7193,-7.3287,0.0],[112.7186,-7.334,0.0],[112.7189,-7.3336,0.0]],[[112.6739,-7.2865,0.0],[112.6736,-7.2826,0.0],[112.6736,-7.2826,0.0],[112.6739,-7.2865,0.0]],[[112.6783,-7.2838,0.0],[112.6783,-7.2837,0.0],[112.6758,-7.2831,0.0],[112.6783,-7.2838,0.0]],[[112.6587,-7.261,0.0],[112.6587,-7.2609,0.0],[112.6587,-7.2609,0.0],[112.6587,-7.261,0.0]],[[112.6547,-7.2444,0.0],[112.6548,-7.2418,0.0],[112.6544,-7.2422,0.0],[112.6547,-7.2444,0.0]],[[112.6892,-7.2542,0.0],[112.6915,-7.253,0.0],[112.692,-7.2521,0.0],[112.6892,-7.2542,0.0]],[[112.7149,-7.2556,0.0],[112.7116,-7.253,0.0],[112.7126,-7.2666,0.0],[112.7149,-7.2556,0.0]],[[112.7174,-7.2469,0.0],[112.7177,-7.2469,0.0],[112.7176,-7.2462,0.0],[112.7174,-7.2469,0.0]],[[112.7209,-7.2472,0.0],[112.7206,-7.2369,0.0],[112.7204,-7.2369,0.0],[112.7209,-7.2472,0.0]],[[112.7265,-7.2379,0.0],[112.7267,-7.2407,0.0],[112.7268,-7.2408,0.0],[112.7265,-7.2379,0.0]],[[112.7273,-7.2414,0.0],[112.7285,-7.2428,0.0],[112.7295,-7.243,0.0],[112.7273,-7.2414,0.0]],[[112.7361,-7.2446,0.0],[112.7362,-7.2447,0.0],[112.7362,-7.2447,0.0],[112.7361,-7.2446,0.0]],[[112.6854,-7.273,0.0],[112.6838,-7.2745,0.0],[112.684,-7.2745,0.0],[112.6854,-7.273,0.0]],[[112.6859,-7.2665,0.0],[112.6859,-7.2665,0.0],[112.6854,-7.273,0.0],[112.6859,-7.2665,0.0]],[[112.6904,-7.2555,0.0],[112.6896,-7.2569,0.0],[112.6875,-7.2661,0.0],[112.6904,-7.2555,0.0]],[[112.7132,-7.2692,0.0],[112.7117,-7.2689,0.0],[112.7131,-7.2694,0.0],[112.7132,-7.2692,0.0]],[[112.7139,-7.2668,0.0],[112.7134,-7.2689,0.0],[112.7136,-7.2682,0.0],[112.7139,-7.2668,0.0]],[[112.6625,-7.236,0.0],[112.6625,-7.2359,0.0],[112.6604,-7.236,0.0],[112.6625,-7.236,0.0]],[[112.6629,-7.2348,0.0],[112.6626,-7.2336,0.0],[112.6626,-7.2358,0.0],[112.6629,-7.2348,0.0]],[[112.6665,-7.2225,0.0],[112.6666,-7.2224,0.0],[112.6639,-7.2225,0.0],[112.6665,-7.2225,0.0]],[[112.7099,-7.2324,0.0],[112.7103,-7.2321,0.0],[112.7101,-7.232,0.0],[112.7099,-7.2324,0.0]],[[112.708,-7.236,0.0],[112.708,-7.236,0.0],[112.7081,-7.2358,0.0],[112.708,-7.236,0.0]],[[112.711,-7.236,0.0],[112.711,-7.2358,0.0],[112.71,-7.236,0.0],[112.711,-7.236,0.0]],[[112.717,-7.2431,0.0],[112.717,-7.2429,0.0],[112.7169,-7.2429,0.0],[112.717,-7.2431,0.0]],[[112.626,-7.2182,0.0],[112.6278,-7.2124,0.0],[112.6276,-7.2123,0.0],[112.626,-7.2182,0.0]],[[112.6327,-7.2232,0.0],[112.6348,-7.2205,0.0],[112.6347,-7.2205,0.0],[112.6327,-7.2232,0.0]],[[112.6349,-7.2257,0.0],[112.6323,-7.2382,0.0],[112.6327,-7.2232,0.0],[112.6349,-7.2257,0.0]],[[112.7261,-7.2164,0.0],[112.7262,-7.2166,0.0],[112.731,-7.2212,0.0],[112.7261,-7.2164,0.0]],[[112.7382,-7.2316,0.0],[112.7379,-7.2382,0.0],[112.7389,-7.2343,0.0],[112.7382,-7.2316,0.0]],[[112.7379,-7.239,0.0],[112.7379,-7.2391,0.0],[112.7382,-7.2398,0.0],[112.7379,-7.239,0.0]],[[112.7397,-7.2433,0.0],[112.7426,-7.244,0.0],[112.7394,-7.2425,0.0],[112.7397,-7.2433,0.0]],[[112.7764,-7.2641,0.0],[112.7766,-7.2641,0.0],[112.764,-7.2628,0.0],[112.7764,-7.2641,0.0]],[[112.7781,-7.2661,0.0],[112.7776,-7.2656,0.0],[112.778,-7.2661,0.0],[112.7781,-7.2661,0.0]],[[112.7619,-7.3062,0.0],[112.7627,-7.2907,0.0],[112.7623,-7.2772,0.0],[112.7619,-7.3062,0.0]],[[112.8052,-7.2844,0.0],[112.8007,-7.2844,0.0],[112.8037,-7.2852,0.0],[112.8052,-7.2844,0.0]],[[112.7399,-7.3116,0.0],[112.7404,-7.3116,0.0],[112.7405,-7.3113,0.0],[112.7399,-7.3116,0.0]],[[112.7659,-7.3072,0.0],[112.7727,-7.309,0.0],[112.7736,-7.3092,0.0],[112.7659,-7.3072,0.0]],[[112.7804,-7.3106,0.0],[112.7809,-7.3107,0.0],[112.7918,-7.3075,0.0],[112.7804,-7.3106,0.0]],[[112.8059,-7.3085,0.0],[112.8031,-7.3075,0.0],[112.7918,-7.3075,0.0],[112.8059,-7.3085,0.0]],[[112.8069,-7.3086,0.0],[112.8076,-7.3086,0.0],[112.8079,-7.3079,0.0],[112.8069,-7.3086,0.0]],[[112.8083,-7.3071,0.0],[112.8084,-7.3069,0.0],[112.806,-7.3024,0.0],[112.8083,-7.3071,0.0]],[[112.8098,-7.299,0.0],[112.8151,-7.3009,0.0],[112.8101,-7.2987,0.0],[112.8098,-7.299,0.0]],[[112.8168,-7.3017,0.0],[112.8165,-7.3016,0.0],[112.8225,-7.3069,0.0],[112.8168,-7.3017,0.0]],[[112.8268,-7.3078,0.0],[112.838,-7.3101,0.0],[112.8384,-7.31,0.0],[112.8268,-7.3078,0.0]],[[112.7686,-7.3106,0.0],[112.7687,-7.3136,0.0],[112.769,-7.3136,0.0],[112.7686,-7.3106,0.0]],[[112.7715,-7.2854,0.0],[112.7707,-7.2895,0.0],[112.7719,-7.2854,0.0],[112.7715,-7.2854,0.0]],[[112.7516,-7.2446,0.0],[112.7519,-7.245,0.0],[112.7517,-7.2446,0.0],[112.7516,-7.2446,0.0]],[[112.7532,-7.249,0.0],[112.7531,-7.2514,0.0],[112.7533,-7.2492,0.0],[112.7532,-7.249,0.0]],[[112.7694,-7.2372,0.0],[112.7706,-7.2357,0.0],[112.7714,-7.2331,0.0],[112.7694,-7.2372,0.0]],[[112.778,-7.2331,0.0],[112.7795,-7.2331,0.0],[112.7795,-7.233,0.0],[112.778,-7.2331,0.0]],[[112.7772,-7.2627,0.0],[112.7764,-7.2627,0.0],[112.7767,-7.2639,0.0],[112.7772,-7.2627,0.0]],[[112.7875,-7.2499,0.0],[112.7878,-7.2496,0.0],[112.7836,-7.249,0.0],[112.7875,-7.2499,0.0]],[[112.7573,-7.2308,0.0],[112.7547,-7.2352,0.0],[112.7524,-7.233,0.0],[112.7548,-7.2358,0.0],[112.7579,-7.2355,0.0],[112.7573,-7.2308,0.0]],[[112.7628,-7.235,0.0],[112.7626,-7.2346,0.0],[112.7586,-7.2355,0.0],[112.7628,-7.235,0.0]],[[112.7861,-7.2335,0.0],[112.7851,-7.232,0.0],[112.7853,-7.234,0.0],[112.7861,-7.2335,0.0]],[[112.7834,-7.2261,0.0],[112.7827,-7.227,0.0],[112.784,-7.2253,0.0],[112.7834,-7.2261,0.0]],[[112.7869,-7.2234,0.0],[112.7861,-7.2263,0.0],[112.7862,-7.2263,0.0],[112.7869,-7.2234,0.0]],[[112.7844,-7.223,0.0],[112.7841,-7.2232,0.0],[112.7869,-7.2234,0.0],[112.7844,-7.223,0.0]],[[112.7825,-7.2269,0.0],[112.7828,-7.2263,0.0],[112.7827,-7.2263,0.0],[112.7825,-7.2269,0.0]],[[112.7828,-7.226,0.0],[112.7839,-7.2237,0.0],[112.7841,-7.2217,0.0],[112.7828,-7.226,0.0]],[[112.78,-7.2199,0.0],[112.7775,-7.2189,0.0],[112.7841,-7.2217,0.0],[112.78,-7.2199,0.0]]]}},{"type":"Feature","properties":{"kab_kota":"Malang","kode":"kab-malang"},"geometry":{"type":"MultiPolygon","coordinates":[[[[112.521,-8.4056,0.0],[112.521,-8.4052,0.0],[112.5217,-8.4054,0.0],[112.521,-8.4056,0.0]]],[[[112.5297,-8.4049,0.0],[112.5298,-8.4049,0.0],[112.5298,-8.4052,0.0],[112.5297,-8.4049,0.0]]],[[[112.5209,-8.4036,0.0],[112.5217,-8.4037,0.0],[112.5211,-8.4039,0.0],[112.5209,-8.4036,0.0]]],[[[112.4977,-8.4032,0.0],[112.4973,-8.4035,0.0],[112.4973,-8.403,0.0],[112.4977,-8.4032,0.0]]],[[[112.4944,-8.4023,0.0],[112.4941,-8.4029,0.0],[112.4936,-8.4026,0.0],[112.4944,-8.4023,0.0]]],[[[112.521,-8.4015,0.0],[112.5209,-8.4014,0.0],[112.521,-8.4013,0.0],[112.521,-8.4015,0.0]]],[[[112.4452,-8.4002,0.0],[112.4452,-8.4006,0.0],[112.4449,-8.4006,0.0],[112.4452,-8.4002,0.0]]],[[[112.4853,-8.3996,0.0],[112.4848,-8.4003,0.0],[112.4844,-8.3994,0.0],[112.4853,-8.3996,0.0]]],[[[112.5214,-8.3995,0.0],[112.5214,-8.3998,0.0],[112.5209,-8.3997,0.0],[112.5214,-8.3995,0.0]]],[[[112.5189,-8.399,0.0],[112.5192,-8.3989,0.0],[112.5192,-8.399,0.0],[112.5189,-8.399,0.0]]],[[[112.4554,-8.399,0.0],[112.4554,-8.3984,0.0],[112.4558,-8.3984,0.0],[112.4554,-8.399,0.0]]],[[[112.4465,-8.3974,0.0],[112.4466,-8.3983,0.0],[112.446,-8.3984,0.0],[112.4465,-8.3974,0.0]]],[[[112.5131,-8.3977,0.0],[112.5129,-8.3978,0.0],[112.5129,-8.3976,0.0],[112.5131,-8.3977,0.0]]],[[[112.5172,-8.3975,0.0],[112.5169,-8.3976,0.0],[112.5169,-8.3973,0.0],[112.5172,-8.3975,0.0]]],[[[112.5184,-8.3974,0.0],[112.5185,-8.3972,0.0],[112.5187,-8.3973,0.0],[112.5184,-8.3974,0.0]]],[[[112.4821,-8.3963,0.0],[112.4817,-8.3969,0.0],[112.4819,-8.3962,0.0],[112.4821,-8.3963,0.0]]],[[[112.4492,-8.3965,0.0],[112.449,-8.3961,0.0],[112.4495,-8.3962,0.0],[112.4492,-8.3965,0.0]]],[[[112.477,-8.3961,0.0],[112.4769,-8.3956,0.0],[112.4771,-8.3958,0.0],[112.477,-8.3961,0.0]]],[[[112.463,-8.3958,0.0],[112.4629,-8.3958,0.0],[112.4629,-8.3957,0.0],[112.463,-8.3958,0.0]]],[[[112.4246,-8.3897,0.0],[112.4248,-8.3896,0.0],[112.4244,-8.3901,0.0],[112.4246,-8.3897,0.0]]],[[[112.4255,-8.3883,0.0],[112.4248,-8.3885,0.0],[112.425,-8.3874,0.0],[112.4255,-8.3883,0.0]]],[[[112.4238,-8.3872,0.0],[112.4235,-8.3872,0.0],[112.4235,-8.3871,0.0],[112.4238,-8.3872,0.0]]],[[[112.4245,-8.387,0.0],[112.4245,-8.3871,0.0],[112.4242,-8.3873,0.0],[112.4245,-8.387,0.0]]],[[[112.3962,-8.38,0.0],[112.3962,-8.3802,0.0],[112.396,-8.3802,0.0],[112.3962,-8.38,0.0]]],[[[112.3737,-8.3789,0.0],[112.3735,-8.3788,0.0],[112.3737,-8.3788,0.0],[112.3737,-8.3789,0.0]]],[[[112.3745,-8.3771,0.0],[112.3745,-8.3773,0.0],[112.3741,-8.3777,0.0],[112.3745,-8.3771,0.0]]],[[[112.3929,-8.3799,0.0],[112.3945,-8.3767,0.0],[112.3881,-8.372,0.0],[112.3831,-8.376,0.0],[112.3719,-8.3746,0.0],[112.3599,-8.3484,0.0],[112.3706,-8.3126,0.0],[112.3884,-8.2853,0.0],[112.3781,-8.2401,0.0],[112.3878,-8.2374,0.0],[112.3892,-8.2152,0.0],[112.383,-8.2078,0.0],[112.3827,-8.1914,0.0],[112.3671,-8.1832,0.0],[112.3668,-8.1749,0.0],[112.3905,-8.162,0.0],[112.3958,-8.1648,0.0],[112.4116,-8.1602,0.0],[112.4155,-8.1664,0.0],[112.4177,-8.1595,0.0],[112.4296,-8.1593,0.0],[112.4546,-8.1417,0.0],[112.4592,-8.1149,0.0],[112.4532,-8.0976,0.0],[112.4584,-8.0678,0.0],[112.4534,-8.0569,0.0],[112.4745,-8.0138,0.0],[112.4684,-7.9994,0.0],[112.4773,-7.9643,0.0],[112.4659,-7.9566,0.0],[112.4643,-7.9516,0.0],[112.4709,-7.945,0.0],[112.4679,-7.9472,0.0],[112.4521,-7.9264,0.0],[112.4469,-7.9314,0.0],[112.4322,-7.9303,0.0],[112.4072,-7.9503,0.0],[112.3705,-7.9572,0.0],[112.3627,-7.9562,0.0],[112.3634,-7.9511,0.0],[112.3556,-7.9454,0.0],[112.3389,-7.9446,0.0],[112.3134,-7.929,0.0],[112.3066,-7.9293,0.0],[112.3138,-7.9205,0.0],[112.3125,-7.9028,0.0],[112.3234,-7.8919,0.0],[112.3253,-7.8706,0.0],[112.3182,-7.8615,0.0],[112.3194,-7.8391,0.0],[112.3076,-7.8389,0.0],[112.3069,-7.7993,0.0],[112.2883,-7.7795,0.0],[112.2878,-7.7707,0.0],[112.2994,-7.7694,0.0],[112.3105,-7.7767,0.0],[112.3287,-7.7773,0.0],[112.3394,-7.7744,0.0],[112.3396,-7.7681,0.0],[112.3491,-7.7615,0.0],[112.3668,-7.7684,0.0],[112.3812,-7.7843,0.0],[112.3968,-7.7853,0.0],[112.4136,-7.7739,0.0],[112.4175,-7.7643,0.0],[112.4302,-7.7708,0.0],[112.4363,-7.7654,0.0],[112.4425,-7.7762,0.0],[112.4556,-7.7792,0.0],[112.463,-7.769,0.0],[112.4895,-7.7655,0.0],[112.4995,-7.8165,0.0],[112.4936,-7.8275,0.0],[112.4946,-7.854,0.0],[112.4868,-7.8587,0.0],[112.4878,-7.8776,0.0],[112.4773,-7.892,0.0],[112.4841,-7.9242,0.0],[112.4746,-7.9394,0.0],[112.4841,-7.9314,0.0],[112.5414,-7.9263,0.0],[112.5678,-7.9128,0.0],[112.5802,-7.9175,0.0],[112.5801,-7.9119,0.0],[112.595,-7.906,0.0],[112.5833,-7.8885,0.0],[112.5725,-7.8892,0.0],[112.5643,-7.8795,0.0],[112.5716,-7.8173,0.0],[112.5779,-7.808,0.0],[112.5834,-7.7709,0.0],[112.5928,-7.7648,0.0],[112.6324,-7.7976,0.0],[112.6542,-7.797,0.0],[112.6614,-7.8059,0.0],[112.7047,-7.8171,0.0],[112.7111,-7.8239,0.0],[112.7114,-7.819,0.0],[112.7329,-7.8181,0.0],[112.7331,-7.8226,0.0],[112.7391,-7.8239,0.0],[112.739,-7.8386,0.0],[112.7497,-7.8509,0.0],[112.76,-7.8544,0.0],[112.7621,-7.8762,0.0],[112.7749,-7.8702,0.0],[112.7807,-7.874,0.0],[112.7772,-7.8793,0.0],[112.7837,-7.9003,0.0],[112.8055,-7.9255,0.0],[112.8216,-7.9281,0.0],[112.828,-7.9357,0.0],[112.8405,-7.9387,0.0],[112.8532,-7.9337,0.0],[112.8565,-7.9397,0.0],[112.8811,-7.9473,0.0],[112.885,-7.9523,0.0],[112.9039,-7.947,0.0],[112.9129,-7.9567,0.0],[112.9154,-7.9513,0.0],[112.9352,-7.956,0.0],[112.9271,-7.9605,0.0],[112.9261,-7.9665,0.0],[112.9451,-7.9751,0.0],[112.9457,-7.9797,0.0],[112.9407,-7.9819,0.0],[112.9386,-7.9991,0.0],[112.9251,-8.0005,0.0],[112.9337,-8.0138,0.0],[112.9226,-8.032,0.0],[112.9156,-8.0323,0.0],[112.9106,-8.0386,0.0],[112.9091,-8.0517,0.0],[112.9001,-8.0619,0.0],[112.9054,-8.0809,0.0],[112.9134,-8.0807,0.0],[112.9203,-8.0879,0.0],[112.9219,-8.1079,0.0],[112.9148,-8.1091,0.0],[112.9235,-8.108,0.0],[112.9266,-8.1148,0.0],[112.9204,-8.1217,0.0],[112.9202,-8.1397,0.0],[112.9042,-8.1922,0.0],[112.9227,-8.2397,0.0],[112.9126,-8.2648,0.0],[112.9138,-8.2816,0.0],[112.9264,-8.3041,0.0],[112.941,-8.3152,0.0],[112.9363,-8.3233,0.0],[112.9375,-8.3349,0.0],[112.948,-8.345,0.0],[112.9459,-8.3503,0.0],[112.9491,-8.3559,0.0],[112.9466,-8.3602,0.0],[112.948,-8.3636,0.0],[112.9397,-8.3722,0.0],[112.9433,-8.3744,0.0],[112.9378,-8.3816,0.0],[112.9306,-8.3822,0.0],[112.9322,-8.3882,0.0],[112.9289,-8.385,0.0],[112.929,-8.3903,0.0],[112.9262,-8.3882,0.0],[112.9224,-8.3888,0.0],[112.9112,-8.3991,0.0],[112.9114,-8.3926,0.0],[112.9055,-8.3931,0.0],[112.9077,-8.3834,0.0],[112.8986,-8.3807,0.0],[112.8927,-8.3889,0.0],[112.8983,-8.4021,0.0],[112.8851,-8.4022,0.0],[112.8717,-8.4085,0.0],[112.8632,-8.3942,0.0],[112.8583,-8.402,0.0],[112.8542,-8.3998,0.0],[112.8475,-8.4054,0.0],[112.8438,-8.4004,0.0],[112.8515,-8.3914,0.0],[112.8461,-8.3879,0.0],[112.8482,-8.3776,0.0],[112.8446,-8.3765,0.0],[112.8394,-8.3858,0.0],[112.8388,-8.3723,0.0],[112.8297,-8.3694,0.0],[112.8201,-8.373,0.0],[112.8155,-8.3868,0.0],[112.8191,-8.3919,0.0],[112.8126,-8.4014,0.0],[112.8041,-8.3953,0.0],[112.7991,-8.4048,0.0],[112.7926,-8.4032,0.0],[112.7832,-8.3973,0.0],[112.7834,-8.3868,0.0],[112.7702,-8.3869,0.0],[112.7662,-8.3932,0.0],[112.7665,-8.4112,0.0],[112.7643,-8.4077,0.0],[112.7545,-8.4111,0.0],[112.7555,-8.4215,0.0],[112.7502,-8.4146,0.0],[112.7445,-8.4176,0.0],[112.7427,-8.4248,0.0],[112.7394,-8.4158,0.0],[112.7155,-8.4206,0.0],[112.7087,-8.4175,0.0],[112.7005,-8.4259,0.0],[112.6908,-8.4264,0.0],[112.6716,-8.4451,0.0],[112.6677,-8.4407,0.0],[112.6516,-8.4486,0.0],[112.6295,-8.4282,0.0],[112.6159,-8.4338,0.0],[112.6169,-8.4327,0.0],[112.6151,-8.4265,0.0],[112.6113,-8.4216,0.0],[112.594,-8.4164,0.0],[112.5863,-8.4182,0.0],[112.5732,-8.4074,0.0],[112.553,-8.4016,0.0],[112.5613,-8.3977,0.0],[112.5532,-8.4014,0.0],[112.5479,-8.4054,0.0],[112.529,-8.402,0.0],[112.5267,-8.4049,0.0],[112.5224,-8.4047,0.0],[112.5223,-8.3981,0.0],[112.5163,-8.3955,0.0],[112.5113,-8.3977,0.0],[112.5098,-8.3955,0.0],[112.506,-8.4035,0.0],[112.5027,-8.4046,0.0],[112.4836,-8.3951,0.0],[112.4711,-8.3928,0.0],[112.4644,-8.3964,0.0],[112.463,-8.3956,0.0],[112.4574,-8.3958,0.0],[112.4529,-8.3974,0.0],[112.4523,-8.3947,0.0],[112.4433,-8.3982,0.0],[112.4212,-8.3813,0.0],[112.4063,-8.3786,0.0],[112.3929,-8.3799,0.0]],[[112.5915,-7.9162,0.0],[112.5915,-7.9159,0.0],[112.5896,-7.9161,0.0],[112.5915,-7.9162,0.0]],[[112.5914,-7.9182,0.0],[112.5999,-7.9261,0.0],[112.599,-7.9363,0.0],[112.5738,-7.9354,0.0],[112.5689,-7.9389,0.0],[112.599,-7.9585,0.0],[112.6033,-7.9705,0.0],[112.5918,-7.9732,0.0],[112.5969,-7.9838,0.0],[112.5793,-7.979,0.0],[112.5765,-7.9837,0.0],[112.5915,-7.986,0.0],[112.5892,-7.9923,0.0],[112.6014,-7.9955,0.0],[112.5974,-8.006,0.0],[112.6065,-8.0135,0.0],[112.6146,-8.0089,0.0],[112.6188,-8.0112,0.0],[112.6181,-8.0165,0.0],[112.6138,-8.0192,0.0],[112.6139,-8.0223,0.0],[112.6309,-8.035,0.0],[112.6317,-8.046,0.0],[112.6454,-8.0481,0.0],[112.6458,-8.0516,0.0],[112.6547,-8.0491,0.0],[112.6769,-8.0254,0.0],[112.6724,-8.0232,0.0],[112.6721,-8.009,0.0],[112.6788,-8.0104,0.0],[112.6812,-8.005,0.0],[112.6899,-8.0075,0.0],[112.6832,-8.0055,0.0],[112.6938,-7.9817,0.0],[112.6902,-7.9757,0.0],[112.6788,-7.9766,0.0],[112.6574,-7.9652,0.0],[112.6636,-7.9588,0.0],[112.6639,-7.9482,0.0],[112.6689,-7.9462,0.0],[112.6629,-7.9269,0.0],[112.646,-7.914,0.0],[112.64,-7.9216,0.0],[112.6302,-7.9108,0.0],[112.6245,-7.9113,0.0],[112.6174,-7.9193,0.0],[112.6101,-7.9177,0.0],[112.6131,-7.9252,0.0],[112.5914,-7.9182,0.0]],[[112.6283,-8.0538,0.0],[112.6316,-8.0623,0.0],[112.6284,-8.0536,0.0],[112.6283,-8.0538,0.0]],[[112.6293,-8.0676,0.0],[112.6295,-8.068,0.0],[112.6316,-8.0623,0.0],[112.6293,-8.0676,0.0]],[[112.6301,-8.0692,0.0],[112.633,-8.0664,0.0],[112.6295,-8.0681,0.0],[112.6301,-8.0692,0.0]],[[112.635,-8.0645,0.0],[112.6359,-8.0607,0.0],[112.6341,-8.0653,0.0],[112.635,-8.0645,0.0]],[[112.6376,-8.0608,0.0],[112.6378,-8.0606,0.0],[112.6363,-8.0607,0.0],[112.6376,-8.0608,0.0]],[[112.6393,-8.0589,0.0],[112.641,-8.0549,0.0],[112.6382,-8.0601,0.0],[112.6393,-8.0589,0.0]],[[112.643,-8.0547,0.0],[112.643,-8.0544,0.0],[112.6421,-8.0546,0.0],[112.643,-8.0547,0.0]],[[112.6969,-8.0939,0.0],[112.6956,-8.0936,0.0],[112.6874,-8.0927,0.0],[112.6969,-8.0939,0.0]],[[112.6891,-8.118,0.0],[112.6904,-8.1174,0.0],[112.6891,-8.1171,0.0],[112.6891,-8.118,0.0]],[[112.6757,-8.1337,0.0],[112.674,-8.14,0.0],[112.6758,-8.1335,0.0],[112.6757,-8.1337,0.0]],[[112.6758,-8.1925,0.0],[112.6738,-8.1908,0.0],[112.6733,-8.1906,0.0],[112.6758,-8.1925,0.0]],[[112.669,-8.2049,0.0],[112.6754,-8.1937,0.0],[112.6758,-8.1925,0.0],[112.669,-8.2049,0.0]],[[112.6484,-8.2064,0.0],[112.6445,-8.2139,0.0],[112.6484,-8.2064,0.0],[112.6484,-8.2064,0.0]],[[112.6407,-8.2316,0.0],[112.6407,-8.2317,0.0],[112.6479,-8.2169,0.0],[112.6407,-8.2316,0.0]],[[112.6401,-8.2377,0.0],[112.6421,-8.2369,0.0],[112.6397,-8.2376,0.0],[112.6401,-8.2377,0.0]],[[112.6505,-8.2502,0.0],[112.6493,-8.2423,0.0],[112.6491,-8.2423,0.0],[112.6505,-8.2502,0.0]],[[112.6707,-8.295,0.0],[112.6709,-8.2944,0.0],[112.6621,-8.2966,0.0],[112.6707,-8.295,0.0]],[[112.6633,-8.3001,0.0],[112.6634,-8.3003,0.0],[112.6641,-8.2982,0.0],[112.6633,-8.3001,0.0]],[[112.6638,-8.302,0.0],[112.6693,-8.3054,0.0],[112.6635,-8.3008,0.0],[112.6638,-8.302,0.0]],[[112.6683,-8.306,0.0],[112.6698,-8.3058,0.0],[112.6697,-8.3057,0.0],[112.6683,-8.306,0.0]],[[112.645,-8.437,0.0],[112.6454,-8.4367,0.0],[112.6452,-8.4366,0.0],[112.645,-8.437,0.0]],[[112.5065,-8.006,0.0],[112.5057,-8.0034,0.0],[112.5063,-8.0059,0.0],[112.5065,-8.006,0.0]],[[112.5071,-8.0053,0.0],[112.5066,-8.006,0.0],[112.51,-8.0071,0.0],[112.5071,-8.0053,0.0]],[[112.5335,-8.0209,0.0],[112.5269,-8.0137,0.0],[112.5333,-8.0208,0.0],[112.5335,-8.0209,0.0]],[[112.543,-8.0199,0.0],[112.5425,-8.0198,0.0],[112.5433,-8.0202,0.0],[112.543,-8.0199,0.0]],[[112.5595,-8.0347,0.0],[112.5582,-8.0333,0.0],[112.5602,-8.0378,0.0],[112.5595,-8.0347,0.0]],[[112.5613,-8.0422,0.0],[112.5611,-8.0413,0.0],[112.5612,-8.0422,0.0],[112.5613,-8.0422,0.0]],[[112.5545,-8.0495,0.0],[112.5513,-8.0476,0.0],[112.5513,-8.0481,0.0],[112.5545,-8.0495,0.0]],[[112.5567,-8.0489,0.0],[112.5546,-8.0496,0.0],[112.5547,-8.0496,0.0],[112.5567,-8.0489,0.0]],[[112.5776,-8.0666,0.0],[112.5764,-8.0623,0.0],[112.5761,-8.0639,0.0],[112.5776,-8.0666,0.0]],[[112.5787,-8.0705,0.0],[112.5786,-8.0702,0.0],[112.5786,-8.0733,0.0],[112.5787,-8.0705,0.0]],[[112.5785,-8.0738,0.0],[112.5785,-8.0737,0.0],[112.5771,-8.0746,0.0],[112.5785,-8.0738,0.0]],[[112.5764,-8.0801,0.0],[112.5757,-8.0781,0.0],[112.5756,-8.0781,0.0],[112.5764,-8.0801,0.0]],[[112.5792,-8.081,0.0],[112.5793,-8.0808,0.0],[112.5764,-8.0801,0.0],[112.5792,-8.081,0.0]],[[112.5443,-8.1251,0.0],[112.5453,-8.1245,0.0],[112.5479,-8.1225,0.0],[112.5443,-8.1251,0.0]],[[112.5385,-8.1493,0.0],[112.5386,-8.148,0.0],[112.5382,-8.1488,0.0],[112.5385,-8.1493,0.0]],[[112.5429,-8.1583,0.0],[112.5406,-8.1523,0.0],[112.5416,-8.1561,0.0],[112.5429,-8.1583,0.0]],[[112.541,-8.1627,0.0],[112.5405,-8.1619,0.0],[112.5397,-8.1641,0.0],[112.541,-8.1627,0.0]],[[112.5246,-8.1867,0.0],[112.5345,-8.1834,0.0],[112.534,-8.1833,0.0],[112.5246,-8.1867,0.0]],[[112.5428,-8.1807,0.0],[112.5426,-8.1808,0.0],[112.5483,-8.1829,0.0],[112.5428,-8.1807,0.0]],[[112.5521,-8.1863,0.0],[112.5503,-8.1864,0.0],[112.5503,-8.1865,0.0],[112.5521,-8.1863,0.0]],[[112.5539,-8.184,0.0],[112.5535,-8.1841,0.0],[112.5544,-8.1875,0.0],[112.5539,-8.184,0.0]],[[112.5631,-8.1994,0.0],[112.5607,-8.1946,0.0],[112.5628,-8.1993,0.0],[112.5631,-8.1994,0.0]],[[112.5624,-8.2027,0.0],[112.5617,-8.2003,0.0],[112.5612,-8.2007,0.0],[112.5624,-8.2027,0.0]],[[112.5619,-8.2217,0.0],[112.5618,-8.2216,0.0],[112.5586,-8.2283,0.0],[112.5619,-8.2217,0.0]],[[112.5321,-8.2988,0.0],[112.5393,-8.298,0.0],[112.53,-8.2985,0.0],[112.5321,-8.2988,0.0]],[[112.5277,-8.2951,0.0],[112.5299,-8.2959,0.0],[112.5278,-8.2951,0.0],[112.5277,-8.2951,0.0]],[[112.5092,-8.2943,0.0],[112.507,-8.2941,0.0],[112.5091,-8.2948,0.0],[112.5092,-8.2943,0.0]],[[112.5062,-8.2966,0.0],[112.5063,-8.2963,0.0],[112.5062,-8.2965,0.0],[112.5062,-8.2966,0.0]],[[112.5073,-8.2965,0.0],[112.5062,-8.2966,0.0],[112.5079,-8.2984,0.0],[112.5073,-8.2965,0.0]],[[112.5022,-8.3201,0.0],[112.5068,-8.3134,0.0],[112.5023,-8.3198,0.0],[112.5022,-8.3201,0.0]],[[112.501,-8.3264,0.0],[112.5037,-8.3297,0.0],[112.5011,-8.3264,0.0],[112.501,-8.3264,0.0]],[[112.5037,-8.3334,0.0],[112.5025,-8.3308,0.0],[112.5036,-8.3334,0.0],[112.5037,-8.3334,0.0]],[[112.5051,-8.334,0.0],[112.5051,-8.334,0.0],[112.5047,-8.3357,0.0],[112.5051,-8.334,0.0]],[[112.5069,-8.3379,0.0],[112.5068,-8.3378,0.0],[112.5027,-8.3371,0.0],[112.5069,-8.3379,0.0]],[[112.5005,-8.3445,0.0],[112.4977,-8.3411,0.0],[112.4975,-8.3413,0.0],[112.5005,-8.3445,0.0]],[[112.4899,-8.3664,0.0],[112.493,-8.3618,0.0],[112.4899,-8.3664,0.0],[112.4899,-8.3664,0.0]],[[112.4924,-8.3738,0.0],[112.4924,-8.3738,0.0],[112.4898,-8.3774,0.0],[112.4924,-8.3738,0.0]],[[112.483,-8.3901,0.0],[112.485,-8.3907,0.0],[112.483,-8.3901,0.0],[112.483,-8.3901,0.0]],[[112.482,-8.3918,0.0],[112.4828,-8.3903,0.0],[112.4818,-8.3914,0.0],[112.482,-8.3918,0.0]],[[112.457,-8.1465,0.0],[112.4545,-8.1468,0.0],[112.4547,-8.1471,0.0],[112.457,-8.1465,0.0]],[[112.4915,-8.1489,0.0],[112.4966,-8.1461,0.0],[112.4911,-8.1485,0.0],[112.4915,-8.1489,0.0]],[[112.4991,-8.149,0.0],[112.4972,-8.1469,0.0],[112.4984,-8.149,0.0],[112.4991,-8.149,0.0]],[[112.5025,-8.1477,0.0],[112.4996,-8.149,0.0],[112.5,-8.149,0.0],[112.5025,-8.1477,0.0]],[[112.5037,-8.1454,0.0],[112.5036,-8.1471,0.0],[112.5038,-8.147,0.0],[112.5037,-8.1454,0.0]],[[112.5049,-8.1433,0.0],[112.506,-8.1465,0.0],[112.5063,-8.1466,0.0],[112.5049,-8.1433,0.0]],[[112.5068,-8.1411,0.0],[112.5068,-8.1412,0.0],[112.5105,-8.1435,0.0],[112.5068,-8.1411,0.0]],[[112.5332,-8.1564,0.0],[112.5318,-8.1531,0.0],[112.5331,-8.1564,0.0],[112.5332,-8.1564,0.0]],[[112.4726,-8.2717,0.0],[112.4768,-8.2741,0.0],[112.4759,-8.2728,0.0],[112.4726,-8.2717,0.0]],[[112.4773,-8.2744,0.0],[112.4779,-8.2747,0.0],[112.4786,-8.2731,0.0],[112.4773,-8.2744,0.0]],[[112.4869,-8.2714,0.0],[112.487,-8.272,0.0],[112.4868,-8.2652,0.0],[112.4869,-8.2714,0.0]],[[112.4904,-8.2515,0.0],[112.4939,-8.2383,0.0],[112.4939,-8.2383,0.0],[112.4904,-8.2515,0.0]],[[112.4942,-8.1928,0.0],[112.4946,-8.1931,0.0],[112.4961,-8.1936,0.0],[112.4942,-8.1928,0.0]],[[112.4988,-8.1906,0.0],[112.5016,-8.1928,0.0],[112.5028,-8.193,0.0],[112.4988,-8.1906,0.0]],[[112.5048,-8.1935,0.0],[112.506,-8.1938,0.0],[112.5088,-8.1933,0.0],[112.5048,-8.1935,0.0]],[[112.5101,-8.193,0.0],[112.5105,-8.193,0.0],[112.5211,-8.1867,0.0],[112.5101,-8.193,0.0]],[[112.4877,-8.2755,0.0],[112.4909,-8.2802,0.0],[112.4873,-8.2734,0.0],[112.4877,-8.2755,0.0]],[[112.4654,-8.2949,0.0],[112.4655,-8.295,0.0],[112.4745,-8.2913,0.0],[112.4654,-8.2949,0.0]],[[112.474,-8.3092,0.0],[112.4857,-8.3106,0.0],[112.4714,-8.3082,0.0],[112.474,-8.3092,0.0]],[[112.4735,-8.1796,0.0],[112.4732,-8.1796,0.0],[112.4865,-8.1863,0.0],[112.4735,-8.1796,0.0]],[[112.5265,-8.1041,0.0],[112.5265,-8.1041,0.0],[112.5276,-8.1115,0.0],[112.5265,-8.1041,0.0]],[[112.5291,-8.1257,0.0],[112.5316,-8.1264,0.0],[112.5302,-8.1151,0.0],[112.5291,-8.1257,0.0]],[[112.4635,-8.0677,0.0],[112.4596,-8.0667,0.0],[112.4592,-8.0671,0.0],[112.4635,-8.0677,0.0]],[[112.4626,-8.0776,0.0],[112.4635,-8.0785,0.0],[112.4626,-8.0771,0.0],[112.4626,-8.0776,0.0]],[[112.4835,-8.0953,0.0],[112.4849,-8.0931,0.0],[112.4843,-8.0923,0.0],[112.4835,-8.0953,0.0]],[[112.5062,-8.1254,0.0],[112.5069,-8.1256,0.0],[112.5062,-8.1252,0.0],[112.5062,-8.1254,0.0]],[[112.519,-8.1212,0.0],[112.5182,-8.1205,0.0],[112.5124,-8.1223,0.0],[112.519,-8.1212,0.0]],[[112.525,-8.1294,0.0],[112.5264,-8.1282,0.0],[112.5249,-8.129,0.0],[112.525,-8.1294,0.0]],[[112.3412,-7.8496,0.0],[112.345,-7.8514,0.0],[112.3411,-7.8494,0.0],[112.3412,-7.8496,0.0]],[[112.34,-7.8462,0.0],[112.34,-7.8463,0.0],[112.3404,-7.845,0.0],[112.34,-7.8462,0.0]],[[112.3411,-7.8427,0.0],[112.341,-7.8429,0.0],[112.3462,-7.8417,0.0],[112.3411,-7.8427,0.0]],[[112.3635,-7.8085,0.0],[112.3547,-7.8224,0.0],[112.3559,-7.8216,0.0],[112.3635,-7.8085,0.0]],[[112.3815,-7.8039,0.0],[112.3764,-7.8095,0.0],[112.3832,-7.8031,0.0],[112.3815,-7.8039,0.0]],[[112.3834,-7.803,0.0],[112.3834,-7.803,0.0],[112.3869,-7.804,0.0],[112.3834,-7.803,0.0]],[[112.387,-7.7937,0.0],[112.3908,-7.7959,0.0],[112.3908,-7.7958,0.0],[112.387,-7.7937,0.0]],[[112.385,-7.7873,0.0],[112.3858,-7.7875,0.0],[112.3858,-7.7873,0.0],[112.385,-7.7873,0.0]],[[112.3798,-7.7862,0.0],[112.3804,-7.7863,0.0],[112.3799,-7.786,0.0],[112.3798,-7.7862,0.0]],[[112.4069,-7.8268,0.0],[112.407,-7.8267,0.0],[112.4033,-7.8248,0.0],[112.4069,-7.8268,0.0]],[[112.3839,-7.8727,0.0],[112.3823,-7.8711,0.0],[112.3822,-7.8712,0.0],[112.3839,-7.8727,0.0]],[[112.4077,-7.868,0.0],[112.4049,-7.8706,0.0],[112.4079,-7.8682,0.0],[112.4077,-7.868,0.0]],[[112.4479,-7.9128,0.0],[112.4461,-7.9111,0.0],[112.4518,-7.9185,0.0],[112.4479,-7.9128,0.0]],[[112.5538,-8.1806,0.0],[112.5535,-8.181,0.0],[112.5538,-8.1806,0.0],[112.5538,-8.1806,0.0]],[[112.561,-8.1789,0.0],[112.5587,-8.1789,0.0],[112.5609,-8.1793,0.0],[112.561,-8.1789,0.0]],[[112.5695,-8.1764,0.0],[112.5653,-8.1748,0.0],[112.5694,-8.1764,0.0],[112.5695,-8.1764,0.0]],[[112.5712,-8.174,0.0],[112.5702,-8.1755,0.0],[112.5713,-8.174,0.0],[112.5712,-8.174,0.0]],[[112.5772,-8.1706,0.0],[112.5772,-8.1721,0.0],[112.5781,-8.1718,0.0],[112.5772,-8.1706,0.0]],[[112.5772,-8.1703,0.0],[112.5772,-8.1705,0.0],[112.5794,-8.1706,0.0],[112.5772,-8.1703,0.0]],[[112.581,-8.1664,0.0],[112.5805,-8.169,0.0],[112.5806,-8.1689,0.0],[112.581,-8.1664,0.0]],[[112.5956,-8.1213,0.0],[112.5961,-8.125,0.0],[112.5957,-8.1213,0.0],[112.5956,-8.1213,0.0]],[[112.5965,-8.1207,0.0],[112.5958,-8.1212,0.0],[112.6058,-8.1249,0.0],[112.5965,-8.1207,0.0]],[[112.6364,-8.1183,0.0],[112.6351,-8.1193,0.0],[112.6365,-8.1184,0.0],[112.6364,-8.1183,0.0]],[[112.5722,-8.203,0.0],[112.5774,-8.2108,0.0],[112.5725,-8.2032,0.0],[112.5722,-8.203,0.0]],[[112.5974,-8.2219,0.0],[112.6004,-8.2223,0.0],[112.6004,-8.2221,0.0],[112.5974,-8.2219,0.0]],[[112.6013,-8.2253,0.0],[112.6017,-8.2268,0.0],[112.6018,-8.2269,0.0],[112.6013,-8.2253,0.0]],[[112.6048,-8.2281,0.0],[112.6053,-8.2307,0.0],[112.6054,-8.2307,0.0],[112.6048,-8.2281,0.0]],[[112.6095,-8.2317,0.0],[112.6108,-8.2341,0.0],[112.6096,-8.2318,0.0],[112.6095,-8.2317,0.0]],[[112.6365,-8.2375,0.0],[112.636,-8.2374,0.0],[112.6368,-8.24,0.0],[112.6365,-8.2375,0.0]],[[112.6055,-8.3145,0.0],[112.605,-8.314,0.0],[112.6009,-8.3141,0.0],[112.6055,-8.3145,0.0]],[[112.608,-8.3148,0.0],[112.6079,-8.3145,0.0],[112.6075,-8.3147,0.0],[112.608,-8.3148,0.0]],[[112.6034,-8.304,0.0],[112.6009,-8.3056,0.0],[112.6011,-8.3056,0.0],[112.6034,-8.304,0.0]],[[112.6088,-8.2588,0.0],[112.6087,-8.2586,0.0],[112.6069,-8.2605,0.0],[112.6088,-8.2588,0.0]],[[112.6332,-8.1906,0.0],[112.637,-8.1873,0.0],[112.6367,-8.1871,0.0],[112.6332,-8.1906,0.0]],[[112.6256,-8.1944,0.0],[112.6308,-8.1927,0.0],[112.6312,-8.1923,0.0],[112.6256,-8.1944,0.0]],[[112.6426,-8.2048,0.0],[112.6426,-8.2048,0.0],[112.6424,-8.2047,0.0],[112.6426,-8.2048,0.0]],[[112.6439,-8.2027,0.0],[112.6438,-8.2027,0.0],[112.6434,-8.2035,0.0],[112.6439,-8.2027,0.0]],[[112.65,-8.2036,0.0],[112.6483,-8.2029,0.0],[112.644,-8.2027,0.0],[112.65,-8.2036,0.0]],[[112.5842,-8.0819,0.0],[112.5835,-8.0829,0.0],[112.5842,-8.0819,0.0],[112.5842,-8.0819,0.0]],[[112.593,-8.0875,0.0],[112.5889,-8.0956,0.0],[112.5931,-8.0875,0.0],[112.593,-8.0875,0.0]],[[112.6018,-8.0927,0.0],[112.6051,-8.0907,0.0],[112.6049,-8.0905,0.0],[112.6018,-8.0927,0.0]],[[112.6155,-8.0904,0.0],[112.6159,-8.0898,0.0],[112.6101,-8.0872,0.0],[112.6155,-8.0904,0.0]],[[112.6168,-8.0898,0.0],[112.6282,-8.0809,0.0],[112.6165,-8.0898,0.0],[112.6168,-8.0898,0.0]],[[112.629,-8.073,0.0],[112.6293,-8.0702,0.0],[112.6292,-8.0702,0.0],[112.629,-8.073,0.0]],[[112.6132,-8.0965,0.0],[112.6159,-8.0908,0.0],[112.6158,-8.0907,0.0],[112.6132,-8.0965,0.0]],[[112.5651,-8.0235,0.0],[112.565,-8.0236,0.0],[112.5629,-8.0288,0.0],[112.5651,-8.0235,0.0]],[[112.5699,-8.0247,0.0],[112.5657,-8.0232,0.0],[112.5713,-8.0255,0.0],[112.5699,-8.0247,0.0]],[[112.5779,-8.0298,0.0],[112.5792,-8.0299,0.0],[112.5737,-8.0268,0.0],[112.5779,-8.0298,0.0]],[[112.6036,-8.0483,0.0],[112.6017,-8.0451,0.0],[112.6032,-8.0484,0.0],[112.6036,-8.0483,0.0]],[[112.611,-8.0262,0.0],[112.6123,-8.0246,0.0],[112.6108,-8.0263,0.0],[112.611,-8.0262,0.0]],[[112.612,-8.022,0.0],[112.6117,-8.022,0.0],[112.6123,-8.0246,0.0],[112.612,-8.022,0.0]],[[112.5371,-7.9642,0.0],[112.5369,-7.9643,0.0],[112.5419,-7.9691,0.0],[112.5371,-7.9642,0.0]],[[112.5878,-7.9719,0.0],[112.582,-7.9673,0.0],[112.5875,-7.9719,0.0],[112.5878,-7.9719,0.0]],[[112.6251,-7.804,0.0],[112.6198,-7.7997,0.0],[112.6199,-7.7998,0.0],[112.6251,-7.804,0.0]],[[112.6624,-7.8325,0.0],[112.662,-7.8327,0.0],[112.6627,-7.8328,0.0],[112.6624,-7.8325,0.0]],[[112.6678,-7.8384,0.0],[112.6678,-7.8384,0.0],[112.6678,-7.8384,0.0],[112.6678,-7.8384,0.0]],[[112.6986,-7.8744,0.0],[112.6943,-7.8697,0.0],[112.6978,-7.8741,0.0],[112.6986,-7.8744,0.0]],[[112.7509,-7.8834,0.0],[112.7478,-7.8866,0.0],[112.751,-7.8834,0.0],[112.7509,-7.8834,0.0]],[[112.7618,-7.8783,0.0],[112.7577,-7.8822,0.0],[112.7578,-7.8822,0.0],[112.7618,-7.8783,0.0]],[[112.761,-7.8861,0.0],[112.7609,-7.886,0.0],[112.7584,-7.8873,0.0],[112.761,-7.8861,0.0]],[[112.7519,-7.9071,0.0],[112.7562,-7.9017,0.0],[112.7518,-7.9071,0.0],[112.7519,-7.9071,0.0]],[[112.717,-7.9173,0.0],[112.717,-7.9172,0.0],[112.7169,-7.9173,0.0],[112.717,-7.9173,0.0]],[[112.7237,-7.9187,0.0],[112.7232,-7.9194,0.0],[112.7265,-7.9175,0.0],[112.7237,-7.9187,0.0]],[[112.7325,-7.916,0.0],[112.7322,-7.9159,0.0],[112.7309,-7.9197,0.0],[112.7325,-7.916,0.0]],[[112.7431,-7.9737,0.0],[112.7434,-7.9707,0.0],[112.743,-7.9737,0.0],[112.7431,-7.9737,0.0]],[[112.7602,-7.9772,0.0],[112.7595,-7.977,0.0],[112.7592,-7.9796,0.0],[112.7602,-7.9772,0.0]],[[112.7588,-7.9827,0.0],[112.7585,-7.9839,0.0],[112.76,-7.9855,0.0],[112.7588,-7.9827,0.0]],[[112.7551,-7.9852,0.0],[112.7559,-7.9849,0.0],[112.752,-7.9843,0.0],[112.7551,-7.9852,0.0]],[[112.7279,-7.9912,0.0],[112.731,-7.9886,0.0],[112.7277,-7.991,0.0],[112.7279,-7.9912,0.0]],[[112.727,-7.9923,0.0],[112.7267,-7.9921,0.0],[112.7255,-7.9943,0.0],[112.727,-7.9923,0.0]],[[112.7252,-7.995,0.0],[112.725,-7.9947,0.0],[112.724,-7.9948,0.0],[112.7252,-7.995,0.0]],[[112.7211,-8.0033,0.0],[112.7217,-8.0014,0.0],[112.7214,-8.0013,0.0],[112.7211,-8.0033,0.0]],[[112.6992,-7.9232,0.0],[112.6988,-7.9238,0.0],[112.705,-7.9264,0.0],[112.6992,-7.9232,0.0]],[[112.7111,-7.9169,0.0],[112.7108,-7.9169,0.0],[112.705,-7.9264,0.0],[112.7111,-7.9169,0.0]],[[112.7065,-8.1405,0.0],[112.7055,-8.1412,0.0],[112.7055,-8.1412,0.0],[112.7065,-8.1405,0.0]],[[112.7237,-8.1455,0.0],[112.7218,-8.1402,0.0],[112.7236,-8.1455,0.0],[112.7237,-8.1455,0.0]],[[112.7329,-8.1472,0.0],[112.7328,-8.1473,0.0],[112.7328,-8.1473,0.0],[112.7329,-8.1472,0.0]],[[112.7344,-8.1448,0.0],[112.7343,-8.1449,0.0],[112.7405,-8.1455,0.0],[112.7344,-8.1448,0.0]],[[112.7769,-8.1636,0.0],[112.7715,-8.1626,0.0],[112.7614,-8.1613,0.0],[112.7769,-8.1636,0.0]],[[112.75,-8.1549,0.0],[112.7572,-8.1532,0.0],[112.7571,-8.1532,0.0],[112.75,-8.1549,0.0]],[[112.7461,-8.1575,0.0],[112.7462,-8.1574,0.0],[112.744,-8.1562,0.0],[112.7461,-8.1575,0.0]],[[112.7328,-8.1566,0.0],[112.7346,-8.1579,0.0],[112.7328,-8.1566,0.0],[112.7328,-8.1566,0.0]],[[112.7296,-8.1576,0.0],[112.7324,-8.1567,0.0],[112.7296,-8.1576,0.0],[112.7296,-8.1576,0.0]],[[112.7258,-8.1683,0.0],[112.7258,-8.1682,0.0],[112.7196,-8.1718,0.0],[112.7258,-8.1683,0.0]],[[112.7158,-8.1776,0.0],[112.7162,-8.1738,0.0],[112.7161,-8.1738,0.0],[112.7158,-8.1776,0.0]],[[112.7107,-8.1848,0.0],[112.7106,-8.1811,0.0],[112.7103,-8.1813,0.0],[112.7107,-8.1848,0.0]],[[112.7077,-8.1907,0.0],[112.7071,-8.1878,0.0],[112.707,-8.1878,0.0],[112.7077,-8.1907,0.0]],[[112.7046,-8.1926,0.0],[112.7047,-8.1921,0.0],[112.7046,-8.1921,0.0],[112.7046,-8.1926,0.0]],[[112.7059,-8.1982,0.0],[112.7046,-8.195,0.0],[112.7046,-8.196,0.0],[112.7059,-8.1982,0.0]],[[112.6996,-8.2127,0.0],[112.6994,-8.2104,0.0],[112.6989,-8.211,0.0],[112.6996,-8.2127,0.0]],[[112.6997,-8.2232,0.0],[112.6996,-8.2231,0.0],[112.6996,-8.2232,0.0],[112.6997,-8.2232,0.0]],[[112.6977,-8.2246,0.0],[112.6987,-8.2239,0.0],[112.6982,-8.2237,0.0],[112.6977,-8.2246,0.0]],[[112.7024,-8.2262,0.0],[112.6964,-8.2254,0.0],[112.6923,-8.2268,0.0],[112.7024,-8.2262,0.0]],[[112.7029,-8.2262,0.0],[112.7028,-8.2262,0.0],[112.7036,-8.2283,0.0],[112.7029,-8.2262,0.0]],[[112.7252,-8.2436,0.0],[112.7244,-8.2431,0.0],[112.7244,-8.2432,0.0],[112.7252,-8.2436,0.0]],[[112.7355,-8.2479,0.0],[112.7296,-8.2456,0.0],[112.7343,-8.2478,0.0],[112.7355,-8.2479,0.0]],[[112.7415,-8.2476,0.0],[112.7377,-8.2482,0.0],[112.7394,-8.2485,0.0],[112.7415,-8.2476,0.0]],[[112.7427,-8.2483,0.0],[112.7424,-8.2481,0.0],[112.7427,-8.2485,0.0],[112.7427,-8.2483,0.0]],[[112.7569,-8.326,0.0],[112.7568,-8.3244,0.0],[112.7567,-8.3259,0.0],[112.7569,-8.326,0.0]],[[112.7744,-8.3292,0.0],[112.7664,-8.3267,0.0],[112.7652,-8.3268,0.0],[112.7744,-8.3292,0.0]],[[112.7989,-8.3349,0.0],[112.797,-8.3376,0.0],[112.7998,-8.3349,0.0],[112.7989,-8.3349,0.0]],[[112.6444,-8.2322,0.0],[112.644,-8.2325,0.0],[112.6449,-8.2344,0.0],[112.6444,-8.2322,0.0]],[[112.6504,-8.2329,0.0],[112.645,-8.2318,0.0],[112.6446,-8.2321,0.0],[112.6504,-8.2329,0.0]],[[112.6631,-8.2348,0.0],[112.6632,-8.2347,0.0],[112.6578,-8.2361,0.0],[112.6631,-8.2348,0.0]],[[112.6648,-8.2332,0.0],[112.6647,-8.2331,0.0],[112.6638,-8.2341,0.0],[112.6648,-8.2332,0.0]],[[112.6659,-8.2362,0.0],[112.6665,-8.2365,0.0],[112.6665,-8.2336,0.0],[112.6659,-8.2362,0.0]],[[112.6673,-8.2368,0.0],[112.6724,-8.2336,0.0],[112.6669,-8.2366,0.0],[112.6673,-8.2368,0.0]],[[112.6766,-8.2356,0.0],[112.6767,-8.234,0.0],[112.6765,-8.2356,0.0],[112.6766,-8.2356,0.0]],[[112.6751,-8.2336,0.0],[112.6751,-8.2336,0.0],[112.6767,-8.234,0.0],[112.6751,-8.2336,0.0]],[[112.6767,-8.232,0.0],[112.6757,-8.2321,0.0],[112.6751,-8.2335,0.0],[112.6767,-8.232,0.0]],[[112.6784,-8.2332,0.0],[112.6777,-8.2318,0.0],[112.6772,-8.2319,0.0],[112.6784,-8.2332,0.0]],[[112.6794,-8.2342,0.0],[112.6803,-8.2341,0.0],[112.6789,-8.2338,0.0],[112.6794,-8.2342,0.0]],[[112.6809,-8.2341,0.0],[112.6851,-8.2311,0.0],[112.6808,-8.2341,0.0],[112.6809,-8.2341,0.0]],[[112.6861,-8.2282,0.0],[112.686,-8.2281,0.0],[112.6859,-8.2284,0.0],[112.6861,-8.2282,0.0]],[[112.6883,-8.2303,0.0],[112.6884,-8.2302,0.0],[112.6876,-8.2294,0.0],[112.6883,-8.2303,0.0]],[[112.6921,-8.2268,0.0],[112.6919,-8.2269,0.0],[112.6904,-8.2284,0.0],[112.6921,-8.2268,0.0]],[[112.6919,-8.0327,0.0],[112.6899,-8.0317,0.0],[112.6917,-8.0326,0.0],[112.6919,-8.0327,0.0]],[[112.6969,-8.0339,0.0],[112.6952,-8.0336,0.0],[112.697,-8.0341,0.0],[112.6969,-8.0339,0.0]],[[112.7021,-8.0383,0.0],[112.6977,-8.0358,0.0],[112.7223,-8.0535,0.0],[112.7021,-8.0383,0.0]],[[112.7238,-8.0815,0.0],[112.7252,-8.0762,0.0],[112.7231,-8.0816,0.0],[112.7238,-8.0815,0.0]],[[112.6986,-8.0825,0.0],[112.7033,-8.0828,0.0],[112.6986,-8.0824,0.0],[112.6986,-8.0825,0.0]],[[112.8762,-8.2841,0.0],[112.8727,-8.2827,0.0],[112.8728,-8.2827,0.0],[112.8762,-8.2841,0.0]],[[112.8804,-8.3124,0.0],[112.8785,-8.3071,0.0],[112.8781,-8.3077,0.0],[112.8804,-8.3124,0.0]],[[112.7971,-8.1682,0.0],[112.7938,-8.1695,0.0],[112.8002,-8.1625,0.0],[112.7971,-8.1682,0.0]],[[112.8006,-8.1618,0.0],[112.8006,-8.1619,0.0],[112.811,-8.1589,0.0],[112.8006,-8.1618,0.0]],[[112.8378,-8.1426,0.0],[112.8337,-8.1426,0.0],[112.8378,-8.1426,0.0],[112.8378,-8.1426,0.0]],[[112.8424,-8.1357,0.0],[112.8431,-8.1366,0.0],[112.8424,-8.1355,0.0],[112.8424,-8.1357,0.0]],[[112.8434,-8.1331,0.0],[112.8428,-8.1346,0.0],[112.8436,-8.133,0.0],[112.8434,-8.1331,0.0]],[[112.8472,-8.1303,0.0],[112.8472,-8.1303,0.0],[112.8484,-8.1313,0.0],[112.8472,-8.1303,0.0]],[[112.8504,-8.1296,0.0],[112.8503,-8.1296,0.0],[112.8505,-8.1296,0.0],[112.8504,-8.1296,0.0]],[[112.855,-8.1304,0.0],[112.8544,-8.1303,0.0],[112.8549,-8.1306,0.0],[112.855,-8.1304,0.0]],[[112.8507,-8.1363,0.0],[112.8512,-8.1356,0.0],[112.8507,-8.1362,0.0],[112.8507,-8.1363,0.0]],[[112.8512,-8.14,0.0],[112.8507,-8.1367,0.0],[112.8506,-8.1401,0.0],[112.8512,-8.14,0.0]],[[112.857,-8.1393,0.0],[112.8547,-8.1398,0.0],[112.8563,-8.1397,0.0],[112.857,-8.1393,0.0]],[[112.863,-8.139,0.0],[112.863,-8.139,0.0],[112.861,-8.1439,0.0],[112.863,-8.139,0.0]],[[112.8468,-8.273,0.0],[112.8468,-8.263,0.0],[112.8467,-8.273,0.0],[112.8468,-8.273,0.0]],[[112.8103,-8.3318,0.0],[112.8101,-8.3316,0.0],[112.8079,-8.3325,0.0],[112.8103,-8.3318,0.0]],[[112.8116,-8.3329,0.0],[112.8116,-8.3327,0.0],[112.8113,-8.3325,0.0],[112.8116,-8.3329,0.0]],[[112.8138,-8.3383,0.0],[112.821,-8.3332,0.0],[112.8136,-8.3382,0.0],[112.8138,-8.3383,0.0]],[[112.8403,-8.3332,0.0],[112.8404,-8.3329,0.0],[112.8352,-8.3322,0.0],[112.8403,-8.3332,0.0]],[[112.8425,-8.3152,0.0],[112.842,-8.3112,0.0],[112.8423,-8.322,0.0],[112.8425,-8.3152,0.0]],[[112.7691,-8.1108,0.0],[112.7724,-8.1118,0.0],[112.7725,-8.1117,0.0],[112.7691,-8.1108,0.0]],[[112.7842,-8.1182,0.0],[112.7842,-8.1182,0.0],[112.7852,-8.116,0.0],[112.7842,-8.1182,0.0]],[[112.8661,-8.1078,0.0],[112.87,-8.1108,0.0],[112.8717,-8.1113,0.0],[112.8661,-8.1078,0.0]],[[112.8732,-8.1117,0.0],[112.8742,-8.1119,0.0],[112.8877,-8.1089,0.0],[112.8732,-8.1117,0.0]],[[112.9124,-8.1094,0.0],[112.9127,-8.1094,0.0],[112.8877,-8.1089,0.0],[112.9124,-8.1094,0.0]],[[112.8557,-8.1184,0.0],[112.8567,-8.1133,0.0],[112.8556,-8.1184,0.0],[112.8557,-8.1184,0.0]],[[112.7055,-8.0359,0.0],[112.7053,-8.0351,0.0],[112.7041,-8.0363,0.0],[112.7055,-8.0359,0.0]],[[112.7077,-8.0337,0.0],[112.7072,-8.0333,0.0],[112.7058,-8.0346,0.0],[112.7077,-8.0337,0.0]],[[112.7208,-8.0267,0.0],[112.7206,-8.0267,0.0],[112.7207,-8.0272,0.0],[112.7208,-8.0267,0.0]],[[112.732,-8.0256,0.0],[112.7269,-8.0224,0.0],[112.7268,-8.0225,0.0],[112.732,-8.0256,0.0]],[[112.8202,-8.026,0.0],[112.821,-8.0258,0.0],[112.8075,-8.026,0.0],[112.8202,-8.026,0.0]],[[112.8289,-8.0232,0.0],[112.8231,-8.0244,0.0],[112.822,-8.0254,0.0],[112.8289,-8.0232,0.0]],[[112.8377,-8.0027,0.0],[112.837,-8.0024,0.0],[112.8378,-8.0054,0.0],[112.8377,-8.0027,0.0]],[[112.8381,-8.0006,0.0],[112.8359,-8.0004,0.0],[112.8358,-8.0007,0.0],[112.8381,-8.0006,0.0]],[[112.8455,-7.9863,0.0],[112.8451,-7.9866,0.0],[112.8393,-7.9992,0.0],[112.8455,-7.9863,0.0]],[[112.8658,-7.9626,0.0],[112.8612,-7.9673,0.0],[112.8612,-7.9675,0.0],[112.8658,-7.9626,0.0]],[[112.7609,-7.9876,0.0],[112.7608,-7.9874,0.0],[112.7607,-7.9876,0.0],[112.7609,-7.9876,0.0]],[[112.7661,-7.9894,0.0],[112.7654,-7.9882,0.0],[112.7656,-7.9896,0.0],[112.7661,-7.9894,0.0]],[[112.8019,-7.9982,0.0],[112.8,-7.9972,0.0],[112.8,-7.9981,0.0],[112.8019,-7.9982,0.0]],[[112.8157,-7.9991,0.0],[112.8069,-7.9997,0.0],[112.8072,-8.0002,0.0],[112.8157,-7.9991,0.0]],[[112.8232,-7.9958,0.0],[112.8192,-7.9965,0.0],[112.8222,-7.9965,0.0],[112.8232,-7.9958,0.0]],[[112.8265,-7.9932,0.0],[112.8257,-7.994,0.0],[112.8265,-7.9934,0.0],[112.8265,-7.9932,0.0]],[[112.8294,-7.9894,0.0],[112.8267,-7.9911,0.0],[112.8295,-7.9894,0.0],[112.8294,-7.9894,0.0]]],[[[112.6554,-8.4523,0.0],[112.655,-8.4524,0.0],[112.6555,-8.4518,0.0],[112.6554,-8.4523,0.0]]],[[[112.6495,-8.4515,0.0],[112.6495,-8.4515,0.0],[112.6496,-8.4516,0.0],[112.6495,-8.4515,0.0]]],[[[112.6417,-8.4512,0.0],[112.6417,-8.451,0.0],[112.6419,-8.4509,0.0],[112.6417,-8.4512,0.0]]],[[[112.6527,-8.4499,0.0],[112.6524,-8.452,0.0],[112.6521,-8.4512,0.0],[112.6527,-8.4499,0.0]]],[[[112.6498,-8.4496,0.0],[112.6494,-8.4497,0.0],[112.6493,-8.4496,0.0],[112.6498,-8.4496,0.0]]],[[[112.6545,-8.4481,0.0],[112.6547,-8.4489,0.0],[112.6538,-8.449,0.0],[112.6545,-8.4481,0.0]]],[[[112.637,-8.4485,0.0],[112.6371,-8.4482,0.0],[112.6373,-8.4485,0.0],[112.637,-8.4485,0.0]]],[[[112.6373,-8.4475,0.0],[112.6373,-8.4477,0.0],[112.6372,-8.4476,0.0],[112.6373,-8.4475,0.0]]],[[[112.6597,-8.4468,0.0],[112.6594,-8.4473,0.0],[112.6592,-8.4469,0.0],[112.6597,-8.4468,0.0]]],[[[112.656,-8.447,0.0],[112.656,-8.4469,0.0],[112.6561,-8.4469,0.0],[112.656,-8.447,0.0]]],[[[112.6467,-8.4464,0.0],[112.6466,-8.446,0.0],[112.6468,-8.446,0.0],[112.6467,-8.4464,0.0]]],[[[112.6478,-8.4457,0.0],[112.6475,-8.4454,0.0],[112.6476,-8.4454,0.0],[112.6478,-8.4457,0.0]]],[[[112.6648,-8.4452,0.0],[112.6646,-8.4455,0.0],[112.6641,-8.4447,0.0],[112.6648,-8.4452,0.0]]],[[[112.6448,-8.4443,0.0],[112.645,-8.4442,0.0],[112.645,-8.4443,0.0],[112.6448,-8.4443,0.0]]],[[[112.6415,-8.4427,0.0],[112.6423,-8.4423,0.0],[112.6417,-8.4439,0.0],[112.6415,-8.4427,0.0]]],[[[112.6672,-8.4428,0.0],[112.6671,-8.4428,0.0],[112.6671,-8.4426,0.0],[112.6672,-8.4428,0.0]]],[[[112.6682,-8.4423,0.0],[112.6684,-8.4424,0.0],[112.6681,-8.4426,0.0],[112.6682,-8.4423,0.0]]],[[[112.6229,-8.4417,0.0],[112.6228,-8.4419,0.0],[112.6226,-8.4419,0.0],[112.6229,-8.4417,0.0]]],[[[112.6213,-8.4407,0.0],[112.6209,-8.441,0.0],[112.6207,-8.4407,0.0],[112.6213,-8.4407,0.0]]],[[[112.641,-8.4402,0.0],[112.6412,-8.4408,0.0],[112.6406,-8.4408,0.0],[112.641,-8.4402,0.0]]],[[[112.6157,-8.4326,0.0],[112.6157,-8.4327,0.0],[112.6156,-8.4326,0.0],[112.6157,-8.4326,0.0]]],[[[112.5932,-8.4185,0.0],[112.5932,-8.4186,0.0],[112.5929,-8.4186,0.0],[112.5932,-8.4185,0.0]]],[[[112.5948,-8.4185,0.0],[112.5947,-8.4184,0.0],[112.595,-8.4182,0.0],[112.5948,-8.4185,0.0]]],[[[112.585,-8.4176,0.0],[112.5847,-8.4183,0.0],[112.5846,-8.4181,0.0],[112.585,-8.4176,0.0]]],[[[112.53,-8.4043,0.0],[112.5296,-8.4039,0.0],[112.5303,-8.4035,0.0],[112.53,-8.4043,0.0]]],[[[112.5336,-8.4038,0.0],[112.5334,-8.4038,0.0],[112.5336,-8.4034,0.0],[112.5336,-8.4038,0.0]]],[[[112.7056,-8.4639,0.0],[112.7054,-8.4639,0.0],[112.7057,-8.4636,0.0],[112.7056,-8.4639,0.0]]],[[[112.7048,-8.4635,0.0],[112.7046,-8.4638,0.0],[112.7045,-8.4634,0.0],[112.7048,-8.4635,0.0]]],[[[112.7003,-8.4626,0.0],[112.7009,-8.462,0.0],[112.7014,-8.4623,0.0],[112.7003,-8.4626,0.0]]],[[[112.6987,-8.4628,0.0],[112.6979,-8.4625,0.0],[112.6993,-8.4613,0.0],[112.6987,-8.4628,0.0]]],[[[112.6916,-8.461,0.0],[112.6917,-8.4606,0.0],[112.6918,-8.4606,0.0],[112.6916,-8.461,0.0]]],[[[112.6968,-8.4608,0.0],[112.6965,-8.4615,0.0],[112.6959,-8.46,0.0],[112.6968,-8.4608,0.0]]],[[[112.6916,-8.46,0.0],[112.6918,-8.4603,0.0],[112.6915,-8.4603,0.0],[112.6916,-8.46,0.0]]],[[[112.6728,-8.4595,0.0],[112.6727,-8.4596,0.0],[112.6728,-8.4594,0.0],[112.6728,-8.4595,0.0]]],[[[112.695,-8.4593,0.0],[112.6947,-8.4588,0.0],[112.695,-8.4588,0.0],[112.695,-8.4593,0.0]]],[[[112.6925,-8.4592,0.0],[112.6926,-8.4583,0.0],[112.6928,-8.4585,0.0],[112.6925,-8.4592,0.0]]],[[[112.6769,-8.4585,0.0],[112.6773,-8.4583,0.0],[112.6773,-8.4586,0.0],[112.6769,-8.4585,0.0]]],[[[112.6779,-8.458,0.0],[112.6774,-8.4582,0.0],[112.6773,-8.458,0.0],[112.6779,-8.458,0.0]]],[[[112.6812,-8.4573,0.0],[112.6807,-8.4575,0.0],[112.6812,-8.4567,0.0],[112.6812,-8.4573,0.0]]],[[[112.6799,-8.4562,0.0],[112.6799,-8.4568,0.0],[112.6794,-8.4567,0.0],[112.6799,-8.4562,0.0]]],[[[112.6791,-8.4558,0.0],[112.6789,-8.4555,0.0],[112.6791,-8.4553,0.0],[112.6791,-8.4558,0.0]]],[[[112.682,-8.4552,0.0],[112.682,-8.4556,0.0],[112.6818,-8.4553,0.0],[112.682,-8.4552,0.0]]],[[[112.6765,-8.4549,0.0],[112.6764,-8.4551,0.0],[112.6764,-8.4548,0.0],[112.6765,-8.4549,0.0]]],[[[112.6784,-8.4548,0.0],[112.6786,-8.4547,0.0],[112.6787,-8.455,0.0],[112.6784,-8.4548,0.0]]],[[[112.6779,-8.4529,0.0],[112.6767,-8.4549,0.0],[112.6767,-8.4547,0.0],[112.6779,-8.4529,0.0]]],[[[112.6788,-8.4537,0.0],[112.6787,-8.4539,0.0],[112.6785,-8.4538,0.0],[112.6788,-8.4537,0.0]]],[[[112.677,-8.4518,0.0],[112.6778,-8.4512,0.0],[112.6775,-8.4522,0.0],[112.677,-8.4518,0.0]]],[[[112.6787,-8.4517,0.0],[112.6786,-8.4513,0.0],[112.679,-8.4512,0.0],[112.6787,-8.4517,0.0]]],[[[112.6723,-8.4495,0.0],[112.6726,-8.4494,0.0],[112.6727,-8.4496,0.0],[112.6723,-8.4495,0.0]]],[[[112.6776,-8.4471,0.0],[112.6773,-8.4469,0.0],[112.6778,-8.4467,0.0],[112.6776,-8.4471,0.0]]],[[[112.7071,-8.4635,0.0],[112.692,-8.4562,0.0],[112.6885,-8.458,0.0],[112.6888,-8.451,0.0],[112.6805,-8.4521,0.0],[112.6802,-8.456,0.0],[112.6781,-8.4452,0.0],[112.6924,-8.4309,0.0],[112.7124,-8.4343,0.0],[112.7123,-8.4585,0.0],[112.7071,-8.4635,0.0]]],[[[112.6707,-8.4454,0.0],[112.6708,-8.4461,0.0],[112.6704,-8.4456,0.0],[112.6707,-8.4454,0.0]]],[[[112.6694,-8.4455,0.0],[112.6681,-8.4458,0.0],[112.6687,-8.4447,0.0],[112.6694,-8.4455,0.0]]],[[[112.7341,-8.4353,0.0],[112.7336,-8.4338,0.0],[112.7353,-8.4326,0.0],[112.7341,-8.4353,0.0]]],[[[112.7339,-8.4271,0.0],[112.7337,-8.4268,0.0],[112.734,-8.4266,0.0],[112.7339,-8.4271,0.0]]],[[[112.7391,-8.4183,0.0],[112.7387,-8.4179,0.0],[112.739,-8.4178,0.0],[112.7391,-8.4183,0.0]]],[[[112.7538,-8.4234,0.0],[112.7548,-8.4223,0.0],[112.7548,-8.4243,0.0],[112.7538,-8.4234,0.0]]],[[[112.7461,-8.418,0.0],[112.746,-8.4178,0.0],[112.7461,-8.4174,0.0],[112.7461,-8.418,0.0]]],[[[112.7506,-8.4172,0.0],[112.7506,-8.4171,0.0],[112.7509,-8.4172,0.0],[112.7506,-8.4172,0.0]]],[[[112.7486,-8.4159,0.0],[112.7489,-8.4158,0.0],[112.749,-8.4159,0.0],[112.7486,-8.4159,0.0]]],[[[112.7978,-8.4133,0.0],[112.7962,-8.4134,0.0],[112.7983,-8.4124,0.0],[112.7978,-8.4133,0.0]]],[[[112.7977,-8.4093,0.0],[112.7993,-8.411,0.0],[112.7952,-8.4075,0.0],[112.7977,-8.4093,0.0]]],[[[112.7985,-8.4082,0.0],[112.7989,-8.4082,0.0],[112.7985,-8.4085,0.0],[112.7985,-8.4082,0.0]]],[[[112.8484,-8.4067,0.0],[112.8477,-8.4069,0.0],[112.848,-8.4063,0.0],[112.8484,-8.4067,0.0]]],[[[112.7941,-8.4036,0.0],[112.794,-8.4051,0.0],[112.7934,-8.4044,0.0],[112.7941,-8.4036,0.0]]],[[[112.8105,-8.4019,0.0],[112.8106,-8.4025,0.0],[112.8101,-8.4027,0.0],[112.8105,-8.4019,0.0]]],[[[112.8125,-8.4018,0.0],[112.8125,-8.4016,0.0],[112.8126,-8.4017,0.0],[112.8125,-8.4018,0.0]]],[[[112.8161,-8.4001,0.0],[112.8162,-8.4005,0.0],[112.8159,-8.4005,0.0],[112.8161,-8.4001,0.0]]],[[[112.8095,-8.3999,0.0],[112.8096,-8.3999,0.0],[112.8093,-8.4004,0.0],[112.8095,-8.3999,0.0]]],[[[112.8181,-8.3955,0.0],[112.8182,-8.396,0.0],[112.818,-8.3959,0.0],[112.8181,-8.3955,0.0]]],[[[112.9262,-8.3905,0.0],[112.9261,-8.3891,0.0],[112.9269,-8.3899,0.0],[112.9262,-8.3905,0.0]]],[[[112.8362,-8.3841,0.0],[112.836,-8.3838,0.0],[112.8364,-8.383,0.0],[112.8362,-8.3841,0.0]]],[[[112.8383,-8.3835,0.0],[112.8384,-8.383,0.0],[112.8384,-8.3834,0.0],[112.8383,-8.3835,0.0]]],[[[112.9327,-8.3822,0.0],[112.933,-8.3836,0.0],[112.9317,-8.3832,0.0],[112.9327,-8.3822,0.0]]],[[[112.8366,-8.3829,0.0],[112.8364,-8.3827,0.0],[112.8365,-8.3826,0.0],[112.8366,-8.3829,0.0]]],[[[112.8374,-8.3823,0.0],[112.8374,-8.3827,0.0],[112.8371,-8.3824,0.0],[112.8374,-8.3823,0.0]]],[[[112.8379,-8.3821,0.0],[112.8378,-8.3826,0.0],[112.8377,-8.3822,0.0],[112.8379,-8.3821,0.0]]],[[[112.8368,-8.3744,0.0],[112.837,-8.3744,0.0],[112.8371,-8.375,0.0],[112.8368,-8.3744,0.0]]],[[[112.8255,-8.3729,0.0],[112.8257,-8.373,0.0],[112.8251,-8.3734,0.0],[112.8255,-8.3729,0.0]]],[[[112.8266,-8.373,0.0],[112.8264,-8.373,0.0],[112.8265,-8.3729,0.0],[112.8266,-8.373,0.0]]],[[[112.9469,-8.3663,0.0],[112.9464,-8.3671,0.0],[112.9464,-8.3658,0.0],[112.9469,-8.3663,0.0]]],[[[112.9477,-8.3659,0.0],[112.9473,-8.3657,0.0],[112.9477,-8.3658,0.0],[112.9477,-8.3659,0.0]]],[[[112.9481,-8.3628,0.0],[112.9479,-8.363,0.0],[112.9478,-8.3628,0.0],[112.9481,-8.3628,0.0]]],[[[112.95,-8.3608,0.0],[112.9499,-8.3609,0.0],[112.9498,-8.3608,0.0],[112.95,-8.3608,0.0]]]]}},{"type":"Feature","properties":{"kab_kota":"Sumenep","kode":"kab-sumenep"},"geometry":{"type":"MultiPolygon","coordinates":[[[[113.6655,-7.25,0.0],[113.6674,-7.2486,0.0],[113.664,-7.252,0.0],[113.6655,-7.25,0.0]]],[[[113.7253,-7.2516,0.0],[113.7249,-7.248,0.0],[113.7285,-7.2512,0.0],[113.7253,-7.2516,0.0]]],[[[113.6977,-7.2415,0.0],[113.698,-7.2419,0.0],[113.6978,-7.2419,0.0],[113.6977,-7.2415,0.0]]],[[[113.6743,-7.2395,0.0],[113.674,-7.2397,0.0],[113.6735,-7.2382,0.0],[113.6743,-7.2395,0.0]]],[[[113.7545,-7.2064,0.0],[113.7926,-7.2162,0.0],[113.8038,-7.214,0.0],[113.812,-7.2186,0.0],[113.7929,-7.2359,0.0],[113.7594,-7.2183,0.0],[113.7496,-7.2188,0.0],[113.7545,-7.2064,0.0]]],[[[114.048,-7.2033,0.0],[114.0456,-7.2061,0.0],[114.0453,-7.2026,0.0],[114.048,-7.2033,0.0]]],[[[113.9394,-7.2144,0.0],[113.9542,-7.2248,0.0],[113.9546,-7.2323,0.0],[113.947,-7.2297,0.0],[113.9295,-7.2037,0.0],[113.8866,-7.2115,0.0],[113.8811,-7.2031,0.0],[113.8833,-7.1935,0.0],[113.8971,-7.1841,0.0],[113.9268,-7.175,0.0],[113.9402,-7.1995,0.0],[113.9394,-7.2144,0.0]]],[[[114.3634,-7.1791,0.0],[114.3097,-7.1574,0.0],[114.2952,-7.1424,0.0],[114.2708,-7.0941,0.0],[114.2756,-7.0827,0.0],[114.298,-7.062,0.0],[114.3295,-7.0552,0.0],[114.369,-7.0852,0.0],[114.3759,-7.1153,0.0],[114.3916,-7.1329,0.0],[114.3961,-7.1579,0.0],[114.4073,-7.1653,0.0],[114.3876,-7.1815,0.0],[114.3634,-7.1791,0.0]],[[114.3248,-7.0968,0.0],[114.3202,-7.1002,0.0],[114.3256,-7.0966,0.0],[114.3248,-7.0968,0.0]],[[114.3347,-7.0949,0.0],[114.3342,-7.0947,0.0],[114.3285,-7.096,0.0],[114.3347,-7.0949,0.0]],[[114.3583,-7.1097,0.0],[114.3593,-7.1089,0.0],[114.3576,-7.1096,0.0],[114.3583,-7.1097,0.0]]],[[[114.5361,-7.1254,0.0],[114.533,-7.1196,0.0],[114.5387,-7.1219,0.0],[114.5361,-7.1254,0.0]]],[[[113.7966,-7.1249,0.0],[113.6777,-7.1091,0.0],[113.6538,-7.1277,0.0],[113.6441,-7.1297,0.0],[113.6381,-7.1233,0.0],[113.602,-7.1284,0.0],[113.6114,-7.1056,0.0],[113.6227,-7.104,0.0],[113.6212,-7.0848,0.0],[113.601,-7.0635,0.0],[113.5913,-7.0614,0.0],[113.6058,-7.0441,0.0],[113.6037,-7.0414,0.0],[113.5923,-7.0387,0.0],[113.5822,-7.0436,0.0],[113.5762,-7.0314,0.0],[113.5804,-7.0184,0.0],[113.5923,-7.0166,0.0],[113.5922,-7.0095,0.0],[113.6187,-7.01,0.0],[113.6092,-7.0004,0.0],[113.6124,-6.981,0.0],[113.6084,-6.9737,0.0],[113.6126,-6.9673,0.0],[113.6265,-6.9648,0.0],[113.6254,-6.9485,0.0],[113.6316,-6.9387,0.0],[113.6385,-6.939,0.0],[113.6388,-6.9298,0.0],[113.6497,-6.9196,0.0],[113.6356,-6.9172,0.0],[113.6425,-6.8876,0.0],[113.6827,-6.8821,0.0],[113.7306,-6.8876,0.0],[113.7728,-6.8831,0.0],[113.7957,-6.8859,0.0],[113.9083,-6.8634,0.0],[113.9495,-6.8694,0.0],[114.0006,-6.8868,0.0],[114.098,-6.9334,0.0],[114.1246,-6.9775,0.0],[114.1132,-6.9825,0.0],[114.0927,-6.9801,0.0],[114.0598,-7.003,0.0],[114.0357,-7.0092,0.0],[114.0122,-7.0054,0.0],[113.989,-7.0083,0.0],[113.9617,-7.0407,0.0],[113.9468,-7.0419,0.0],[113.9504,-7.0347,0.0],[113.9447,-7.0385,0.0],[113.9388,-7.0354,0.0],[113.9397,-7.0232,0.0],[113.9236,-7.0182,0.0],[113.9202,-7.0303,0.0],[113.9471,-7.0449,0.0],[113.9478,-7.0525,0.0],[113.9411,-7.0573,0.0],[113.9156,-7.0431,0.0],[113.8756,-7.0809,0.0],[113.8688,-7.0962,0.0],[113.888,-7.1045,0.0],[113.8887,-7.1157,0.0],[113.8948,-7.1227,0.0],[113.8887,-7.1337,0.0],[113.8349,-7.1329,0.0],[113.8356,-7.125,0.0],[113.8343,-7.1329,0.0],[113.8157,-7.1331,0.0],[113.7966,-7.1249,0.0]],[[114.0282,-6.9945,0.0],[114.028,-6.9941,0.0],[114.026,-7.0071,0.0],[114.0282,-6.9945,0.0]],[[113.6223,-7.0143,0.0],[113.623,-7.0147,0.0],[113.6281,-7.0142,0.0],[113.6223,-7.0143,0.0]],[[113.6837,-7.0754,0.0],[113.6812,-7.0751,0.0],[113.6849,-7.0759,0.0],[113.6837,-7.0754,0.0]],[[113.6863,-7.0765,0.0],[113.6876,-7.079,0.0],[113.6869,-7.0767,0.0],[113.6863,-7.0765,0.0]],[[113.6909,-7.0799,0.0],[113.6974,-7.0794,0.0],[113.696,-7.0788,0.0],[113.6909,-7.0799,0.0]],[[113.7241,-7.0787,0.0],[113.727,-7.0797,0.0],[113.7254,-7.0786,0.0],[113.7241,-7.0787,0.0]],[[113.7296,-7.0815,0.0],[113.7289,-7.081,0.0],[113.734,-7.0891,0.0],[113.7296,-7.0815,0.0]],[[113.7378,-7.0549,0.0],[113.7385,-7.0531,0.0],[113.7386,-7.0516,0.0],[113.7378,-7.0549,0.0]],[[113.739,-7.0466,0.0],[113.7392,-7.0432,0.0],[113.7383,-7.0458,0.0],[113.739,-7.0466,0.0]],[[113.7337,-7.0422,0.0],[113.7318,-7.0419,0.0],[113.7303,-7.042,0.0],[113.7337,-7.0422,0.0]],[[113.73,-7.0446,0.0],[113.7302,-7.0446,0.0],[113.7303,-7.042,0.0],[113.73,-7.0446,0.0]],[[113.7298,-7.0447,0.0],[113.7263,-7.044,0.0],[113.729,-7.0451,0.0],[113.7298,-7.0447,0.0]],[[113.7303,-7.016,0.0],[113.7313,-7.0139,0.0],[113.7312,-7.0137,0.0],[113.7303,-7.016,0.0]],[[113.7334,-7.0039,0.0],[113.7335,-7.0035,0.0],[113.7332,-7.0032,0.0],[113.7334,-7.0039,0.0]],[[113.7278,-6.9972,0.0],[113.7287,-6.9976,0.0],[113.7284,-6.9953,0.0],[113.7278,-6.9972,0.0]],[[113.7284,-6.9951,0.0],[113.7347,-6.9964,0.0],[113.7285,-6.9949,0.0],[113.7284,-6.9951,0.0]],[[113.7577,-6.9999,0.0],[113.7748,-7.0003,0.0],[113.7716,-6.9996,0.0],[113.7577,-6.9999,0.0]],[[113.7787,-7.0012,0.0],[113.7827,-7.0036,0.0],[113.7788,-7.0013,0.0],[113.7787,-7.0012,0.0]],[[113.8273,-7.0282,0.0],[113.8339,-7.0388,0.0],[113.8396,-7.0475,0.0],[113.8273,-7.0282,0.0]],[[113.8593,-7.0535,0.0],[113.8638,-7.0499,0.0],[113.8637,-7.0499,0.0],[113.8593,-7.0535,0.0]],[[113.8653,-7.0503,0.0],[113.8656,-7.0483,0.0],[113.8655,-7.0483,0.0],[113.8653,-7.0503,0.0]],[[113.8765,-7.0373,0.0],[113.8804,-7.0344,0.0],[113.8799,-7.0344,0.0],[113.8765,-7.0373,0.0]],[[113.8973,-7.0198,0.0],[113.8978,-7.0214,0.0],[113.9055,-7.0226,0.0],[113.8973,-7.0198,0.0]],[[113.9093,-7.0211,0.0],[113.9106,-7.0176,0.0],[113.9105,-7.0174,0.0],[113.9093,-7.0211,0.0]],[[113.9116,-7.0194,0.0],[113.9128,-7.0193,0.0],[113.9132,-7.0191,0.0],[113.9116,-7.0194,0.0]],[[113.9174,-7.0228,0.0],[113.9175,-7.0249,0.0],[113.9175,-7.0227,0.0],[113.9174,-7.0228,0.0]],[[113.9205,-7.0227,0.0],[113.9204,-7.0226,0.0],[113.9175,-7.0249,0.0],[113.9205,-7.0227,0.0]],[[113.6069,-7.0651,0.0],[113.6189,-7.0647,0.0],[113.6053,-7.0647,0.0],[113.6069,-7.0651,0.0]],[[113.6377,-7.0708,0.0],[113.621,-7.0654,0.0],[113.6351,-7.0707,0.0],[113.6377,-7.0708,0.0]],[[113.6396,-7.0715,0.0],[113.639,-7.0713,0.0],[113.6426,-7.0736,0.0],[113.6396,-7.0715,0.0]],[[113.6452,-7.0754,0.0],[113.645,-7.0753,0.0],[113.6452,-7.0772,0.0],[113.6452,-7.0754,0.0]],[[113.6457,-7.0806,0.0],[113.6456,-7.0806,0.0],[113.6457,-7.0807,0.0],[113.6457,-7.0806,0.0]],[[113.6628,-7.0742,0.0],[113.6761,-7.0786,0.0],[113.6762,-7.0785,0.0],[113.6628,-7.0742,0.0]],[[113.6802,-7.075,0.0],[113.6797,-7.0755,0.0],[113.6802,-7.075,0.0],[113.6802,-7.075,0.0]],[[113.7395,-7.0926,0.0],[113.7455,-7.0893,0.0],[113.7507,-7.0841,0.0],[113.7395,-7.0926,0.0]],[[113.7649,-7.0654,0.0],[113.7648,-7.0656,0.0],[113.7661,-7.0655,0.0],[113.7649,-7.0654,0.0]],[[113.7703,-7.066,0.0],[113.7699,-7.0659,0.0],[113.7705,-7.0664,0.0],[113.7703,-7.066,0.0]],[[113.7794,-7.0749,0.0],[113.7728,-7.0709,0.0],[113.7796,-7.0753,0.0],[113.7794,-7.0749,0.0]],[[113.7812,-7.0789,0.0],[113.7813,-7.0793,0.0],[113.7866,-7.0815,0.0],[113.7812,-7.0789,0.0]],[[113.7885,-7.0616,0.0],[113.7851,-7.071,0.0],[113.7883,-7.0644,0.0],[113.7885,-7.0616,0.0]],[[113.8238,-7.0521,0.0],[113.82,-7.0508,0.0],[113.8216,-7.0521,0.0],[113.8238,-7.0521,0.0]],[[113.8263,-7.0496,0.0],[113.8242,-7.0521,0.0],[113.8247,-7.0521,0.0],[113.8263,-7.0496,0.0]],[[113.8281,-7.0371,0.0],[113.828,-7.037,0.0],[113.8263,-7.0496,0.0],[113.8281,-7.0371,0.0]],[[113.8595,-7.0923,0.0],[113.8594,-7.0879,0.0],[113.8592,-7.0922,0.0],[113.8595,-7.0923,0.0]],[[113.7852,-7.088,0.0],[113.7852,-7.0882,0.0],[113.7912,-7.0887,0.0],[113.7852,-7.088,0.0]],[[113.8163,-7.0896,0.0],[113.8125,-7.1002,0.0],[113.8127,-7.1003,0.0],[113.8163,-7.0896,0.0]],[[113.8198,-7.1033,0.0],[113.8227,-7.1045,0.0],[113.8227,-7.1043,0.0],[113.8198,-7.1033,0.0]],[[113.8228,-7.1049,0.0],[113.8226,-7.1061,0.0],[113.823,-7.1059,0.0],[113.8228,-7.1049,0.0]],[[113.8355,-7.1188,0.0],[113.8378,-7.1226,0.0],[113.8358,-7.1189,0.0],[113.8355,-7.1188,0.0]],[[113.6724,-7.0007,0.0],[113.6712,-7.0018,0.0],[113.6708,-7.003,0.0],[113.6724,-7.0007,0.0]],[[113.6895,-6.9942,0.0],[113.6871,-6.9959,0.0],[113.6922,-6.9938,0.0],[113.6895,-6.9942,0.0]],[[113.7001,-6.9928,0.0],[113.7008,-6.9924,0.0],[113.6999,-6.9928,0.0],[113.7001,-6.9928,0.0]],[[113.7062,-6.9929,0.0],[113.7069,-6.9947,0.0],[113.7067,-6.9898,0.0],[113.7062,-6.9929,0.0]],[[113.7081,-6.998,0.0],[113.7089,-6.998,0.0],[113.7078,-6.9973,0.0],[113.7081,-6.998,0.0]],[[113.8143,-7.0023,0.0],[113.8168,-7.0004,0.0],[113.8137,-7.0022,0.0],[113.8143,-7.0023,0.0]],[[113.8177,-6.9941,0.0],[113.8171,-6.9942,0.0],[113.8168,-7.0004,0.0],[113.8177,-6.9941,0.0]],[[113.8282,-6.9926,0.0],[113.8279,-6.9925,0.0],[113.8278,-6.9926,0.0],[113.8282,-6.9926,0.0]],[[113.8526,-6.9879,0.0],[113.8522,-6.9862,0.0],[113.851,-6.9858,0.0],[113.8526,-6.9879,0.0]],[[113.8893,-6.9827,0.0],[113.8921,-6.9826,0.0],[113.8939,-6.9815,0.0],[113.8893,-6.9827,0.0]],[[113.8971,-6.9825,0.0],[113.8972,-6.9825,0.0],[113.8939,-6.9815,0.0],[113.8971,-6.9825,0.0]],[[113.9009,-6.9814,0.0],[113.9,-6.981,0.0],[113.8974,-6.9824,0.0],[113.9009,-6.9814,0.0]],[[113.9365,-6.9731,0.0],[113.9363,-6.9731,0.0],[113.936,-6.9791,0.0],[113.9365,-6.9731,0.0]],[[113.9384,-6.9725,0.0],[113.9421,-6.972,0.0],[113.9408,-6.9707,0.0],[113.9384,-6.9725,0.0]],[[113.9423,-6.972,0.0],[113.9441,-6.9673,0.0],[113.9422,-6.972,0.0],[113.9423,-6.972,0.0]],[[113.947,-6.9652,0.0],[113.9465,-6.9652,0.0],[113.9441,-6.9673,0.0],[113.947,-6.9652,0.0]],[[113.9519,-6.9653,0.0],[113.9525,-6.9671,0.0],[113.9519,-6.9619,0.0],[113.9519,-6.9653,0.0]],[[113.9525,-6.9672,0.0],[113.9581,-6.9682,0.0],[113.9525,-6.9671,0.0],[113.9525,-6.9672,0.0]],[[113.9866,-6.9793,0.0],[113.9927,-6.9803,0.0],[113.9866,-6.9788,0.0],[113.9866,-6.9793,0.0]],[[113.993,-6.9803,0.0],[114.002,-6.9757,0.0],[113.9929,-6.9803,0.0],[113.993,-6.9803,0.0]],[[114.0228,-6.9868,0.0],[114.0226,-6.9866,0.0],[114.0041,-6.9845,0.0],[114.0228,-6.9868,0.0]],[[114.0258,-6.989,0.0],[114.0334,-6.9737,0.0],[114.0258,-6.989,0.0],[114.0258,-6.989,0.0]],[[113.8715,-7.0327,0.0],[113.8747,-7.0367,0.0],[113.8758,-7.0368,0.0],[113.8715,-7.0327,0.0]],[[113.8663,-7.0318,0.0],[113.8712,-7.0323,0.0],[113.8653,-7.031,0.0],[113.8663,-7.0318,0.0]],[[113.8905,-6.986,0.0],[113.8917,-6.9851,0.0],[113.8917,-6.9832,0.0],[113.8905,-6.986,0.0]],[[113.9019,-7.0003,0.0],[113.902,-6.9997,0.0],[113.9004,-6.9947,0.0],[113.9019,-7.0003,0.0]],[[113.7012,-6.9154,0.0],[113.6983,-6.9147,0.0],[113.6988,-6.915,0.0],[113.7012,-6.9154,0.0]],[[113.708,-6.9144,0.0],[113.7029,-6.9157,0.0],[113.7033,-6.9158,0.0],[113.708,-6.9144,0.0]],[[113.7205,-6.9299,0.0],[113.721,-6.925,0.0],[113.7178,-6.9359,0.0],[113.7205,-6.9299,0.0]],[[113.7333,-6.9338,0.0],[113.7328,-6.9337,0.0],[113.7338,-6.9365,0.0],[113.7333,-6.9338,0.0]],[[113.7411,-6.9392,0.0],[113.7421,-6.9388,0.0],[113.7338,-6.9365,0.0],[113.7411,-6.9392,0.0]],[[113.7703,-6.933,0.0],[113.7653,-6.9323,0.0],[113.7693,-6.9335,0.0],[113.7703,-6.933,0.0]],[[113.7759,-6.9337,0.0],[113.7759,-6.9337,0.0],[113.7771,-6.9402,0.0],[113.7759,-6.9337,0.0]],[[113.8136,-6.9427,0.0],[113.8134,-6.9432,0.0],[113.814,-6.9429,0.0],[113.8136,-6.9427,0.0]],[[113.8305,-6.9584,0.0],[113.8304,-6.9584,0.0],[113.8305,-6.9584,0.0],[113.8305,-6.9584,0.0]],[[113.8342,-6.9546,0.0],[113.8333,-6.9544,0.0],[113.8309,-6.956,0.0],[113.8342,-6.9546,0.0]],[[113.8412,-6.9555,0.0],[113.8401,-6.9553,0.0],[113.8411,-6.9556,0.0],[113.8412,-6.9555,0.0]],[[113.8415,-6.9514,0.0],[113.8413,-6.955,0.0],[113.8419,-6.9533,0.0],[113.8415,-6.9514,0.0]],[[113.8381,-6.9469,0.0],[113.841,-6.9493,0.0],[113.8408,-6.9484,0.0],[113.8381,-6.9469,0.0]],[[113.8349,-6.9255,0.0],[113.8348,-6.9258,0.0],[113.8378,-6.9258,0.0],[113.8349,-6.9255,0.0]],[[113.8645,-6.9368,0.0],[113.8632,-6.9375,0.0],[113.8634,-6.9376,0.0],[113.8645,-6.9368,0.0]],[[113.864,-6.9328,0.0],[113.8648,-6.9367,0.0],[113.865,-6.9365,0.0],[113.864,-6.9328,0.0]],[[113.8681,-6.9286,0.0],[113.8678,-6.9289,0.0],[113.8688,-6.9285,0.0],[113.8681,-6.9286,0.0]],[[113.8712,-6.9229,0.0],[113.8705,-6.9278,0.0],[113.871,-6.9276,0.0],[113.8712,-6.9229,0.0]],[[113.8795,-6.9118,0.0],[113.8767,-6.9118,0.0],[113.8796,-6.912,0.0],[113.8795,-6.9118,0.0]],[[113.8793,-6.9419,0.0],[113.8765,-6.9388,0.0],[113.8792,-6.9418,0.0],[113.8793,-6.9419,0.0]],[[113.9038,-6.9232,0.0],[113.9034,-6.9236,0.0],[113.904,-6.9233,0.0],[113.9038,-6.9232,0.0]],[[113.9124,-6.9309,0.0],[113.9096,-6.929,0.0],[113.9123,-6.9311,0.0],[113.9124,-6.9309,0.0]],[[113.9141,-6.9352,0.0],[113.9105,-6.9369,0.0],[113.9103,-6.9374,0.0],[113.9141,-6.9352,0.0]],[[113.9388,-6.966,0.0],[113.9356,-6.9646,0.0],[113.9393,-6.9666,0.0],[113.9388,-6.966,0.0]],[[113.9414,-6.9676,0.0],[113.9411,-6.9677,0.0],[113.9413,-6.9678,0.0],[113.9414,-6.9676,0.0]],[[113.6985,-6.9869,0.0],[113.6987,-6.9835,0.0],[113.6983,-6.9838,0.0],[113.6985,-6.9869,0.0]],[[113.6987,-6.9826,0.0],[113.6988,-6.9818,0.0],[113.6984,-6.9823,0.0],[113.6987,-6.9826,0.0]],[[113.6991,-6.9813,0.0],[113.7024,-6.98,0.0],[113.6998,-6.9803,0.0],[113.6991,-6.9813,0.0]],[[113.8625,-6.9149,0.0],[113.8664,-6.9271,0.0],[113.8665,-6.9271,0.0],[113.8625,-6.9149,0.0]]],[[[114.0523,-7.1127,0.0],[113.9847,-7.1057,0.0],[113.9491,-7.0884,0.0],[113.9412,-7.0895,0.0],[113.9363,-7.0687,0.0],[113.9513,-7.0552,0.0],[113.9592,-7.0656,0.0],[113.9785,-7.0725,0.0],[114.0141,-7.0697,0.0],[114.047,-7.0738,0.0],[114.0539,-7.0789,0.0],[114.0648,-7.1048,0.0],[114.0646,-7.1105,0.0],[114.0523,-7.1127,0.0]]],[[[114.4851,-6.9998,0.0],[114.4897,-6.9929,0.0],[114.4923,-6.9856,0.0],[114.4952,-6.9929,0.0],[114.4851,-6.9998,0.0]]],[[[114.1614,-6.999,0.0],[114.171,-6.9665,0.0],[114.1825,-6.9673,0.0],[114.1871,-6.98,0.0],[114.1826,-7.0023,0.0],[114.1777,-7.0051,0.0],[114.1614,-6.999,0.0]]],[[[114.4325,-6.9626,0.0],[114.4368,-6.9685,0.0],[114.432,-6.9807,0.0],[114.4284,-6.9699,0.0],[114.4325,-6.9626,0.0]]],[[[114.4399,-5.5499,0.0],[114.4518,-5.547,0.0],[114.4508,-5.5614,0.0],[114.4548,-5.5652,0.0],[114.4467,-5.5721,0.0],[114.4472,-5.579,0.0],[114.4348,-5.588,0.0],[114.4223,-5.59,0.0],[114.4172,-5.5741,0.0],[114.3945,-5.568,0.0],[114.3973,-5.5491,0.0],[114.3938,-5.5428,0.0],[114.4096,-5.5329,0.0],[114.4155,-5.5364,0.0],[114.4131,-5.5457,0.0],[114.4197,-5.5523,0.0],[114.4217,-5.546,0.0],[114.4293,-5.5523,0.0],[114.4313,-5.5459,0.0],[114.4386,-5.5447,0.0],[114.4399,-5.5499,0.0]]],[[[114.4398,-5.4532,0.0],[114.4253,-5.4606,0.0],[114.4143,-5.4501,0.0],[114.4095,-5.4398,0.0],[114.4149,-5.4279,0.0],[114.4228,-5.4296,0.0],[114.4378,-5.4458,0.0],[114.4398,-5.4532,0.0]]],[[[114.6128,-7.1618,0.0],[114.6114,-7.1662,0.0],[114.6168,-7.1647,0.0],[114.6176,-7.1693,0.0],[114.605,-7.171,0.0],[114.6128,-7.1618,0.0]]],[[[114.6853,-7.1644,0.0],[114.6567,-7.17,0.0],[114.6561,-7.1657,0.0],[114.6676,-7.1588,0.0],[114.6782,-7.1588,0.0],[114.6853,-7.1644,0.0]]],[[[114.5955,-7.1641,0.0],[114.5755,-7.1663,0.0],[114.5727,-7.1571,0.0],[114.551,-7.1417,0.0],[114.5071,-7.145,0.0],[114.506,-7.153,0.0],[114.5101,-7.1537,0.0],[114.488,-7.1595,0.0],[114.481,-7.1571,0.0],[114.4749,-7.1463,0.0],[114.4811,-7.1382,0.0],[114.4991,-7.1358,0.0],[114.4994,-7.1429,0.0],[114.5077,-7.1443,0.0],[114.5159,-7.1417,0.0],[114.514,-7.1356,0.0],[114.523,-7.1333,0.0],[114.5478,-7.1286,0.0],[114.5658,-7.1329,0.0],[114.5757,-7.1284,0.0],[114.5782,-7.1333,0.0],[114.6132,-7.1393,0.0],[114.6159,-7.153,0.0],[114.5955,-7.1641,0.0]]],[[[114.7732,-7.1327,0.0],[114.7691,-7.1328,0.0],[114.7679,-7.131,0.0],[114.768,-7.1295,0.0],[114.7732,-7.1327,0.0]]],[[[114.5806,-7.1303,0.0],[114.5841,-7.1264,0.0],[114.5874,-7.1273,0.0],[114.5863,-7.129,0.0],[114.5806,-7.1303,0.0]]],[[[114.7753,-7.1336,0.0],[114.774,-7.1227,0.0],[114.7795,-7.1147,0.0],[114.7841,-7.1197,0.0],[114.7798,-7.13,0.0],[114.7753,-7.1336,0.0]]],[[[114.7935,-7.1075,0.0],[114.7955,-7.1041,0.0],[114.7951,-7.1078,0.0],[114.7935,-7.1075,0.0]]],[[[114.6998,-7.103,0.0],[114.6992,-7.107,0.0],[114.6965,-7.1055,0.0],[114.6998,-7.103,0.0]]],[[[114.6829,-7.0993,0.0],[114.6763,-7.0973,0.0],[114.6849,-7.0922,0.0],[114.6878,-7.0952,0.0],[114.6829,-7.0993,0.0]]],[[[115.1971,-7.0921,0.0],[115.1924,-7.0889,0.0],[115.198,-7.0826,0.0],[115.2008,-7.0877,0.0],[115.1971,-7.0921,0.0]]],[[[114.6496,-7.0851,0.0],[114.6437,-7.0805,0.0],[114.6461,-7.0733,0.0],[114.651,-7.0796,0.0],[114.6496,-7.0851,0.0]]],[[[114.5749,-7.0749,0.0],[114.5788,-7.0712,0.0],[114.5713,-7.0759,0.0],[114.5749,-7.0749,0.0]]],[[[115.4667,-7.0072,0.0],[115.4315,-6.9975,0.0],[115.4257,-6.9833,0.0],[115.4304,-6.9787,0.0],[115.4513,-6.983,0.0],[115.4491,-6.977,0.0],[115.4574,-6.981,0.0],[115.4645,-6.977,0.0],[115.4623,-6.972,0.0],[115.4674,-6.9766,0.0],[115.4633,-6.9884,0.0],[115.4764,-7.0054,0.0],[115.4667,-7.0072,0.0]]],[[[115.2927,-6.9778,0.0],[115.2923,-6.9761,0.0],[115.2956,-6.9772,0.0],[115.2927,-6.9778,0.0]]],[[[115.2527,-6.9685,0.0],[115.2631,-6.9756,0.0],[115.2618,-6.9851,0.0],[115.2473,-6.9768,0.0],[115.2444,-6.9706,0.0],[115.2527,-6.9685,0.0]]],[[[115.4143,-6.9744,0.0],[115.4176,-6.9819,0.0],[115.4145,-6.9854,0.0],[115.4089,-6.9791,0.0],[115.4151,-6.9599,0.0],[115.4181,-6.966,0.0],[115.4143,-6.9744,0.0]]],[[[115.3243,-6.9696,0.0],[115.3235,-6.9654,0.0],[115.3252,-6.9642,0.0],[115.3243,-6.9696,0.0]]],[[[115.2499,-6.9601,0.0],[115.2549,-6.9612,0.0],[115.2611,-6.9681,0.0],[115.2594,-6.9698,0.0],[115.2499,-6.9601,0.0]]],[[[115.3079,-6.9607,0.0],[115.306,-6.9626,0.0],[115.3057,-6.9595,0.0],[115.3079,-6.9607,0.0]]],[[[115.4364,-6.9576,0.0],[115.4378,-6.9567,0.0],[115.438,-6.9587,0.0],[115.4364,-6.9576,0.0]]],[[[115.4161,-6.9466,0.0],[115.4176,-6.9514,0.0],[115.416,-6.9536,0.0],[115.4137,-6.9486,0.0],[115.4161,-6.9466,0.0]]],[[[115.4346,-6.9473,0.0],[115.4328,-6.9468,0.0],[115.4327,-6.9422,0.0],[115.4346,-6.9473,0.0]]],[[[115.3642,-6.9454,0.0],[115.3642,-6.9439,0.0],[115.3653,-6.9446,0.0],[115.3642,-6.9454,0.0]]],[[[115.3842,-6.9392,0.0],[115.3846,-6.937,0.0],[115.3871,-6.9374,0.0],[115.3842,-6.9392,0.0]]],[[[115.3599,-6.9366,0.0],[115.3589,-6.9347,0.0],[115.3607,-6.9358,0.0],[115.3599,-6.9366,0.0]]],[[[115.4371,-6.9462,0.0],[115.4302,-6.9379,0.0],[115.4357,-6.93,0.0],[115.4312,-6.9234,0.0],[115.4361,-6.9206,0.0],[115.44,-6.923,0.0],[115.4402,-6.9305,0.0],[115.4351,-6.9332,0.0],[115.4371,-6.9462,0.0]]],[[[115.3836,-6.9319,0.0],[115.3844,-6.9318,0.0],[115.3844,-6.9334,0.0],[115.3836,-6.9319,0.0]]],[[[115.3713,-6.9277,0.0],[115.3735,-6.9308,0.0],[115.3708,-6.9288,0.0],[115.3713,-6.9277,0.0]]],[[[115.406,-6.9275,0.0],[115.4053,-6.9279,0.0],[115.405,-6.9274,0.0],[115.406,-6.9275,0.0]]],[[[115.208,-6.9217,0.0],[115.2082,-6.9223,0.0],[115.2077,-6.9225,0.0],[115.208,-6.9217,0.0]]],[[[115.2981,-6.9561,0.0],[115.3094,-6.9777,0.0],[115.286,-6.9701,0.0],[115.2895,-6.9801,0.0],[115.3005,-6.9884,0.0],[115.3008,-6.9983,0.0],[115.292,-7.0053,0.0],[115.2927,-7.0127,0.0],[115.2734,-6.9941,0.0],[115.2644,-6.9912,0.0],[115.2627,-6.9636,0.0],[115.2557,-6.9547,0.0],[115.2737,-6.9488,0.0],[115.2696,-6.9355,0.0],[115.2624,-6.9358,0.0],[115.2473,-6.948,0.0],[115.2401,-6.9332,0.0],[115.2353,-6.9444,0.0],[115.2278,-6.9354,0.0],[115.2115,-6.9424,0.0],[115.203,-6.9382,0.0],[115.2104,-6.9239,0.0],[115.206,-6.9182,0.0],[115.2073,-6.9271,0.0],[115.1975,-6.9216,0.0],[115.2066,-6.8897,0.0],[115.2201,-6.8827,0.0],[115.2395,-6.886,0.0],[115.2423,-6.8789,0.0],[115.2384,-6.8727,0.0],[115.2437,-6.8766,0.0],[115.2531,-6.8622,0.0],[115.2484,-6.8445,0.0],[115.2362,-6.838,0.0],[115.2263,-6.8424,0.0],[115.2326,-6.8328,0.0],[115.2624,-6.8267,0.0],[115.3185,-6.8343,0.0],[115.4053,-6.8369,0.0],[115.518,-6.8812,0.0],[115.5425,-6.9016,0.0],[115.5596,-6.9063,0.0],[115.5645,-6.9224,0.0],[115.5759,-6.9323,0.0],[115.5703,-6.9433,0.0],[115.5531,-6.952,0.0],[115.5482,-6.9661,0.0],[115.5192,-6.9452,0.0],[115.4973,-6.9487,0.0],[115.4936,-6.936,0.0],[115.4881,-6.9369,0.0],[115.4854,-6.9274,0.0],[115.4843,-6.934,0.0],[115.4762,-6.931,0.0],[115.4804,-6.9263,0.0],[115.4756,-6.9231,0.0],[115.4674,-6.9308,0.0],[115.459,-6.9335,0.0],[115.4577,-6.9282,0.0],[115.4539,-6.9315,0.0],[115.462,-6.9218,0.0],[115.455,-6.921,0.0],[115.4559,-6.9143,0.0],[115.4491,-6.911,0.0],[115.4441,-6.9172,0.0],[115.4459,-6.9247,0.0],[115.4414,-6.9191,0.0],[115.4339,-6.9209,0.0],[115.4224,-6.9159,0.0],[115.4244,-6.9324,0.0],[115.4187,-6.9283,0.0],[115.4198,-6.9369,0.0],[115.4097,-6.9334,0.0],[115.4169,-6.9418,0.0],[115.4123,-6.9425,0.0],[115.4062,-6.9238,0.0],[115.3972,-6.9238,0.0],[115.3975,-6.907,0.0],[115.3899,-6.9037,0.0],[115.3812,-6.9233,0.0],[115.3785,-6.8993,0.0],[115.3722,-6.8994,0.0],[115.3733,-6.9037,0.0],[115.3646,-6.9117,0.0],[115.3701,-6.9161,0.0],[115.3652,-6.9247,0.0],[115.3686,-6.9292,0.0],[115.3583,-6.9247,0.0],[115.3537,-6.9158,0.0],[115.3499,-6.9191,0.0],[115.352,-6.9246,0.0],[115.3336,-6.9201,0.0],[115.334,-6.9288,0.0],[115.3386,-6.9321,0.0],[115.3304,-6.931,0.0],[115.3386,-6.9367,0.0],[115.3367,-6.9477,0.0],[115.3436,-6.9372,0.0],[115.3507,-6.9365,0.0],[115.3519,-6.9421,0.0],[115.364,-6.9469,0.0],[115.3586,-6.9509,0.0],[115.3619,-6.9552,0.0],[115.3706,-6.9505,0.0],[115.3849,-6.9578,0.0],[115.392,-6.9698,0.0],[115.3907,-6.9759,0.0],[115.3748,-6.9734,0.0],[115.3864,-6.9814,0.0],[115.3967,-6.9787,0.0],[115.404,-6.988,0.0],[115.381,-6.9952,0.0],[115.3619,-6.9918,0.0],[115.3332,-6.9957,0.0],[115.315,-6.9697,0.0],[115.3233,-6.9723,0.0],[115.3253,-6.9697,0.0],[115.3257,-6.9617,0.0],[115.318,-6.9621,0.0],[115.3134,-6.951,0.0],[115.3111,-6.9557,0.0],[115.3032,-6.9484,0.0],[115.2981,-6.9561,0.0]],[[115.3358,-6.8473,0.0],[115.3364,-6.8441,0.0],[115.336,-6.8438,0.0],[115.3358,-6.8473,0.0]],[[115.3376,-6.8483,0.0],[115.3377,-6.8481,0.0],[115.3358,-6.8473,0.0],[115.3376,-6.8483,0.0]],[[115.3307,-6.8512,0.0],[115.3301,-6.8515,0.0],[115.3329,-6.8534,0.0],[115.3307,-6.8512,0.0]],[[115.3295,-6.8518,0.0],[115.331,-6.8574,0.0],[115.3297,-6.8516,0.0],[115.3295,-6.8518,0.0]],[[115.3331,-6.8591,0.0],[115.3354,-6.8595,0.0],[115.331,-6.8574,0.0],[115.3331,-6.8591,0.0]],[[115.3662,-6.8929,0.0],[115.3661,-6.8895,0.0],[115.3633,-6.8821,0.0],[115.3662,-6.8929,0.0]],[[115.368,-6.8995,0.0],[115.3681,-6.8992,0.0],[115.3677,-6.8985,0.0],[115.368,-6.8995,0.0]],[[115.3663,-6.9031,0.0],[115.3659,-6.9051,0.0],[115.3672,-6.9015,0.0],[115.3663,-6.9031,0.0]]],[[[115.2375,-6.8735,0.0],[115.2359,-6.8749,0.0],[115.2358,-6.8742,0.0],[115.2375,-6.8735,0.0]]],[[[115.2194,-6.8392,0.0],[115.2211,-6.8438,0.0],[115.2168,-6.8457,0.0],[115.2161,-6.8443,0.0],[115.2194,-6.8392,0.0]]],[[[114.5932,-5.1029,0.0],[114.5956,-5.1025,0.0],[114.5941,-5.104,0.0],[114.5932,-5.1029,0.0]]],[[[114.6042,-5.0969,0.0],[114.5896,-5.0907,0.0],[114.5938,-5.0751,0.0],[114.5883,-5.0612,0.0],[114.6095,-5.043,0.0],[114.6121,-5.0741,0.0],[114.6042,-5.0969,0.0]]],[[[115.5948,-7.0531,0.0],[115.5936,-7.0547,0.0],[115.5936,-7.0538,0.0],[115.5948,-7.0531,0.0]]],[[[115.5965,-7.0536,0.0],[115.5991,-7.0504,0.0],[115.6026,-7.0534,0.0],[115.6022,-7.0546,0.0],[115.5965,-7.0536,0.0]]],[[[115.6156,-7.0625,0.0],[115.6132,-7.0565,0.0],[115.6182,-7.0472,0.0],[115.6028,-7.0525,0.0],[115.5965,-7.0382,0.0],[115.6135,-7.0373,0.0],[115.6272,-7.0422,0.0],[115.6319,-7.034,0.0],[115.6366,-7.0364,0.0],[115.6358,-7.0611,0.0],[115.6214,-7.0647,0.0],[115.6156,-7.0625,0.0]]],[[[115.5996,-7.0458,0.0],[115.6003,-7.0478,0.0],[115.5995,-7.0487,0.0],[115.5996,-7.0458,0.0]]],[[[115.5339,-7.0339,0.0],[115.5338,-7.0342,0.0],[115.5334,-7.0341,0.0],[115.5339,-7.0339,0.0]]],[[[115.5415,-7.0279,0.0],[115.5436,-7.01,0.0],[115.5545,-7.0125,0.0],[115.5494,-7.0252,0.0],[115.5415,-7.0279,0.0]]],[[[115.5024,-7.0141,0.0],[115.5015,-7.0145,0.0],[115.5013,-7.0141,0.0],[115.5024,-7.0141,0.0]]],[[[115.5424,-7.0088,0.0],[115.5416,-7.0112,0.0],[115.5393,-7.0105,0.0],[115.5424,-7.0088,0.0]]],[[[115.5406,-6.9903,0.0],[115.536,-7.0025,0.0],[115.5409,-7.0087,0.0],[115.5362,-7.0075,0.0],[115.5385,-7.0222,0.0],[115.5338,-7.0334,0.0],[115.5287,-7.0341,0.0],[115.5164,-7.0173,0.0],[115.5043,-7.0143,0.0],[115.5174,-7.0025,0.0],[115.5194,-7.0067,0.0],[115.5169,-6.9999,0.0],[115.5446,-6.9817,0.0],[115.5453,-6.9981,0.0],[115.5406,-6.9903,0.0]]],[[[115.5986,-7.0018,0.0],[115.596,-7.005,0.0],[115.5949,-7.0039,0.0],[115.5986,-7.0018,0.0]]],[[[115.6017,-7.002,0.0],[115.6053,-7.0007,0.0],[115.6053,-7.0025,0.0],[115.6017,-7.002,0.0]]],[[[115.5887,-6.9999,0.0],[115.5874,-6.9988,0.0],[115.5886,-6.9988,0.0],[115.5887,-6.9999,0.0]]],[[[115.6012,-6.9945,0.0],[115.6019,-6.9948,0.0],[115.6012,-6.9955,0.0],[115.6012,-6.9945,0.0]]],[[[115.5861,-6.9869,0.0],[115.5853,-6.9955,0.0],[115.5779,-6.9913,0.0],[115.5788,-6.9858,0.0],[115.5861,-6.9869,0.0]]],[[[115.5865,-6.9397,0.0],[115.6739,-6.9893,0.0],[115.6838,-7.0005,0.0],[115.6852,-7.0128,0.0],[115.6482,-6.9974,0.0],[115.6408,-6.9968,0.0],[115.632,-7.0055,0.0],[115.6238,-7.0009,0.0],[115.6153,-7.003,0.0],[115.6007,-6.9926,0.0],[115.5899,-6.9931,0.0],[115.5924,-6.9792,0.0],[115.584,-6.9743,0.0],[115.5725,-6.9754,0.0],[115.5652,-6.9603,0.0],[115.5704,-6.9557,0.0],[115.5763,-6.962,0.0],[115.5719,-6.947,0.0],[115.5865,-6.9397,0.0]]],[[[115.5535,-6.9638,0.0],[115.5552,-6.9678,0.0],[115.5522,-6.9682,0.0],[115.5535,-6.9638,0.0]]],[[[115.4988,-6.966,0.0],[115.4997,-6.9626,0.0],[115.501,-6.964,0.0],[115.4988,-6.966,0.0]]],[[[115.5254,-6.9584,0.0],[115.5258,-6.9594,0.0],[115.5247,-6.9594,0.0],[115.5254,-6.9584,0.0]]],[[[115.5067,-6.9569,0.0],[115.5074,-6.9594,0.0],[115.5031,-6.9581,0.0],[115.5067,-6.9569,0.0]]],[[[115.5251,-6.9572,0.0],[115.5181,-6.9601,0.0],[115.5232,-6.953,0.0],[115.5251,-6.9572,0.0]]],[[[115.4984,-6.9542,0.0],[115.5009,-6.9583,0.0],[115.4977,-6.9571,0.0],[115.4984,-6.9542,0.0]]],[[[115.5047,-6.9513,0.0],[115.5015,-6.9539,0.0],[115.5034,-6.9511,0.0],[115.5047,-6.9513,0.0]]],[[[115.5016,-6.9512,0.0],[115.5011,-6.9513,0.0],[115.5013,-6.951,0.0],[115.5016,-6.9512,0.0]]],[[[115.501,-6.9511,0.0],[115.5008,-6.951,0.0],[115.501,-6.9508,0.0],[115.501,-6.9511,0.0]]],[[[115.5074,-6.9524,0.0],[115.5067,-6.9492,0.0],[115.5087,-6.9493,0.0],[115.5074,-6.9524,0.0]]],[[[115.5004,-6.9508,0.0],[115.5005,-6.9505,0.0],[115.5006,-6.9508,0.0],[115.5004,-6.9508,0.0]]],[[[115.5162,-6.9463,0.0],[115.5224,-6.9505,0.0],[115.5125,-6.9521,0.0],[115.5088,-6.9483,0.0],[115.5162,-6.9463,0.0]]],[[[115.486,-6.944,0.0],[115.4929,-6.9435,0.0],[115.4988,-6.9531,0.0],[115.4901,-6.9498,0.0],[115.486,-6.944,0.0]]],[[[115.4579,-6.9474,0.0],[115.4619,-6.9459,0.0],[115.4626,-6.9473,0.0],[115.4613,-6.9487,0.0],[115.4579,-6.9474,0.0]]],[[[115.4728,-6.9414,0.0],[115.4803,-6.9454,0.0],[115.4733,-6.9452,0.0],[115.4728,-6.9414,0.0]]],[[[115.6374,-6.937,0.0],[115.6363,-6.9374,0.0],[115.6367,-6.9334,0.0],[115.6374,-6.937,0.0]]],[[[115.6353,-6.6712,0.0],[115.6364,-6.6703,0.0],[115.6353,-6.6743,0.0],[115.6353,-6.6712,0.0]]],[[[115.5127,-6.6084,0.0],[115.5124,-6.6068,0.0],[115.5131,-6.6051,0.0],[115.5127,-6.6084,0.0]]],[[[115.5452,-6.5627,0.0],[115.5454,-6.5613,0.0],[115.5461,-6.5616,0.0],[115.5452,-6.5627,0.0]]],[[[115.87,-7.1573,0.0],[115.8689,-7.1564,0.0],[115.87,-7.155,0.0],[115.87,-7.1573,0.0]]],[[[115.7987,-7.1282,0.0],[115.7936,-7.1388,0.0],[115.8021,-7.1479,0.0],[115.8085,-7.1467,0.0],[115.8089,-7.1539,0.0],[115.8205,-7.148,0.0],[115.8355,-7.1489,0.0],[115.8432,-7.1627,0.0],[115.8606,-7.1581,0.0],[115.869,-7.1632,0.0],[115.8723,-7.1567,0.0],[115.8852,-7.1645,0.0],[115.893,-7.1589,0.0],[115.8898,-7.1573,0.0],[115.8924,-7.1499,0.0],[115.8876,-7.1469,0.0],[115.8873,-7.1541,0.0],[115.8799,-7.1599,0.0],[115.8734,-7.1515,0.0],[115.8705,-7.1317,0.0],[115.8881,-7.1203,0.0],[115.8932,-7.1262,0.0],[115.8922,-7.1383,0.0],[115.8991,-7.1163,0.0],[115.8913,-7.11,0.0],[115.9069,-7.1026,0.0],[115.8993,-7.1741,0.0],[115.8934,-7.1925,0.0],[115.8778,-7.2025,0.0],[115.8288,-7.2062,0.0],[115.819,-7.198,0.0],[115.7546,-7.1716,0.0],[115.7467,-7.1639,0.0],[115.7416,-7.1525,0.0],[115.7534,-7.1459,0.0],[115.7522,-7.1413,0.0],[115.7629,-7.1294,0.0],[115.772,-7.1429,0.0],[115.7699,-7.1487,0.0],[115.7754,-7.15,0.0],[115.7771,-7.1425,0.0],[115.7714,-7.1373,0.0],[115.7789,-7.129,0.0],[115.78,-7.1099,0.0],[115.7968,-7.1209,0.0],[115.7987,-7.1282,0.0]]],[[[115.8397,-7.1521,0.0],[115.8398,-7.1508,0.0],[115.8419,-7.1519,0.0],[115.8397,-7.1521,0.0]]],[[[115.8595,-7.1522,0.0],[115.8547,-7.1479,0.0],[115.8569,-7.145,0.0],[115.8646,-7.1481,0.0],[115.8595,-7.1522,0.0]]],[[[115.8513,-7.1477,0.0],[115.8535,-7.1421,0.0],[115.8538,-7.1474,0.0],[115.8513,-7.1477,0.0]]],[[[115.8405,-7.1428,0.0],[115.8434,-7.1441,0.0],[115.8417,-7.1459,0.0],[115.8405,-7.1428,0.0]]],[[[115.8357,-7.1401,0.0],[115.8398,-7.1356,0.0],[115.8415,-7.1402,0.0],[115.8357,-7.1401,0.0]]],[[[115.7714,-7.1261,0.0],[115.7604,-7.1292,0.0],[115.7651,-7.1202,0.0],[115.7714,-7.1261,0.0]]],[[[115.768,-7.1201,0.0],[115.7675,-7.1202,0.0],[115.7673,-7.1196,0.0],[115.768,-7.1201,0.0]]],[[[115.7597,-7.1187,0.0],[115.756,-7.1152,0.0],[115.7642,-7.116,0.0],[115.7597,-7.1187,0.0]]],[[[115.7594,-7.106,0.0],[115.7704,-7.1097,0.0],[115.7703,-7.1155,0.0],[115.7573,-7.1122,0.0],[115.7594,-7.106,0.0]]],[[[115.7589,-7.1032,0.0],[115.7582,-7.104,0.0],[115.7579,-7.1027,0.0],[115.7589,-7.1032,0.0]]],[[[115.7495,-7.1037,0.0],[115.7547,-7.0868,0.0],[115.7614,-7.0844,0.0],[115.7664,-7.0903,0.0],[115.7648,-7.0958,0.0],[115.7574,-7.0986,0.0],[115.755,-7.1079,0.0],[115.7495,-7.1037,0.0]]],[[[115.6953,-7.073,0.0],[115.6852,-7.0658,0.0],[115.6862,-7.0563,0.0],[115.7112,-7.0602,0.0],[115.709,-7.0724,0.0],[115.6953,-7.073,0.0]]],[[[115.801,-7.0598,0.0],[115.8005,-7.0573,0.0],[115.8043,-7.0516,0.0],[115.801,-7.0598,0.0]]],[[[115.6496,-7.0602,0.0],[115.6485,-7.0465,0.0],[115.6596,-7.0405,0.0],[115.6752,-7.0621,0.0],[115.6619,-7.0665,0.0],[115.6496,-7.0602,0.0]]],[[[115.8108,-7.0361,0.0],[115.8166,-7.0324,0.0],[115.8133,-7.0388,0.0],[115.8108,-7.0361,0.0]]],[[[115.6942,-7.0198,0.0],[115.699,-7.0243,0.0],[115.6981,-7.027,0.0],[115.6901,-7.0236,0.0],[115.6942,-7.0198,0.0]]],[[[115.6901,-7.0094,0.0],[115.6915,-7.0109,0.0],[115.6901,-7.01,0.0],[115.6901,-7.0094,0.0]]],[[[115.6639,-7.0093,0.0],[115.6603,-7.0085,0.0],[115.6621,-7.0072,0.0],[115.6639,-7.0093,0.0]]],[[[115.7041,-7.0081,0.0],[115.7051,-7.0026,0.0],[115.7088,-7.0007,0.0],[115.7119,-7.0049,0.0],[115.7081,-7.0098,0.0],[115.7041,-7.0081,0.0]]],[[[115.748,-6.9711,0.0],[115.7579,-6.9661,0.0],[115.7617,-6.9704,0.0],[115.7556,-6.9762,0.0],[115.748,-6.9711,0.0]]],[[[115.7099,-6.9621,0.0],[115.7093,-6.9653,0.0],[115.707,-6.967,0.0],[115.7099,-6.9621,0.0]]],[[[115.9273,-6.9641,0.0],[115.9255,-6.9593,0.0],[115.9023,-6.9612,0.0],[115.901,-6.9519,0.0],[115.9148,-6.9499,0.0],[115.9313,-6.9549,0.0],[115.9354,-6.9613,0.0],[115.9287,-6.9604,0.0],[115.9273,-6.9641,0.0]]],[[[115.7848,-6.9641,0.0],[115.7786,-6.9626,0.0],[115.7886,-6.9372,0.0],[115.7903,-6.9365,0.0],[115.7939,-6.9424,0.0],[115.7946,-6.9389,0.0],[115.7957,-6.9548,0.0],[115.7848,-6.9641,0.0]]],[[[115.8686,-6.9614,0.0],[115.8742,-6.9389,0.0],[115.884,-6.9507,0.0],[115.8746,-6.9615,0.0],[115.8686,-6.9614,0.0]]],[[[115.8713,-6.94,0.0],[115.8714,-6.9402,0.0],[115.8712,-6.9402,0.0],[115.8713,-6.94,0.0]]],[[[116.2575,-6.9489,0.0],[116.2355,-6.946,0.0],[116.2368,-6.9376,0.0],[116.2534,-6.9303,0.0],[116.2651,-6.9349,0.0],[116.2522,-6.9285,0.0],[116.2651,-6.9337,0.0],[116.2699,-6.9401,0.0],[116.2575,-6.9489,0.0]]],[[[115.7484,-6.9284,0.0],[115.7487,-6.9347,0.0],[115.7454,-6.936,0.0],[115.7481,-6.932,0.0],[115.7484,-6.9284,0.0]]],[[[115.7988,-6.7965,0.0],[115.7988,-6.7967,0.0],[115.7985,-6.7967,0.0],[115.7988,-6.7965,0.0]]],[[[115.7992,-6.7944,0.0],[115.7991,-6.7947,0.0],[115.7988,-6.7946,0.0],[115.7992,-6.7944,0.0]]],[[[115.6549,-6.7194,0.0],[115.6563,-6.7189,0.0],[115.6555,-6.7216,0.0],[115.6549,-6.7194,0.0]]],[[[115.7375,-6.6534,0.0],[115.7369,-6.6555,0.0],[115.7367,-6.6552,0.0],[115.7375,-6.6534,0.0]]],[[[115.7154,-6.6333,0.0],[115.713,-6.6348,0.0],[115.7156,-6.6315,0.0],[115.7154,-6.6333,0.0]]],[[[115.7489,-6.4865,0.0],[115.7506,-6.4843,0.0],[115.7503,-6.4863,0.0],[115.7489,-6.4865,0.0]]]]}},{"type":"Feature","properties":{"kab_kota":"Kota Kediri","kode":"kota-kediri"},"geometry":{"type":"Polygon","coordinates":[[[112.0333,-7.8188,0.0],[112.0559,-7.8344,0.0],[112.0578,-7.8315,0.0],[112.067,-7.8359,0.0],[112.0713,-7.8295,0.0],[112.0769,-7.8322,0.0],[112.0757,-7.8374,0.0],[112.0824,-7.8431,0.0],[112.0775,-7.8496,0.0],[112.0693,-7.844,0.0],[112.0658,-7.8545,0.0],[112.0743,-7.8758,0.0],[112.0578,-7.8643,0.0],[112.0531,-7.8638,0.0],[112.0455,-7.8727,0.0],[112.0306,-7.8674,0.0],[112.0248,-7.8592,0.0],[111.9994,-7.8526,0.0],[112.008,-7.8404,0.0],[112.0071,-7.833,0.0],[112.008,-7.8404,0.0],[111.9872,-7.8396,0.0],[111.9839,-7.8262,0.0],[111.9766,-7.8287,0.0],[111.973,-7.8231,0.0],[111.9581,-7.8229,0.0],[111.9548,-7.8074,0.0],[111.9666,-7.796,0.0],[111.9813,-7.7938,0.0],[111.9832,-7.7821,0.0],[111.9927,-7.7841,0.0],[111.9924,-7.7769,0.0],[111.9986,-7.7714,0.0],[112.0087,-7.7713,0.0],[112.0031,-7.7899,0.0],[112.0159,-7.7908,0.0],[112.0192,-7.8,0.0],[112.0304,-7.7996,0.0],[112.0293,-7.8096,0.0],[112.0377,-7.8106,0.0],[112.0333,-7.8188,0.0]],[[112.0322,-7.8516,0.0],[112.0326,-7.8509,0.0],[112.0316,-7.8517,0.0],[112.0322,-7.8516,0.0]],[[112.0225,-7.841,0.0],[112.0228,-7.8413,0.0],[112.0305,-7.8432,0.0],[112.0225,-7.841,0.0]],[[112.0218,-7.8373,0.0],[112.0211,-7.8395,0.0],[112.0219,-7.8403,0.0],[112.0218,-7.8373,0.0]],[[112.0182,-7.8342,0.0],[112.0185,-7.8347,0.0],[112.0255,-7.8364,0.0],[112.0182,-7.8342,0.0]],[[112.0166,-7.8312,0.0],[112.0166,-7.8314,0.0],[112.0167,-7.8316,0.0],[112.0166,-7.8312,0.0]],[[112.0095,-7.8221,0.0],[112.0091,-7.828,0.0],[112.0095,-7.8222,0.0],[112.0095,-7.8221,0.0]],[[112.0037,-7.7911,0.0],[112.0053,-7.7948,0.0],[112.0052,-7.7944,0.0],[112.0037,-7.7911,0.0]]]}},{"type":"Feature","properties":{"kab_kota":"Pacitan","kode":"kab-pacitan"},"geometry":{"type":"MultiPolygon","coordinates":[[[[110.9919,-8.2518,0.0],[110.9924,-8.2515,0.0],[110.9918,-8.2522,0.0],[110.9919,-8.2518,0.0]]],[[[110.9755,-8.2429,0.0],[110.9754,-8.2427,0.0],[110.9756,-8.2427,0.0],[110.9755,-8.2429,0.0]]],[[[110.9771,-8.2425,0.0],[110.977,-8.243,0.0],[110.9759,-8.2428,0.0],[110.9771,-8.2425,0.0]]],[[[110.9752,-8.242,0.0],[110.9755,-8.242,0.0],[110.9753,-8.2422,0.0],[110.9752,-8.242,0.0]]],[[[110.9773,-8.2409,0.0],[110.9774,-8.2416,0.0],[110.9771,-8.2413,0.0],[110.9773,-8.2409,0.0]]],[[[110.9761,-8.2407,0.0],[110.9758,-8.2416,0.0],[110.9756,-8.2412,0.0],[110.9761,-8.2407,0.0]]],[[[110.9731,-8.2409,0.0],[110.9726,-8.2406,0.0],[110.9729,-8.2404,0.0],[110.9731,-8.2409,0.0]]],[[[110.9719,-8.24,0.0],[110.9715,-8.2407,0.0],[110.9713,-8.2403,0.0],[110.9719,-8.24,0.0]]],[[[110.9705,-8.2377,0.0],[110.97,-8.2378,0.0],[110.9702,-8.2372,0.0],[110.9705,-8.2377,0.0]]],[[[110.9602,-8.2354,0.0],[110.9603,-8.2359,0.0],[110.9602,-8.2357,0.0],[110.9602,-8.2354,0.0]]],[[[110.9633,-8.2352,0.0],[110.9625,-8.2355,0.0],[110.9624,-8.2353,0.0],[110.9633,-8.2352,0.0]]],[[[110.9174,-8.2223,0.0],[110.9173,-8.2223,0.0],[110.9174,-8.2222,0.0],[110.9174,-8.2223,0.0]]],[[[110.9168,-8.2214,0.0],[110.917,-8.2218,0.0],[110.9164,-8.2217,0.0],[110.9168,-8.2214,0.0]]],[[[110.9174,-8.2215,0.0],[110.9169,-8.2213,0.0],[110.9171,-8.2211,0.0],[110.9174,-8.2215,0.0]]],[[[110.9179,-8.2196,0.0],[110.9178,-8.2197,0.0],[110.9176,-8.2195,0.0],[110.9179,-8.2196,0.0]]],[[[110.9003,-8.2116,0.0],[110.8956,-8.1639,0.0],[110.9075,-8.1331,0.0],[110.9079,-8.1165,0.0],[110.9153,-8.1159,0.0],[110.9193,-8.1051,0.0],[110.9514,-8.0709,0.0],[110.9534,-8.0617,0.0],[110.9829,-8.0789,0.0],[110.9969,-8.0799,0.0],[111.0047,-8.0729,0.0],[111.0104,-8.0775,0.0],[111.0164,-8.0754,0.0],[111.0179,-8.0809,0.0],[111.0172,-8.077,0.0],[111.0317,-8.0799,0.0],[111.0478,-8.0731,0.0],[111.0541,-8.0645,0.0],[111.066,-8.0613,0.0],[111.0704,-8.0495,0.0],[111.0796,-8.0427,0.0],[111.0874,-8.0475,0.0],[111.0868,-8.0591,0.0],[111.091,-8.0634,0.0],[111.1023,-8.0655,0.0],[111.1176,-8.0593,0.0],[111.1208,-8.0534,0.0],[111.1167,-8.0419,0.0],[111.135,-8.0212,0.0],[111.1289,-8.0026,0.0],[111.1312,-7.9936,0.0],[111.1233,-7.98,0.0],[111.1295,-7.9628,0.0],[111.1446,-7.9527,0.0],[111.1413,-7.9342,0.0],[111.1544,-7.922,0.0],[111.1834,-7.9157,0.0],[111.1931,-7.9232,0.0],[111.1916,-7.9346,0.0],[111.2038,-7.937,0.0],[111.2203,-7.9299,0.0],[111.228,-7.9352,0.0],[111.2311,-7.9484,0.0],[111.25,-7.946,0.0],[111.2811,-7.9185,0.0],[111.2863,-7.9208,0.0],[111.2867,-7.9391,0.0],[111.3163,-7.9363,0.0],[111.3265,-7.9553,0.0],[111.3277,-7.968,0.0],[111.3496,-7.9795,0.0],[111.3499,-7.9952,0.0],[111.3438,-8.0064,0.0],[111.3599,-8.0145,0.0],[111.3582,-8.0259,0.0],[111.3671,-8.033,0.0],[111.3463,-8.0662,0.0],[111.3489,-8.0766,0.0],[111.3545,-8.079,0.0],[111.3489,-8.0842,0.0],[111.3592,-8.0879,0.0],[111.3625,-8.0996,0.0],[111.3602,-8.1059,0.0],[111.3464,-8.1086,0.0],[111.3473,-8.1143,0.0],[111.3551,-8.1162,0.0],[111.3558,-8.122,0.0],[111.3615,-8.119,0.0],[111.3694,-8.1224,0.0],[111.3688,-8.1309,0.0],[111.38,-8.1367,0.0],[111.3805,-8.1536,0.0],[111.376,-8.1554,0.0],[111.3777,-8.1599,0.0],[111.3837,-8.1663,0.0],[111.3835,-8.1604,0.0],[111.3895,-8.1586,0.0],[111.4055,-8.1727,0.0],[111.4227,-8.1694,0.0],[111.4266,-8.1756,0.0],[111.4243,-8.1914,0.0],[111.4035,-8.197,0.0],[111.4089,-8.2127,0.0],[111.3922,-8.2332,0.0],[111.4064,-8.2584,0.0],[111.3986,-8.2775,0.0],[111.3875,-8.2732,0.0],[111.3871,-8.2777,0.0],[111.3775,-8.2763,0.0],[111.3758,-8.266,0.0],[111.3732,-8.2679,0.0],[111.37,-8.2673,0.0],[111.3746,-8.264,0.0],[111.3674,-8.2604,0.0],[111.3578,-8.2703,0.0],[111.3371,-8.262,0.0],[111.3249,-8.2733,0.0],[111.312,-8.2678,0.0],[111.3144,-8.2589,0.0],[111.3021,-8.2569,0.0],[111.2963,-8.2581,0.0],[111.2956,-8.2636,0.0],[111.2876,-8.26,0.0],[111.2883,-8.2622,0.0],[111.2868,-8.2627,0.0],[111.287,-8.2657,0.0],[111.2949,-8.2661,0.0],[111.2919,-8.2741,0.0],[111.2885,-8.2695,0.0],[111.2845,-8.2728,0.0],[111.2779,-8.2667,0.0],[111.2849,-8.2592,0.0],[111.2793,-8.2608,0.0],[111.281,-8.2571,0.0],[111.2738,-8.2496,0.0],[111.2609,-8.2475,0.0],[111.2549,-8.2539,0.0],[111.2455,-8.2528,0.0],[111.2328,-8.2591,0.0],[111.2313,-8.2554,0.0],[111.2283,-8.266,0.0],[111.224,-8.2686,0.0],[111.2167,-8.2591,0.0],[111.2151,-8.2658,0.0],[111.2014,-8.2643,0.0],[111.1939,-8.2782,0.0],[111.1772,-8.2725,0.0],[111.1717,-8.2805,0.0],[111.1591,-8.2763,0.0],[111.1534,-8.2845,0.0],[111.1514,-8.277,0.0],[111.1435,-8.281,0.0],[111.1332,-8.2727,0.0],[111.1373,-8.2617,0.0],[111.1319,-8.2624,0.0],[111.1202,-8.2526,0.0],[111.1083,-8.2562,0.0],[111.1051,-8.2514,0.0],[111.1013,-8.2533,0.0],[111.0991,-8.2454,0.0],[111.0939,-8.2468,0.0],[111.1051,-8.2395,0.0],[111.0976,-8.2401,0.0],[111.1056,-8.2313,0.0],[111.0965,-8.2224,0.0],[111.0753,-8.2233,0.0],[111.0766,-8.2456,0.0],[111.066,-8.2471,0.0],[111.0626,-8.2521,0.0],[111.0436,-8.2487,0.0],[111.0281,-8.2566,0.0],[111.0214,-8.2489,0.0],[111.0101,-8.2486,0.0],[110.9987,-8.2546,0.0],[110.9778,-8.2367,0.0],[110.9733,-8.2402,0.0],[110.9722,-8.2364,0.0],[110.9598,-8.2336,0.0],[110.9617,-8.2281,0.0],[110.9463,-8.2232,0.0],[110.9406,-8.2274,0.0],[110.9389,-8.2227,0.0],[110.927,-8.2227,0.0],[110.9059,-8.2101,0.0],[110.9003,-8.2116,0.0]],[[111.1226,-8.0611,0.0],[111.1222,-8.0605,0.0],[111.1176,-8.0593,0.0],[111.1226,-8.0611,0.0]],[[110.9536,-8.1724,0.0],[110.9536,-8.1722,0.0],[110.9511,-8.1694,0.0],[110.9536,-8.1724,0.0]],[[110.9519,-8.1762,0.0],[110.9522,-8.1766,0.0],[110.952,-8.1759,0.0],[110.9519,-8.1762,0.0]],[[110.954,-8.192,0.0],[110.9542,-8.1922,0.0],[110.9544,-8.1917,0.0],[110.954,-8.192,0.0]],[[110.9569,-8.198,0.0],[110.9562,-8.1948,0.0],[110.9545,-8.1929,0.0],[110.9569,-8.198,0.0]],[[110.9491,-8.2016,0.0],[110.9491,-8.2017,0.0],[110.9522,-8.2027,0.0],[110.9491,-8.2016,0.0]],[[110.9501,-8.2078,0.0],[110.9502,-8.208,0.0],[110.9493,-8.203,0.0],[110.9501,-8.2078,0.0]],[[110.9573,-8.2204,0.0],[110.9574,-8.2205,0.0],[110.9577,-8.2114,0.0],[110.9573,-8.2204,0.0]],[[110.9585,-8.2224,0.0],[110.9616,-8.2224,0.0],[110.9615,-8.2222,0.0],[110.9585,-8.2224,0.0]],[[110.9618,-8.2268,0.0],[110.9622,-8.2237,0.0],[110.9617,-8.2227,0.0],[110.9618,-8.2268,0.0]],[[110.961,-8.1912,0.0],[110.9573,-8.1891,0.0],[110.9608,-8.1912,0.0],[110.961,-8.1912,0.0]],[[111.2142,-7.9771,0.0],[111.2145,-7.9698,0.0],[111.2143,-7.9702,0.0],[111.2142,-7.9771,0.0]],[[111.224,-7.9859,0.0],[111.2123,-7.9816,0.0],[111.212,-7.9821,0.0],[111.224,-7.9859,0.0]],[[111.2404,-7.9927,0.0],[111.2384,-7.9916,0.0],[111.2403,-7.9931,0.0],[111.2404,-7.9927,0.0]],[[111.2395,-7.9967,0.0],[111.2401,-7.9939,0.0],[111.2322,-8.0078,0.0],[111.2395,-7.9967,0.0]],[[111.214,-8.0218,0.0],[111.2169,-8.0221,0.0],[111.214,-8.0215,0.0],[111.214,-8.0218,0.0]],[[111.2164,-8.0233,0.0],[111.214,-8.0218,0.0],[111.2141,-8.0226,0.0],[111.2164,-8.0233,0.0]],[[111.2128,-8.0579,0.0],[111.2142,-8.0551,0.0],[111.2116,-8.0587,0.0],[111.2128,-8.0579,0.0]],[[111.2076,-8.0646,0.0],[111.2077,-8.0641,0.0],[111.2075,-8.0645,0.0],[111.2076,-8.0646,0.0]],[[111.1917,-8.0618,0.0],[111.1919,-8.0618,0.0],[111.1924,-8.06,0.0],[111.1917,-8.0618,0.0]],[[111.1894,-8.0575,0.0],[111.1909,-8.06,0.0],[111.1897,-8.0575,0.0],[111.1894,-8.0575,0.0]],[[111.1849,-8.0632,0.0],[111.184,-8.0588,0.0],[111.1871,-8.058,0.0],[111.1837,-8.0586,0.0],[111.1849,-8.0632,0.0]],[[111.2159,-8.0836,0.0],[111.215,-8.0839,0.0],[111.215,-8.0845,0.0],[111.2159,-8.0836,0.0]],[[111.2216,-8.111,0.0],[111.2223,-8.1061,0.0],[111.2212,-8.1116,0.0],[111.2216,-8.111,0.0]],[[111.2189,-8.1158,0.0],[111.2209,-8.1123,0.0],[111.2166,-8.1182,0.0],[111.2189,-8.1158,0.0]],[[111.2147,-8.1202,0.0],[111.2151,-8.1199,0.0],[111.2063,-8.1175,0.0],[111.2147,-8.1202,0.0]],[[111.1976,-8.1444,0.0],[111.1973,-8.1405,0.0],[111.1975,-8.1446,0.0],[111.1976,-8.1444,0.0]],[[111.1958,-8.1491,0.0],[111.1973,-8.1451,0.0],[111.1951,-8.1497,0.0],[111.1958,-8.1491,0.0]],[[111.1812,-8.1584,0.0],[111.1882,-8.1605,0.0],[111.1814,-8.1582,0.0],[111.1812,-8.1584,0.0]],[[111.2205,-8.158,0.0],[111.2141,-8.1576,0.0],[111.2207,-8.1581,0.0],[111.2205,-8.158,0.0]],[[111.2237,-8.1613,0.0],[111.223,-8.1606,0.0],[111.2237,-8.1615,0.0],[111.2237,-8.1613,0.0]],[[111.2239,-8.1657,0.0],[111.2239,-8.1652,0.0],[111.2239,-8.1658,0.0],[111.2239,-8.1657,0.0]],[[111.2248,-8.1702,0.0],[111.2245,-8.1697,0.0],[111.2244,-8.1714,0.0],[111.2248,-8.1702,0.0]],[[111.221,-8.1761,0.0],[111.2234,-8.1743,0.0],[111.2235,-8.1741,0.0],[111.221,-8.1761,0.0]],[[111.2112,-8.1788,0.0],[111.218,-8.1769,0.0],[111.2108,-8.1788,0.0],[111.2112,-8.1788,0.0]],[[111.2283,-8.2447,0.0],[111.2309,-8.2492,0.0],[111.2283,-8.2446,0.0],[111.2283,-8.2447,0.0]],[[111.0628,-8.214,0.0],[111.0626,-8.2125,0.0],[111.0626,-8.2139,0.0],[111.0628,-8.214,0.0]],[[111.0852,-8.1702,0.0],[111.0894,-8.1648,0.0],[111.0905,-8.1625,0.0],[111.0852,-8.1702,0.0]],[[111.0958,-8.1363,0.0],[111.096,-8.1362,0.0],[111.0958,-8.1363,0.0],[111.0958,-8.1363,0.0]],[[111.1139,-8.131,0.0],[111.114,-8.131,0.0],[111.1112,-8.1283,0.0],[111.1139,-8.131,0.0]],[[111.1196,-8.1361,0.0],[111.12,-8.1364,0.0],[111.1216,-8.1362,0.0],[111.1196,-8.1361,0.0]],[[111.1274,-8.1351,0.0],[111.1278,-8.1351,0.0],[111.1277,-8.135,0.0],[111.1274,-8.1351,0.0]],[[111.1531,-8.1474,0.0],[111.144,-8.1488,0.0],[111.1355,-8.1405,0.0],[111.1457,-8.1505,0.0],[111.1531,-8.1474,0.0]],[[111.155,-8.1508,0.0],[111.1544,-8.155,0.0],[111.1546,-8.1552,0.0],[111.155,-8.1508,0.0]],[[111.1547,-8.1553,0.0],[111.1569,-8.1584,0.0],[111.1582,-8.1589,0.0],[111.1547,-8.1553,0.0]],[[111.1621,-8.1607,0.0],[111.163,-8.1611,0.0],[111.1634,-8.161,0.0],[111.1621,-8.1607,0.0]],[[111.1659,-8.1603,0.0],[111.1665,-8.1601,0.0],[111.1664,-8.16,0.0],[111.1659,-8.1603,0.0]],[[111.1696,-8.1626,0.0],[111.1698,-8.1628,0.0],[111.1714,-8.1626,0.0],[111.1696,-8.1626,0.0]],[[111.1749,-8.1624,0.0],[111.1754,-8.1623,0.0],[111.1771,-8.161,0.0],[111.1749,-8.1624,0.0]],[[111.1099,-8.2379,0.0],[111.113,-8.234,0.0],[111.1127,-8.2341,0.0],[111.1099,-8.2379,0.0]],[[111.1311,-8.2269,0.0],[111.1313,-8.2269,0.0],[111.1315,-8.2267,0.0],[111.1311,-8.2269,0.0]],[[111.1419,-8.2102,0.0],[111.1479,-8.2097,0.0],[111.142,-8.2101,0.0],[111.1419,-8.2102,0.0]],[[111.1524,-8.2067,0.0],[111.1509,-8.207,0.0],[111.1479,-8.2097,0.0],[111.1524,-8.2067,0.0]],[[111.1537,-8.2058,0.0],[111.1546,-8.2052,0.0],[111.1553,-8.2027,0.0],[111.1537,-8.2058,0.0]],[[111.1413,-8.1948,0.0],[111.1415,-8.1934,0.0],[111.1402,-8.1925,0.0],[111.1413,-8.1948,0.0]],[[111.14,-8.1922,0.0],[111.14,-8.1918,0.0],[111.14,-8.192,0.0],[111.14,-8.1922,0.0]],[[111.1406,-8.1881,0.0],[111.1418,-8.1844,0.0],[111.1419,-8.1794,0.0],[111.1406,-8.1881,0.0]],[[111.1367,-8.165,0.0],[111.1366,-8.1659,0.0],[111.1419,-8.1794,0.0],[111.1367,-8.165,0.0]],[[111.1367,-8.1639,0.0],[111.1381,-8.1568,0.0],[111.1367,-8.1613,0.0],[111.1367,-8.1639,0.0]],[[111.1427,-8.1561,0.0],[111.144,-8.1552,0.0],[111.1381,-8.1568,0.0],[111.1427,-8.1561,0.0]],[[111.1452,-8.1543,0.0],[111.1459,-8.1509,0.0],[111.1446,-8.1547,0.0],[111.1452,-8.1543,0.0]],[[111.1589,-8.0348,0.0],[111.1589,-8.0351,0.0],[111.1615,-8.0395,0.0],[111.1589,-8.0348,0.0]],[[111.1607,-8.0319,0.0],[111.1591,-8.033,0.0],[111.159,-8.0345,0.0],[111.1607,-8.0319,0.0]],[[111.1617,-8.0319,0.0],[111.1608,-8.0318,0.0],[111.1607,-8.0318,0.0],[111.1617,-8.0319,0.0]],[[111.1714,-8.0334,0.0],[111.1707,-8.0328,0.0],[111.1704,-8.0328,0.0],[111.1714,-8.0334,0.0]],[[111.1734,-8.0421,0.0],[111.1736,-8.035,0.0],[111.1733,-8.0348,0.0],[111.1734,-8.0421,0.0]],[[111.1744,-8.0435,0.0],[111.1744,-8.0435,0.0],[111.1734,-8.0421,0.0],[111.1744,-8.0435,0.0]],[[111.1688,-8.0479,0.0],[111.1732,-8.0455,0.0],[111.1744,-8.0436,0.0],[111.1688,-8.0479,0.0]],[[111.18,-8.0498,0.0],[111.1799,-8.0498,0.0],[111.1776,-8.049,0.0],[111.18,-8.0498,0.0]],[[110.9691,-8.1865,0.0],[110.9617,-8.1911,0.0],[110.9627,-8.1909,0.0],[110.9691,-8.1865,0.0]],[[110.972,-8.1809,0.0],[110.9719,-8.1811,0.0],[110.974,-8.1807,0.0],[110.972,-8.1809,0.0]],[[110.9797,-8.179,0.0],[110.9779,-8.1799,0.0],[110.9792,-8.1797,0.0],[110.9797,-8.179,0.0]],[[110.9829,-8.1773,0.0],[110.9823,-8.1776,0.0],[110.9889,-8.177,0.0],[110.9829,-8.1773,0.0]],[[110.9909,-8.1784,0.0],[110.991,-8.1784,0.0],[110.9889,-8.177,0.0],[110.9909,-8.1784,0.0]],[[110.9976,-8.1775,0.0],[110.9948,-8.1759,0.0],[110.9943,-8.1763,0.0],[110.9976,-8.1775,0.0]],[[111.0021,-8.1766,0.0],[111.0018,-8.1767,0.0],[111.0021,-8.1766,0.0],[111.0021,-8.1766,0.0]],[[111.0064,-8.1727,0.0],[111.0058,-8.1734,0.0],[111.0067,-8.1726,0.0],[111.0064,-8.1727,0.0]],[[111.0101,-8.1721,0.0],[111.01,-8.1721,0.0],[111.0101,-8.1721,0.0],[111.0101,-8.1721,0.0]],[[111.0428,-8.1538,0.0],[111.0361,-8.1584,0.0],[111.0428,-8.1539,0.0],[111.0428,-8.1538,0.0]],[[111.0561,-8.0957,0.0],[111.0556,-8.0985,0.0],[111.0562,-8.0957,0.0],[111.0561,-8.0957,0.0]],[[111.0613,-8.0928,0.0],[111.0597,-8.0942,0.0],[111.0618,-8.0933,0.0],[111.0613,-8.0928,0.0]],[[111.0639,-8.0954,0.0],[111.062,-8.0936,0.0],[111.0639,-8.0957,0.0],[111.0639,-8.0954,0.0]],[[111.0853,-8.1165,0.0],[111.083,-8.1163,0.0],[111.0851,-8.1166,0.0],[111.0853,-8.1165,0.0]],[[111.0886,-8.1081,0.0],[111.0854,-8.1164,0.0],[111.0863,-8.1159,0.0],[111.0886,-8.1081,0.0]],[[111.0958,-8.1098,0.0],[111.1037,-8.1048,0.0],[111.0958,-8.1097,0.0],[111.0958,-8.1098,0.0]],[[111.101,-8.1181,0.0],[111.0966,-8.1112,0.0],[111.0997,-8.1167,0.0],[111.101,-8.1181,0.0]],[[111.1193,-8.125,0.0],[111.1021,-8.1192,0.0],[111.1023,-8.1194,0.0],[111.1193,-8.125,0.0]],[[111.1089,-8.0735,0.0],[111.1088,-8.0735,0.0],[111.1081,-8.0743,0.0],[111.1089,-8.0735,0.0]],[[111.1049,-8.0781,0.0],[111.1044,-8.0786,0.0],[111.1017,-8.088,0.0],[111.1049,-8.0781,0.0]],[[111.2584,-8.2411,0.0],[111.2547,-8.245,0.0],[111.2549,-8.2455,0.0],[111.2584,-8.2411,0.0]],[[111.2625,-8.2237,0.0],[111.2618,-8.2246,0.0],[111.2584,-8.2411,0.0],[111.2625,-8.2237,0.0]],[[111.2653,-8.2216,0.0],[111.2641,-8.2218,0.0],[111.2634,-8.2227,0.0],[111.2653,-8.2216,0.0]],[[111.3425,-8.1335,0.0],[111.3425,-8.1335,0.0],[111.3425,-8.1381,0.0],[111.3425,-8.1335,0.0]],[[111.3537,-8.1262,0.0],[111.3547,-8.1242,0.0],[111.3518,-8.1272,0.0],[111.3537,-8.1262,0.0]],[[111.3292,-8.2555,0.0],[111.3297,-8.2542,0.0],[111.3295,-8.252,0.0],[111.3292,-8.2555,0.0]],[[111.3293,-8.2486,0.0],[111.3293,-8.2483,0.0],[111.3292,-8.2483,0.0],[111.3293,-8.2486,0.0]],[[111.327,-8.2484,0.0],[111.327,-8.2482,0.0],[111.327,-8.2484,0.0],[111.327,-8.2484,0.0]],[[111.2443,-8.1176,0.0],[111.2419,-8.1206,0.0],[111.2452,-8.1173,0.0],[111.2443,-8.1176,0.0]],[[111.2204,-8.0817,0.0],[111.2233,-8.0838,0.0],[111.2204,-8.0817,0.0],[111.2204,-8.0817,0.0]],[[111.2519,-8.0743,0.0],[111.2523,-8.0744,0.0],[111.2503,-8.0711,0.0],[111.2519,-8.0743,0.0]],[[111.3025,-8.0302,0.0],[111.3059,-8.0289,0.0],[111.3069,-8.0276,0.0],[111.3025,-8.0302,0.0]],[[111.3078,-8.0264,0.0],[111.3083,-8.0257,0.0],[111.3082,-8.0239,0.0],[111.3078,-8.0264,0.0]],[[111.298,-8.0049,0.0],[111.2962,-8.005,0.0],[111.2961,-8.0052,0.0],[111.298,-8.0049,0.0]],[[111.2991,-8.0006,0.0],[111.2991,-7.9946,0.0],[111.2988,-7.9947,0.0],[111.2991,-8.0006,0.0]],[[111.3014,-7.9936,0.0],[111.304,-7.9894,0.0],[111.3043,-7.9878,0.0],[111.3014,-7.9936,0.0]],[[111.3101,-7.9835,0.0],[111.3128,-7.9874,0.0],[111.3103,-7.9835,0.0],[111.3101,-7.9835,0.0]],[[111.3207,-7.9664,0.0],[111.3175,-7.9702,0.0],[111.3135,-7.9773,0.0],[111.3207,-7.9664,0.0]]],[[[111.2094,-8.2667,0.0],[111.2097,-8.267,0.0],[111.2094,-8.2669,0.0],[111.2094,-8.2667,0.0]]],[[[111.1292,-8.2603,0.0],[111.1287,-8.2608,0.0],[111.1287,-8.2601,0.0],[111.1292,-8.2603,0.0]]],[[[111.1227,-8.2593,0.0],[111.1243,-8.2602,0.0],[111.1218,-8.2605,0.0],[111.1227,-8.2593,0.0]]],[[[111.0013,-8.2564,0.0],[111.001,-8.2559,0.0],[111.0013,-8.2558,0.0],[111.0013,-8.2564,0.0]]],[[[110.9932,-8.2555,0.0],[110.9936,-8.2553,0.0],[110.9932,-8.2557,0.0],[110.9932,-8.2555,0.0]]],[[[110.9971,-8.2558,0.0],[110.997,-8.2551,0.0],[110.9978,-8.2553,0.0],[110.9971,-8.2558,0.0]]],[[[111.0028,-8.2545,0.0],[111.0028,-8.2557,0.0],[111.0014,-8.2549,0.0],[111.0028,-8.2545,0.0]]],[[[110.994,-8.2548,0.0],[110.994,-8.2548,0.0],[110.9942,-8.2546,0.0],[110.994,-8.2548,0.0]]],[[[110.9962,-8.2536,0.0],[110.9962,-8.2535,0.0],[110.9964,-8.2533,0.0],[110.9962,-8.2536,0.0]]],[[[110.9925,-8.2528,0.0],[110.9924,-8.253,0.0],[110.9923,-8.2527,0.0],[110.9925,-8.2528,0.0]]],[[[111.3904,-8.2772,0.0],[111.3904,-8.277,0.0],[111.3905,-8.277,0.0],[111.3904,-8.2772,0.0]]],[[[111.3277,-8.2758,0.0],[111.3274,-8.2754,0.0],[111.3275,-8.2751,0.0],[111.3277,-8.2758,0.0]]],[[[111.3739,-8.2739,0.0],[111.3741,-8.2736,0.0],[111.3746,-8.2743,0.0],[111.3739,-8.2739,0.0]]],[[[111.2842,-8.2731,0.0],[111.2843,-8.273,0.0],[111.2842,-8.2731,0.0],[111.2842,-8.2731,0.0]]],[[[111.2814,-8.272,0.0],[111.2808,-8.2711,0.0],[111.2809,-8.2704,0.0],[111.2814,-8.272,0.0]]],[[[111.2266,-8.2694,0.0],[111.2266,-8.2699,0.0],[111.2265,-8.2695,0.0],[111.2266,-8.2694,0.0]]],[[[111.2266,-8.2679,0.0],[111.2261,-8.2684,0.0],[111.2259,-8.2682,0.0],[111.2266,-8.2679,0.0]]],[[[111.2871,-8.265,0.0],[111.2871,-8.2647,0.0],[111.2876,-8.2646,0.0],[111.2871,-8.265,0.0]]],[[[111.2544,-8.2546,0.0],[111.255,-8.2545,0.0],[111.2548,-8.2549,0.0],[111.2544,-8.2546,0.0]]]]}},{"type":"Feature","properties":{"kab_kota":"Kota Batu","kode":"kota-batu"},"geometry":{"type":"Polygon","coordinates":[[[112.5678,-7.9128,0.0],[112.5414,-7.9263,0.0],[112.4844,-7.9312,0.0],[112.4746,-7.9394,0.0],[112.4841,-7.9242,0.0],[112.4773,-7.892,0.0],[112.4876,-7.878,0.0],[112.4868,-7.8587,0.0],[112.4953,-7.8533,0.0],[112.4936,-7.8279,0.0],[112.4996,-7.8157,0.0],[112.4895,-7.7655,0.0],[112.4984,-7.7553,0.0],[112.5124,-7.7515,0.0],[112.5144,-7.7417,0.0],[112.5279,-7.7351,0.0],[112.5617,-7.7379,0.0],[112.5748,-7.7326,0.0],[112.5898,-7.765,0.0],[112.5834,-7.7709,0.0],[112.5783,-7.8066,0.0],[112.5716,-7.8173,0.0],[112.5643,-7.8795,0.0],[112.5725,-7.8892,0.0],[112.5833,-7.8885,0.0],[112.5956,-7.9031,0.0],[112.5825,-7.9093,0.0],[112.5802,-7.9175,0.0],[112.5678,-7.9128,0.0]],[[112.4858,-7.9244,0.0],[112.4801,-7.9307,0.0],[112.4787,-7.934,0.0],[112.4858,-7.9244,0.0]],[[112.5136,-7.9124,0.0],[112.5135,-7.9124,0.0],[112.5088,-7.9162,0.0],[112.5136,-7.9124,0.0]],[[112.5268,-7.9139,0.0],[112.5278,-7.9135,0.0],[112.5205,-7.9118,0.0],[112.5268,-7.9139,0.0]],[[112.5299,-7.9129,0.0],[112.53,-7.9127,0.0],[112.5296,-7.913,0.0],[112.5299,-7.9129,0.0]],[[112.5311,-7.9071,0.0],[112.5297,-7.9028,0.0],[112.5311,-7.9074,0.0],[112.5311,-7.9071,0.0]],[[112.5387,-7.8995,0.0],[112.5387,-7.8995,0.0],[112.5323,-7.8997,0.0],[112.5387,-7.8995,0.0]],[[112.5433,-7.8944,0.0],[112.5434,-7.8942,0.0],[112.5418,-7.896,0.0],[112.5433,-7.8944,0.0]],[[112.5418,-7.8898,0.0],[112.5417,-7.8905,0.0],[112.5441,-7.8898,0.0],[112.5418,-7.8898,0.0]],[[112.5425,-7.8872,0.0],[112.5421,-7.8874,0.0],[112.5421,-7.888,0.0],[112.5425,-7.8872,0.0]],[[112.5486,-7.8859,0.0],[112.5442,-7.886,0.0],[112.5431,-7.8867,0.0],[112.5486,-7.8859,0.0]],[[112.5502,-7.8873,0.0],[112.5505,-7.8872,0.0],[112.5486,-7.8859,0.0],[112.5502,-7.8873,0.0]],[[112.5523,-7.8868,0.0],[112.5522,-7.8866,0.0],[112.5514,-7.887,0.0],[112.5523,-7.8868,0.0]],[[112.5514,-7.8755,0.0],[112.5509,-7.8738,0.0],[112.5505,-7.8825,0.0],[112.5514,-7.8755,0.0]],[[112.5572,-7.8765,0.0],[112.5589,-7.8762,0.0],[112.5558,-7.8753,0.0],[112.5572,-7.8765,0.0]],[[112.5618,-7.8829,0.0],[112.5635,-7.8822,0.0],[112.5618,-7.8828,0.0],[112.5618,-7.8829,0.0]],[[112.4968,-7.8572,0.0],[112.498,-7.857,0.0],[112.4965,-7.8565,0.0],[112.4968,-7.8572,0.0]],[[112.5042,-7.8509,0.0],[112.504,-7.8513,0.0],[112.5049,-7.8504,0.0],[112.5042,-7.8509,0.0]],[[112.5095,-7.8473,0.0],[112.5089,-7.8477,0.0],[112.5102,-7.8473,0.0],[112.5095,-7.8473,0.0]],[[112.5209,-7.8417,0.0],[112.5207,-7.8431,0.0],[112.5228,-7.8401,0.0],[112.5209,-7.8417,0.0]],[[112.5289,-7.8416,0.0],[112.5249,-7.8403,0.0],[112.5228,-7.8401,0.0],[112.5289,-7.8416,0.0]],[[112.5304,-7.8457,0.0],[112.5284,-7.8442,0.0],[112.5304,-7.846,0.0],[112.5304,-7.8457,0.0]],[[112.5325,-7.8672,0.0],[112.5336,-7.8624,0.0],[112.5324,-7.8672,0.0],[112.5325,-7.8672,0.0]]]}},{"type":"Feature","properties":{"kab_kota":"Jombang","kode":"kab-jombang"},"geometry":{"type":"Polygon","coordinates":[[[112.2331,-7.7014,0.0],[112.216,-7.6898,0.0],[112.2177,-7.6759,0.0],[112.1946,-7.6537,0.0],[112.1657,-7.6134,0.0],[112.1215,-7.6067,0.0],[112.1105,-7.5931,0.0],[112.1152,-7.5796,0.0],[112.1113,-7.5667,0.0],[112.1349,-7.5347,0.0],[112.1442,-7.5354,0.0],[112.1512,-7.5282,0.0],[112.1521,-7.5061,0.0],[112.1689,-7.4907,0.0],[112.1644,-7.4899,0.0],[112.1643,-7.4785,0.0],[112.1578,-7.4766,0.0],[112.157,-7.4658,0.0],[112.1399,-7.4589,0.0],[112.1344,-7.4608,0.0],[112.1252,-7.4521,0.0],[112.1236,-7.4624,0.0],[112.1166,-7.4593,0.0],[112.1124,-7.4652,0.0],[112.0981,-7.461,0.0],[112.0936,-7.4692,0.0],[112.0795,-7.4736,0.0],[112.0762,-7.4601,0.0],[112.0809,-7.4522,0.0],[112.074,-7.4364,0.0],[112.0683,-7.4357,0.0],[112.0626,-7.4173,0.0],[112.0716,-7.4062,0.0],[112.0692,-7.3972,0.0],[112.0756,-7.384,0.0],[112.1064,-7.3838,0.0],[112.123,-7.3735,0.0],[112.1871,-7.3522,0.0],[112.2273,-7.3504,0.0],[112.2507,-7.3633,0.0],[112.2741,-7.357,0.0],[112.2948,-7.3595,0.0],[112.2934,-7.3647,0.0],[112.3023,-7.3571,0.0],[112.3063,-7.3645,0.0],[112.314,-7.365,0.0],[112.3135,-7.3589,0.0],[112.3063,-7.3565,0.0],[112.3078,-7.3518,0.0],[112.3289,-7.344,0.0],[112.3458,-7.3451,0.0],[112.3322,-7.3708,0.0],[112.3319,-7.38,0.0],[112.3341,-7.3888,0.0],[112.3406,-7.3882,0.0],[112.3462,-7.3951,0.0],[112.349,-7.4039,0.0],[112.3459,-7.4099,0.0],[112.3529,-7.4135,0.0],[112.3463,-7.4178,0.0],[112.3413,-7.4323,0.0],[112.3459,-7.4416,0.0],[112.3406,-7.4407,0.0],[112.3327,-7.454,0.0],[112.3414,-7.4598,0.0],[112.3512,-7.4549,0.0],[112.4049,-7.4613,0.0],[112.4033,-7.467,0.0],[112.3903,-7.4701,0.0],[112.3889,-7.481,0.0],[112.3762,-7.4836,0.0],[112.3781,-7.5117,0.0],[112.3739,-7.5255,0.0],[112.371,-7.5151,0.0],[112.3738,-7.5255,0.0],[112.3667,-7.5241,0.0],[112.3705,-7.5403,0.0],[112.3647,-7.5439,0.0],[112.3637,-7.5528,0.0],[112.3753,-7.563,0.0],[112.3716,-7.5715,0.0],[112.3873,-7.6143,0.0],[112.3801,-7.6333,0.0],[112.3821,-7.6407,0.0],[112.3897,-7.6507,0.0],[112.4028,-7.642,0.0],[112.4094,-7.6441,0.0],[112.4117,-7.6735,0.0],[112.4304,-7.7001,0.0],[112.4386,-7.7329,0.0],[112.4481,-7.743,0.0],[112.4478,-7.7648,0.0],[112.4556,-7.7792,0.0],[112.4425,-7.7762,0.0],[112.4363,-7.7654,0.0],[112.4302,-7.7708,0.0],[112.418,-7.7642,0.0],[112.4086,-7.7734,0.0],[112.3973,-7.7761,0.0],[112.3612,-7.7612,0.0],[112.3488,-7.7489,0.0],[112.3018,-7.7268,0.0],[112.267,-7.7225,0.0],[112.267,-7.7281,0.0],[112.2572,-7.728,0.0],[112.2332,-7.7071,0.0],[112.2331,-7.7014,0.0]],[[112.1801,-7.4871,0.0],[112.1787,-7.487,0.0],[112.1689,-7.4907,0.0],[112.1801,-7.4871,0.0]],[[112.2734,-7.3603,0.0],[112.2739,-7.3577,0.0],[112.2738,-7.3577,0.0],[112.2734,-7.3603,0.0]],[[112.2707,-7.3637,0.0],[112.2707,-7.3641,0.0],[112.2726,-7.3599,0.0],[112.2707,-7.3637,0.0]],[[112.28,-7.3845,0.0],[112.2801,-7.3841,0.0],[112.2743,-7.3756,0.0],[112.28,-7.3845,0.0]],[[112.2828,-7.3808,0.0],[112.2828,-7.3808,0.0],[112.2801,-7.3841,0.0],[112.2828,-7.3808,0.0]],[[112.2728,-7.3935,0.0],[112.2727,-7.3939,0.0],[112.2787,-7.3883,0.0],[112.2728,-7.3935,0.0]],[[112.2723,-7.3951,0.0],[112.2684,-7.4226,0.0],[112.2684,-7.4226,0.0],[112.2723,-7.3951,0.0]],[[112.2618,-7.4254,0.0],[112.2696,-7.4273,0.0],[112.2696,-7.4272,0.0],[112.2618,-7.4254,0.0]],[[112.2814,-7.4374,0.0],[112.2815,-7.4374,0.0],[112.2802,-7.4358,0.0],[112.2814,-7.4374,0.0]],[[112.2857,-7.4772,0.0],[112.2861,-7.4778,0.0],[112.2865,-7.4771,0.0],[112.2857,-7.4772,0.0]],[[112.277,-7.4776,0.0],[112.2799,-7.4782,0.0],[112.283,-7.4773,0.0],[112.277,-7.4776,0.0]],[[112.2572,-7.5026,0.0],[112.2566,-7.5029,0.0],[112.2592,-7.5036,0.0],[112.2572,-7.5026,0.0]],[[112.2557,-7.5035,0.0],[112.2512,-7.5077,0.0],[112.2512,-7.5083,0.0],[112.2557,-7.5035,0.0]],[[112.2513,-7.511,0.0],[112.2505,-7.5114,0.0],[112.2536,-7.5138,0.0],[112.2513,-7.511,0.0]],[[112.2501,-7.5481,0.0],[112.2626,-7.5516,0.0],[112.2531,-7.5487,0.0],[112.2501,-7.5481,0.0]],[[112.2452,-7.5561,0.0],[112.2452,-7.5567,0.0],[112.2481,-7.5541,0.0],[112.2452,-7.5561,0.0]],[[112.2453,-7.5578,0.0],[112.247,-7.5585,0.0],[112.2452,-7.5572,0.0],[112.2453,-7.5578,0.0]],[[112.2461,-7.5608,0.0],[112.25,-7.5638,0.0],[112.2461,-7.5608,0.0],[112.2461,-7.5608,0.0]],[[112.2525,-7.5699,0.0],[112.251,-7.5695,0.0],[112.248,-7.5711,0.0],[112.2525,-7.5699,0.0]],[[112.2682,-7.588,0.0],[112.2682,-7.588,0.0],[112.2646,-7.5808,0.0],[112.2682,-7.588,0.0]],[[112.2681,-7.6091,0.0],[112.2684,-7.6094,0.0],[112.269,-7.6039,0.0],[112.2681,-7.6091,0.0]],[[112.2696,-7.6106,0.0],[112.2698,-7.6106,0.0],[112.2774,-7.612,0.0],[112.2696,-7.6106,0.0]],[[112.2788,-7.6069,0.0],[112.2777,-7.6085,0.0],[112.2774,-7.612,0.0],[112.2788,-7.6069,0.0]],[[112.2614,-7.6319,0.0],[112.2661,-7.6374,0.0],[112.2614,-7.6319,0.0],[112.2614,-7.6319,0.0]],[[112.2845,-7.6546,0.0],[112.2847,-7.6544,0.0],[112.2844,-7.6543,0.0],[112.2845,-7.6546,0.0]],[[112.2843,-7.661,0.0],[112.2844,-7.6601,0.0],[112.2825,-7.6567,0.0],[112.2843,-7.661,0.0]],[[112.2842,-7.664,0.0],[112.2843,-7.6639,0.0],[112.2843,-7.6632,0.0],[112.2842,-7.664,0.0]],[[112.2819,-7.6647,0.0],[112.2811,-7.666,0.0],[112.2833,-7.6645,0.0],[112.2819,-7.6647,0.0]],[[112.273,-7.6911,0.0],[112.2732,-7.6958,0.0],[112.2731,-7.691,0.0],[112.273,-7.6911,0.0]],[[112.1689,-7.5251,0.0],[112.1588,-7.526,0.0],[112.1689,-7.5251,0.0],[112.1689,-7.5251,0.0]],[[112.175,-7.5312,0.0],[112.1749,-7.5304,0.0],[112.1743,-7.5298,0.0],[112.175,-7.5312,0.0]],[[112.1812,-7.5311,0.0],[112.181,-7.5311,0.0],[112.1812,-7.5312,0.0],[112.1812,-7.5311,0.0]],[[112.2024,-7.5703,0.0],[112.2031,-7.5661,0.0],[112.2024,-7.5703,0.0],[112.2024,-7.5703,0.0]],[[112.2136,-7.5726,0.0],[112.213,-7.5698,0.0],[112.2131,-7.5737,0.0],[112.2136,-7.5726,0.0]],[[112.2229,-7.5624,0.0],[112.2224,-7.5626,0.0],[112.2226,-7.5636,0.0],[112.2229,-7.5624,0.0]],[[112.238,-7.5732,0.0],[112.2363,-7.5694,0.0],[112.2375,-7.5729,0.0],[112.238,-7.5732,0.0]],[[112.1707,-7.6014,0.0],[112.1723,-7.6026,0.0],[112.1707,-7.6013,0.0],[112.1707,-7.6014,0.0]],[[112.1851,-7.579,0.0],[112.1874,-7.5798,0.0],[112.1874,-7.5797,0.0],[112.1851,-7.579,0.0]],[[112.2006,-7.583,0.0],[112.2027,-7.5835,0.0],[112.2027,-7.5833,0.0],[112.2006,-7.583,0.0]],[[112.2297,-7.6299,0.0],[112.2326,-7.6301,0.0],[112.2313,-7.6292,0.0],[112.2297,-7.6299,0.0]],[[112.2422,-7.6422,0.0],[112.239,-7.6418,0.0],[112.2407,-7.6445,0.0],[112.2422,-7.6422,0.0]],[[112.2481,-7.6373,0.0],[112.2505,-7.6305,0.0],[112.25,-7.6303,0.0],[112.2481,-7.6373,0.0]],[[112.2274,-7.6754,0.0],[112.2272,-7.675,0.0],[112.2265,-7.6781,0.0],[112.2274,-7.6754,0.0]],[[112.2249,-7.6711,0.0],[112.2246,-7.671,0.0],[112.2254,-7.6719,0.0],[112.2249,-7.6711,0.0]],[[112.2216,-7.6576,0.0],[112.2216,-7.6573,0.0],[112.2211,-7.6587,0.0],[112.2216,-7.6576,0.0]],[[112.2214,-7.6563,0.0],[112.2172,-7.6547,0.0],[112.2215,-7.657,0.0],[112.2214,-7.6563,0.0]],[[112.2205,-7.6488,0.0],[112.2197,-7.6484,0.0],[112.2186,-7.65,0.0],[112.2205,-7.6488,0.0]],[[112.2207,-7.6487,0.0],[112.2205,-7.6463,0.0],[112.2206,-7.6487,0.0],[112.2207,-7.6487,0.0]],[[112.1911,-7.5771,0.0],[112.1919,-7.5739,0.0],[112.1896,-7.5804,0.0],[112.1911,-7.5771,0.0]],[[112.2009,-7.5707,0.0],[112.2,-7.5704,0.0],[112.1964,-7.5717,0.0],[112.2009,-7.5707,0.0]],[[112.1465,-7.5617,0.0],[112.1451,-7.5615,0.0],[112.1533,-7.5636,0.0],[112.1465,-7.5617,0.0]],[[112.1734,-7.5408,0.0],[112.1692,-7.5472,0.0],[112.1702,-7.547,0.0],[112.1734,-7.5408,0.0]],[[112.1752,-7.535,0.0],[112.1751,-7.533,0.0],[112.1734,-7.5408,0.0],[112.1752,-7.535,0.0]],[[112.181,-7.4872,0.0],[112.1887,-7.4917,0.0],[112.182,-7.4872,0.0],[112.181,-7.4872,0.0]],[[112.2042,-7.4743,0.0],[112.2074,-7.471,0.0],[112.2073,-7.471,0.0],[112.2042,-7.4743,0.0]],[[112.2529,-7.4453,0.0],[112.2613,-7.4467,0.0],[112.2616,-7.4466,0.0],[112.2529,-7.4453,0.0]],[[112.1876,-7.5183,0.0],[112.1882,-7.5156,0.0],[112.1873,-7.5192,0.0],[112.1876,-7.5183,0.0]],[[112.1925,-7.5119,0.0],[112.1871,-7.5121,0.0],[112.187,-7.5121,0.0],[112.1925,-7.5119,0.0]],[[112.1951,-7.5081,0.0],[112.1945,-7.508,0.0],[112.1925,-7.5119,0.0],[112.1951,-7.5081,0.0]],[[112.1981,-7.5086,0.0],[112.1981,-7.5085,0.0],[112.1969,-7.5083,0.0],[112.1981,-7.5086,0.0]],[[112.2044,-7.5123,0.0],[112.2044,-7.5122,0.0],[112.2026,-7.5112,0.0],[112.2044,-7.5123,0.0]],[[112.2477,-7.5123,0.0],[112.249,-7.5115,0.0],[112.243,-7.5122,0.0],[112.2477,-7.5123,0.0]],[[112.227,-7.4945,0.0],[112.2259,-7.4933,0.0],[112.2258,-7.4943,0.0],[112.227,-7.4945,0.0]],[[112.2274,-7.4948,0.0],[112.2273,-7.4947,0.0],[112.2242,-7.4981,0.0],[112.2274,-7.4948,0.0]],[[112.2075,-7.4528,0.0],[112.2013,-7.4616,0.0],[112.2013,-7.4616,0.0],[112.2075,-7.4528,0.0]],[[112.206,-7.442,0.0],[112.2,-7.4407,0.0],[112.2019,-7.4417,0.0],[112.206,-7.442,0.0]],[[112.2009,-7.4385,0.0],[112.2001,-7.4394,0.0],[112.2,-7.4406,0.0],[112.2009,-7.4385,0.0]],[[112.2152,-7.4295,0.0],[112.2154,-7.4263,0.0],[112.2146,-7.4303,0.0],[112.2152,-7.4295,0.0]],[[112.2241,-7.4178,0.0],[112.2238,-7.4176,0.0],[112.2229,-7.4239,0.0],[112.2241,-7.4178,0.0]],[[112.2585,-7.4194,0.0],[112.2587,-7.4162,0.0],[112.2585,-7.4161,0.0],[112.2585,-7.4194,0.0]],[[112.2584,-7.4218,0.0],[112.2625,-7.422,0.0],[112.2584,-7.4216,0.0],[112.2584,-7.4218,0.0]],[[112.1416,-7.376,0.0],[112.1424,-7.3685,0.0],[112.1418,-7.3722,0.0],[112.1416,-7.376,0.0]],[[112.1456,-7.407,0.0],[112.1451,-7.4036,0.0],[112.1456,-7.4071,0.0],[112.1456,-7.407,0.0]],[[112.2004,-7.4163,0.0],[112.2004,-7.4163,0.0],[112.2023,-7.4183,0.0],[112.2004,-7.4163,0.0]],[[112.2713,-7.549,0.0],[112.2719,-7.5477,0.0],[112.2711,-7.549,0.0],[112.2713,-7.549,0.0]],[[112.2753,-7.545,0.0],[112.274,-7.5473,0.0],[112.2742,-7.5473,0.0],[112.2753,-7.545,0.0]],[[112.2865,-7.539,0.0],[112.2833,-7.5482,0.0],[112.2849,-7.5437,0.0],[112.2865,-7.539,0.0]],[[112.313,-7.5616,0.0],[112.3104,-7.5613,0.0],[112.3104,-7.5613,0.0],[112.313,-7.5616,0.0]],[[112.3548,-7.5181,0.0],[112.3547,-7.5182,0.0],[112.3552,-7.5179,0.0],[112.3548,-7.5181,0.0]],[[112.3567,-7.5173,0.0],[112.3567,-7.5173,0.0],[112.3584,-7.5175,0.0],[112.3567,-7.5173,0.0]],[[112.366,-7.524,0.0],[112.3629,-7.5238,0.0],[112.3629,-7.5238,0.0],[112.366,-7.524,0.0]],[[112.2877,-7.6728,0.0],[112.2901,-7.6742,0.0],[112.2904,-7.6739,0.0],[112.2877,-7.6728,0.0]],[[112.2914,-7.673,0.0],[112.2916,-7.6728,0.0],[112.2915,-7.6728,0.0],[112.2914,-7.673,0.0]],[[112.292,-7.656,0.0],[112.291,-7.65,0.0],[112.2908,-7.6503,0.0],[112.292,-7.656,0.0]],[[112.3527,-7.7034,0.0],[112.354,-7.7027,0.0],[112.3517,-7.7034,0.0],[112.3527,-7.7034,0.0]],[[112.3556,-7.7018,0.0],[112.3533,-7.6949,0.0],[112.3553,-7.702,0.0],[112.3556,-7.7018,0.0]],[[112.2841,-7.6028,0.0],[112.281,-7.6038,0.0],[112.2808,-7.6041,0.0],[112.2841,-7.6028,0.0]],[[112.2911,-7.597,0.0],[112.2903,-7.5989,0.0],[112.2909,-7.5994,0.0],[112.2911,-7.597,0.0]],[[112.2899,-7.5899,0.0],[112.2897,-7.5898,0.0],[112.2877,-7.5955,0.0],[112.2899,-7.5899,0.0]],[[112.3113,-7.5726,0.0],[112.3089,-7.5773,0.0],[112.3077,-7.5821,0.0],[112.3113,-7.5726,0.0]],[[112.3461,-7.6212,0.0],[112.3459,-7.6222,0.0],[112.3517,-7.6174,0.0],[112.3461,-7.6212,0.0]],[[112.3453,-7.625,0.0],[112.3457,-7.6261,0.0],[112.3455,-7.624,0.0],[112.3453,-7.625,0.0]],[[112.3465,-7.6282,0.0],[112.3499,-7.6317,0.0],[112.3461,-7.6272,0.0],[112.3465,-7.6282,0.0]],[[112.3103,-7.5646,0.0],[112.3082,-7.5668,0.0],[112.3084,-7.5669,0.0],[112.3103,-7.5646,0.0]],[[112.3052,-7.4865,0.0],[112.3058,-7.487,0.0],[112.3052,-7.4864,0.0],[112.3052,-7.4865,0.0]],[[112.3098,-7.4887,0.0],[112.307,-7.4883,0.0],[112.307,-7.4884,0.0],[112.3098,-7.4887,0.0]],[[112.3538,-7.488,0.0],[112.3546,-7.4833,0.0],[112.354,-7.4837,0.0],[112.3538,-7.488,0.0]],[[112.3548,-7.4831,0.0],[112.3574,-7.4842,0.0],[112.3553,-7.4827,0.0],[112.3548,-7.4831,0.0]],[[112.3576,-7.4843,0.0],[112.3578,-7.4844,0.0],[112.3585,-7.484,0.0],[112.3576,-7.4843,0.0]],[[112.3596,-7.4836,0.0],[112.3596,-7.4837,0.0],[112.3596,-7.4836,0.0],[112.3596,-7.4836,0.0]],[[112.3616,-7.4873,0.0],[112.3616,-7.4882,0.0],[112.3622,-7.4884,0.0],[112.3616,-7.4873,0.0]],[[112.3047,-7.5066,0.0],[112.3046,-7.5063,0.0],[112.3013,-7.5068,0.0],[112.3047,-7.5066,0.0]],[[112.2889,-7.4339,0.0],[112.2881,-7.4337,0.0],[112.2846,-7.4359,0.0],[112.2889,-7.4339,0.0]],[[112.2931,-7.4367,0.0],[112.2912,-7.4345,0.0],[112.2897,-7.4341,0.0],[112.2931,-7.4367,0.0]],[[112.3,-7.4418,0.0],[112.3036,-7.4432,0.0],[112.2958,-7.4387,0.0],[112.3,-7.4418,0.0]],[[112.3146,-7.4455,0.0],[112.3195,-7.4461,0.0],[112.3083,-7.443,0.0],[112.3146,-7.4455,0.0]],[[112.3196,-7.4457,0.0],[112.3225,-7.434,0.0],[112.3195,-7.4461,0.0],[112.3196,-7.4457,0.0]],[[112.3228,-7.4484,0.0],[112.3228,-7.4483,0.0],[112.3224,-7.4479,0.0],[112.3228,-7.4484,0.0]],[[112.3238,-7.4555,0.0],[112.324,-7.4557,0.0],[112.3232,-7.4506,0.0],[112.3238,-7.4555,0.0]],[[112.3255,-7.4579,0.0],[112.3261,-7.4575,0.0],[112.3246,-7.4566,0.0],[112.3255,-7.4579,0.0]],[[112.2882,-7.3814,0.0],[112.2829,-7.3809,0.0],[112.292,-7.3823,0.0],[112.2882,-7.3814,0.0]],[[112.2929,-7.3825,0.0],[112.2928,-7.3825,0.0],[112.2958,-7.387,0.0],[112.2929,-7.3825,0.0]],[[112.3055,-7.3864,0.0],[112.2984,-7.3879,0.0],[112.2984,-7.3879,0.0],[112.3055,-7.3864,0.0]],[[112.3142,-7.3866,0.0],[112.3099,-7.3883,0.0],[112.3143,-7.3867,0.0],[112.3142,-7.3866,0.0]],[[112.3184,-7.396,0.0],[112.3165,-7.3947,0.0],[112.3165,-7.3949,0.0],[112.3184,-7.396,0.0]],[[112.3205,-7.3974,0.0],[112.3187,-7.398,0.0],[112.3205,-7.3975,0.0],[112.3205,-7.3974,0.0]],[[112.3205,-7.3995,0.0],[112.3205,-7.3977,0.0],[112.3202,-7.3999,0.0],[112.3205,-7.3995,0.0]],[[112.3171,-7.4038,0.0],[112.3177,-7.4031,0.0],[112.3173,-7.4035,0.0],[112.3171,-7.4038,0.0]],[[112.3147,-7.418,0.0],[112.3154,-7.4087,0.0],[112.3154,-7.4088,0.0],[112.3147,-7.418,0.0]],[[112.3306,-7.3508,0.0],[112.3311,-7.3462,0.0],[112.3289,-7.3459,0.0],[112.3306,-7.3508,0.0]]]}},{"type":"Feature","properties":{"kab_kota":"Lumajang","kode":"kab-lumajang"},"geometry":{"type":"MultiPolygon","coordinates":[[[[112.9489,-8.3575,0.0],[112.949,-8.3568,0.0],[112.9495,-8.3571,0.0],[112.9489,-8.3575,0.0]]],[[[112.9491,-8.3561,0.0],[112.9473,-8.343,0.0],[112.9374,-8.3345,0.0],[112.9363,-8.3233,0.0],[112.9412,-8.3156,0.0],[112.9264,-8.3041,0.0],[112.9138,-8.2816,0.0],[112.9119,-8.2694,0.0],[112.9139,-8.2624,0.0],[112.9222,-8.2623,0.0],[112.9147,-8.2618,0.0],[112.9227,-8.2397,0.0],[112.9042,-8.1922,0.0],[112.9202,-8.1397,0.0],[112.9204,-8.1217,0.0],[112.9266,-8.1148,0.0],[112.9221,-8.1089,0.0],[112.9203,-8.0879,0.0],[112.9134,-8.0807,0.0],[112.9054,-8.0809,0.0],[112.9003,-8.0609,0.0],[112.9091,-8.0517,0.0],[112.9082,-8.0423,0.0],[112.9148,-8.0328,0.0],[112.9269,-8.033,0.0],[112.9226,-8.0318,0.0],[112.9339,-8.013,0.0],[112.9251,-8.0005,0.0],[112.9386,-7.9991,0.0],[112.9407,-7.9819,0.0],[112.9501,-7.987,0.0],[112.9725,-7.981,0.0],[112.9935,-7.96,0.0],[113.0227,-7.9695,0.0],[113.0591,-8.0104,0.0],[113.0788,-7.9842,0.0],[113.1059,-7.9843,0.0],[113.1126,-7.9953,0.0],[113.136,-7.9765,0.0],[113.1495,-7.9798,0.0],[113.1536,-7.9716,0.0],[113.1904,-7.9451,0.0],[113.2105,-7.915,0.0],[113.2074,-7.8999,0.0],[113.2546,-7.9073,0.0],[113.2625,-7.8959,0.0],[113.268,-7.9031,0.0],[113.268,-7.9177,0.0],[113.274,-7.9187,0.0],[113.2747,-7.9253,0.0],[113.3037,-7.9249,0.0],[113.3288,-7.9356,0.0],[113.3306,-7.9426,0.0],[113.3413,-7.9425,0.0],[113.3469,-7.9721,0.0],[113.3429,-7.9793,0.0],[113.3471,-7.9757,0.0],[113.3587,-7.9997,0.0],[113.3614,-8.0278,0.0],[113.3487,-8.0549,0.0],[113.3501,-8.0634,0.0],[113.3572,-8.0784,0.0],[113.3667,-8.0859,0.0],[113.3619,-8.1007,0.0],[113.3684,-8.1106,0.0],[113.3627,-8.1191,0.0],[113.376,-8.131,0.0],[113.3724,-8.1464,0.0],[113.3791,-8.1487,0.0],[113.3793,-8.1585,0.0],[113.3723,-8.1669,0.0],[113.3671,-8.1661,0.0],[113.368,-8.1851,0.0],[113.3607,-8.1893,0.0],[113.3533,-8.2036,0.0],[113.3334,-8.2083,0.0],[113.3268,-8.2213,0.0],[113.3131,-8.2288,0.0],[113.3201,-8.2616,0.0],[113.3035,-8.3072,0.0],[113.2551,-8.2885,0.0],[113.2174,-8.2831,0.0],[113.1741,-8.2804,0.0],[113.1762,-8.2828,0.0],[113.1248,-8.2912,0.0],[113.0799,-8.2871,0.0],[113.0658,-8.2969,0.0],[113.042,-8.2972,0.0],[113.0324,-8.3043,0.0],[112.9836,-8.3209,0.0],[112.9491,-8.3561,0.0]],[[112.924,-8.2613,0.0],[112.9252,-8.2603,0.0],[112.9222,-8.2623,0.0],[112.924,-8.2613,0.0]],[[113.1029,-8.032,0.0],[113.1025,-8.0315,0.0],[113.098,-8.0296,0.0],[113.1029,-8.032,0.0]],[[113.1145,-8.0449,0.0],[113.1144,-8.0445,0.0],[113.1052,-8.0344,0.0],[113.1145,-8.0449,0.0]],[[113.1267,-8.0842,0.0],[113.1265,-8.083,0.0],[113.1251,-8.0813,0.0],[113.1267,-8.0842,0.0]],[[113.1267,-8.0885,0.0],[113.1273,-8.0881,0.0],[113.1268,-8.0846,0.0],[113.1267,-8.0885,0.0]],[[113.1509,-8.079,0.0],[113.1509,-8.079,0.0],[113.1516,-8.0813,0.0],[113.1509,-8.079,0.0]],[[113.1474,-8.0769,0.0],[113.1477,-8.0776,0.0],[113.1479,-8.0777,0.0],[113.1474,-8.0769,0.0]],[[113.1972,-8.0585,0.0],[113.1972,-8.0584,0.0],[113.1962,-8.06,0.0],[113.1972,-8.0585,0.0]],[[113.188,-8.0118,0.0],[113.1879,-8.0099,0.0],[113.1878,-8.0144,0.0],[113.188,-8.0118,0.0]],[[113.1888,-8.0075,0.0],[113.1888,-8.0073,0.0],[113.1865,-8.0092,0.0],[113.1888,-8.0075,0.0]],[[113.1888,-8.0061,0.0],[113.1856,-8.0022,0.0],[113.1888,-8.0068,0.0],[113.1888,-8.0061,0.0]],[[113.1817,-7.9922,0.0],[113.1784,-7.9928,0.0],[113.1817,-7.9924,0.0],[113.1817,-7.9922,0.0]],[[113.1649,-7.9886,0.0],[113.1673,-7.9896,0.0],[113.1737,-7.9895,0.0],[113.1649,-7.9886,0.0]],[[113.1643,-7.9884,0.0],[113.1643,-7.9884,0.0],[113.1643,-7.9884,0.0],[113.1643,-7.9884,0.0]],[[113.177,-7.9798,0.0],[113.1717,-7.9823,0.0],[113.1715,-7.9824,0.0],[113.177,-7.9798,0.0]],[[113.184,-7.9794,0.0],[113.1837,-7.9793,0.0],[113.177,-7.9798,0.0],[113.184,-7.9794,0.0]],[[113.2322,-8.0191,0.0],[113.2371,-8.0173,0.0],[113.2322,-8.0189,0.0],[113.2322,-8.0191,0.0]],[[113.2472,-8.0299,0.0],[113.247,-8.0294,0.0],[113.247,-8.0296,0.0],[113.2472,-8.0299,0.0]],[[113.2604,-8.0527,0.0],[113.263,-8.0521,0.0],[113.2582,-8.0527,0.0],[113.2604,-8.0527,0.0]],[[113.2605,-8.0594,0.0],[113.2611,-8.0575,0.0],[113.2605,-8.0572,0.0],[113.2605,-8.0594,0.0]],[[113.2883,-8.0648,0.0],[113.2882,-8.0646,0.0],[113.2783,-8.0657,0.0],[113.2883,-8.0648,0.0]],[[113.29,-8.0803,0.0],[113.2906,-8.0779,0.0],[113.2905,-8.0777,0.0],[113.29,-8.0803,0.0]],[[113.257,-8.0921,0.0],[113.2662,-8.0986,0.0],[113.2604,-8.0938,0.0],[113.257,-8.0921,0.0]],[[113.2504,-8.0857,0.0],[113.2534,-8.0902,0.0],[113.2535,-8.0903,0.0],[113.2504,-8.0857,0.0]],[[113.2299,-8.0807,0.0],[113.23,-8.0808,0.0],[113.23,-8.0807,0.0],[113.2299,-8.0807,0.0]],[[113.2275,-8.0765,0.0],[113.2287,-8.0794,0.0],[113.2294,-8.0801,0.0],[113.2275,-8.0765,0.0]],[[113.2251,-8.0829,0.0],[113.2252,-8.0829,0.0],[113.2254,-8.0825,0.0],[113.2251,-8.0829,0.0]],[[113.2262,-8.0836,0.0],[113.2265,-8.0835,0.0],[113.2257,-8.0833,0.0],[113.2262,-8.0836,0.0]],[[113.2023,-8.1002,0.0],[113.2088,-8.0953,0.0],[113.2089,-8.0952,0.0],[113.2023,-8.1002,0.0]],[[113.1975,-8.1035,0.0],[113.1973,-8.1039,0.0],[113.2004,-8.1012,0.0],[113.1975,-8.1035,0.0]],[[113.2031,-8.1143,0.0],[113.2032,-8.114,0.0],[113.201,-8.1089,0.0],[113.2031,-8.1143,0.0]],[[113.1952,-8.1207,0.0],[113.1948,-8.1216,0.0],[113.1967,-8.1244,0.0],[113.1952,-8.1207,0.0]],[[113.1873,-8.1247,0.0],[113.1882,-8.1248,0.0],[113.1883,-8.1248,0.0],[113.1873,-8.1247,0.0]],[[113.1839,-8.1242,0.0],[113.1835,-8.1243,0.0],[113.1824,-8.1275,0.0],[113.1839,-8.1242,0.0]],[[113.1806,-8.1282,0.0],[113.1806,-8.1282,0.0],[113.1824,-8.1275,0.0],[113.1806,-8.1282,0.0]],[[113.1788,-8.1263,0.0],[113.1783,-8.1281,0.0],[113.1788,-8.1264,0.0],[113.1788,-8.1263,0.0]],[[113.1974,-8.1321,0.0],[113.1974,-8.1316,0.0],[113.1922,-8.1325,0.0],[113.1974,-8.1321,0.0]],[[113.1973,-8.1338,0.0],[113.1974,-8.1338,0.0],[113.1974,-8.1335,0.0],[113.1973,-8.1338,0.0]],[[113.1943,-8.1337,0.0],[113.1927,-8.137,0.0],[113.1944,-8.1337,0.0],[113.1943,-8.1337,0.0]],[[113.1862,-8.1437,0.0],[113.19,-8.1443,0.0],[113.1864,-8.1436,0.0],[113.1862,-8.1437,0.0]],[[113.2124,-8.1438,0.0],[113.2124,-8.1438,0.0],[113.2063,-8.1426,0.0],[113.2124,-8.1438,0.0]],[[113.2264,-8.1558,0.0],[113.2264,-8.1558,0.0],[113.227,-8.1511,0.0],[113.2264,-8.1558,0.0]],[[113.2074,-8.2008,0.0],[113.2081,-8.1955,0.0],[113.208,-8.1955,0.0],[113.2074,-8.2008,0.0]],[[112.9565,-8.1183,0.0],[112.9493,-8.1169,0.0],[112.9591,-8.1198,0.0],[112.9565,-8.1183,0.0]],[[113.0281,-8.227,0.0],[113.0266,-8.2282,0.0],[113.0237,-8.2307,0.0],[113.0281,-8.227,0.0]],[[113.0719,-8.2333,0.0],[113.0687,-8.2345,0.0],[113.0693,-8.2348,0.0],[113.0719,-8.2333,0.0]],[[113.069,-8.2246,0.0],[113.069,-8.2247,0.0],[113.074,-8.2201,0.0],[113.069,-8.2246,0.0]],[[113.0901,-8.2184,0.0],[113.0895,-8.2188,0.0],[113.0896,-8.222,0.0],[113.0901,-8.2184,0.0]],[[113.0959,-8.2204,0.0],[113.0959,-8.2203,0.0],[113.0896,-8.222,0.0],[113.0959,-8.2204,0.0]],[[113.1099,-8.2094,0.0],[113.1093,-8.2099,0.0],[113.1094,-8.2102,0.0],[113.1099,-8.2094,0.0]],[[113.1136,-8.1747,0.0],[113.1047,-8.1729,0.0],[113.1135,-8.1748,0.0],[113.1136,-8.1747,0.0]],[[113.1138,-8.1718,0.0],[113.1136,-8.1744,0.0],[113.1141,-8.172,0.0],[113.1138,-8.1718,0.0]],[[113.1229,-8.155,0.0],[113.1241,-8.1574,0.0],[113.1242,-8.1575,0.0],[113.1229,-8.155,0.0]],[[113.1407,-8.1502,0.0],[113.1236,-8.1483,0.0],[113.1242,-8.1391,0.0],[113.1228,-8.1484,0.0],[113.1407,-8.1502,0.0]],[[113.1472,-8.147,0.0],[113.1448,-8.1484,0.0],[113.1475,-8.1469,0.0],[113.1472,-8.147,0.0]],[[113.1514,-8.1462,0.0],[113.1501,-8.1465,0.0],[113.1533,-8.1474,0.0],[113.1514,-8.1462,0.0]],[[113.1573,-8.1391,0.0],[113.1569,-8.1389,0.0],[113.1533,-8.1474,0.0],[113.1573,-8.1391,0.0]],[[112.9289,-8.2574,0.0],[112.9294,-8.257,0.0],[112.9291,-8.2565,0.0],[112.9289,-8.2574,0.0]],[[112.9282,-8.2547,0.0],[112.9271,-8.2524,0.0],[112.9266,-8.2529,0.0],[112.9282,-8.2547,0.0]],[[112.9295,-8.2498,0.0],[112.9335,-8.2499,0.0],[112.93,-8.2492,0.0],[112.9295,-8.2498,0.0]],[[112.9438,-8.2528,0.0],[112.9546,-8.257,0.0],[112.9546,-8.257,0.0],[112.9438,-8.2528,0.0]],[[112.9763,-8.247,0.0],[112.9766,-8.2466,0.0],[112.9762,-8.247,0.0],[112.9763,-8.247,0.0]],[[112.9803,-8.2425,0.0],[112.9916,-8.236,0.0],[112.9811,-8.2417,0.0],[112.9803,-8.2425,0.0]],[[113.0158,-8.2533,0.0],[113.0151,-8.2554,0.0],[113.0153,-8.2554,0.0],[113.0158,-8.2533,0.0]],[[113.0197,-8.268,0.0],[113.0256,-8.2705,0.0],[113.0242,-8.2694,0.0],[113.0197,-8.268,0.0]],[[113.0282,-8.2725,0.0],[113.0305,-8.2752,0.0],[113.0299,-8.2738,0.0],[113.0282,-8.2725,0.0]],[[113.0315,-8.2772,0.0],[113.0315,-8.2791,0.0],[113.035,-8.2848,0.0],[113.0315,-8.2772,0.0]],[[113.1521,-8.1328,0.0],[113.1548,-8.1255,0.0],[113.1548,-8.1255,0.0],[113.1521,-8.1328,0.0]],[[113.1364,-8.1135,0.0],[113.1317,-8.1103,0.0],[113.1337,-8.1123,0.0],[113.1364,-8.1135,0.0]],[[113.1302,-8.1087,0.0],[113.1297,-8.1081,0.0],[113.1297,-8.1082,0.0],[113.1302,-8.1087,0.0]],[[113.1268,-8.0903,0.0],[113.1267,-8.0895,0.0],[113.1267,-8.0901,0.0],[113.1268,-8.0903,0.0]],[[113.2029,-8.0584,0.0],[113.2048,-8.0587,0.0],[113.2032,-8.0583,0.0],[113.2029,-8.0584,0.0]],[[113.2061,-8.0592,0.0],[113.2074,-8.0599,0.0],[113.2071,-8.0595,0.0],[113.2061,-8.0592,0.0]],[[113.2084,-8.0613,0.0],[113.2094,-8.0677,0.0],[113.2091,-8.0623,0.0],[113.2084,-8.0613,0.0]],[[112.933,-8.0366,0.0],[112.9282,-8.0334,0.0],[112.9275,-8.0332,0.0],[112.933,-8.0366,0.0]],[[113.1004,-8.1093,0.0],[113.0969,-8.1066,0.0],[113.0968,-8.1067,0.0],[113.1004,-8.1093,0.0]],[[113.1493,-8.1418,0.0],[113.1495,-8.1419,0.0],[113.1397,-8.1288,0.0],[113.1493,-8.1418,0.0]],[[113.1649,-7.9791,0.0],[113.1593,-7.9768,0.0],[113.1578,-7.9754,0.0],[113.16,-7.9779,0.0],[113.1649,-7.9791,0.0]],[[113.1635,-7.9881,0.0],[113.1592,-7.9848,0.0],[113.1618,-7.9874,0.0],[113.1635,-7.9881,0.0]],[[113.2073,-8.125,0.0],[113.205,-8.1279,0.0],[113.207,-8.1259,0.0],[113.2073,-8.125,0.0]],[[113.2121,-8.1188,0.0],[113.2121,-8.1189,0.0],[113.2233,-8.1191,0.0],[113.2121,-8.1188,0.0]],[[113.2525,-8.1291,0.0],[113.2508,-8.1288,0.0],[113.2525,-8.1292,0.0],[113.2525,-8.1291,0.0]],[[113.2527,-8.1334,0.0],[113.2513,-8.1324,0.0],[113.2524,-8.1335,0.0],[113.2527,-8.1334,0.0]],[[113.2544,-8.1323,0.0],[113.2534,-8.1331,0.0],[113.2543,-8.1327,0.0],[113.2544,-8.1323,0.0]],[[113.2727,-8.1264,0.0],[113.2726,-8.1267,0.0],[113.2766,-8.1268,0.0],[113.2727,-8.1264,0.0]],[[113.277,-8.1268,0.0],[113.2768,-8.1268,0.0],[113.277,-8.1303,0.0],[113.277,-8.1268,0.0]],[[113.2765,-8.1368,0.0],[113.278,-8.1357,0.0],[113.2748,-8.1369,0.0],[113.2765,-8.1368,0.0]],[[113.2379,-8.1709,0.0],[113.2383,-8.1712,0.0],[113.2384,-8.1711,0.0],[113.2379,-8.1709,0.0]],[[113.2477,-8.2189,0.0],[113.2476,-8.2191,0.0],[113.2501,-8.2225,0.0],[113.2477,-8.2189,0.0]],[[113.2557,-8.2255,0.0],[113.2563,-8.2178,0.0],[113.2554,-8.225,0.0],[113.2501,-8.2225,0.0],[113.2557,-8.2255,0.0]],[[113.2635,-8.2147,0.0],[113.2664,-8.2124,0.0],[113.266,-8.2123,0.0],[113.2635,-8.2147,0.0]],[[113.3044,-8.1998,0.0],[113.3047,-8.2,0.0],[113.3045,-8.1997,0.0],[113.3044,-8.1998,0.0]],[[113.263,-8.2381,0.0],[113.2613,-8.2412,0.0],[113.2626,-8.2397,0.0],[113.263,-8.2381,0.0]],[[113.2279,-8.1562,0.0],[113.2291,-8.1553,0.0],[113.2272,-8.156,0.0],[113.2279,-8.1562,0.0]],[[113.2343,-8.1515,0.0],[113.2309,-8.1533,0.0],[113.2305,-8.1543,0.0],[113.2343,-8.1515,0.0]],[[113.2439,-8.1454,0.0],[113.2433,-8.1453,0.0],[113.2401,-8.148,0.0],[113.2439,-8.1454,0.0]],[[113.2455,-8.1477,0.0],[113.2445,-8.1454,0.0],[113.2441,-8.1454,0.0],[113.2455,-8.1477,0.0]],[[113.2693,-8.16,0.0],[113.2718,-8.1606,0.0],[113.2685,-8.1594,0.0],[113.2693,-8.16,0.0]],[[113.2759,-8.1601,0.0],[113.2786,-8.1622,0.0],[113.279,-8.165,0.0],[113.2789,-8.1624,0.0],[113.2759,-8.1601,0.0]],[[113.284,-8.1673,0.0],[113.2827,-8.165,0.0],[113.2826,-8.165,0.0],[113.284,-8.1673,0.0]],[[113.2908,-8.188,0.0],[113.2908,-8.1874,0.0],[113.2881,-8.1812,0.0],[113.2908,-8.188,0.0]],[[113.2888,-8.191,0.0],[113.2908,-8.1904,0.0],[113.2908,-8.1895,0.0],[113.2888,-8.191,0.0]],[[113.2831,-8.196,0.0],[113.2846,-8.1956,0.0],[113.285,-8.1944,0.0],[113.2831,-8.196,0.0]],[[113.2746,-8.1515,0.0],[113.2772,-8.1514,0.0],[113.2734,-8.1504,0.0],[113.2746,-8.1515,0.0]],[[113.2733,-8.1503,0.0],[113.2734,-8.1503,0.0],[113.2754,-8.1493,0.0],[113.2733,-8.1503,0.0]],[[113.2743,-8.139,0.0],[113.2744,-8.139,0.0],[113.275,-8.1384,0.0],[113.2743,-8.139,0.0]],[[113.2669,-8.0991,0.0],[113.2674,-8.1015,0.0],[113.267,-8.0992,0.0],[113.2669,-8.0991,0.0]],[[113.2675,-8.1023,0.0],[113.2661,-8.1053,0.0],[113.2675,-8.1023,0.0],[113.2675,-8.1023,0.0]],[[113.2734,-8.1093,0.0],[113.2743,-8.1097,0.0],[113.2741,-8.109,0.0],[113.2734,-8.1093,0.0]],[[113.2744,-8.1089,0.0],[113.2793,-8.1086,0.0],[113.2764,-8.1081,0.0],[113.2744,-8.1089,0.0]],[[113.2866,-8.1098,0.0],[113.2897,-8.1105,0.0],[113.2896,-8.1103,0.0],[113.2866,-8.1098,0.0]],[[113.2959,-8.1118,0.0],[113.3092,-8.1146,0.0],[113.2995,-8.1121,0.0],[113.2959,-8.1118,0.0]],[[113.3508,-8.0957,0.0],[113.3561,-8.0963,0.0],[113.3539,-8.0953,0.0],[113.3508,-8.0957,0.0]],[[113.3586,-8.0966,0.0],[113.3587,-8.0966,0.0],[113.3587,-8.0964,0.0],[113.3586,-8.0966,0.0]],[[113.2732,-8.123,0.0],[113.2713,-8.1224,0.0],[113.2731,-8.1232,0.0],[113.2732,-8.123,0.0]],[[113.2736,-8.1212,0.0],[113.2696,-8.1215,0.0],[113.27,-8.1217,0.0],[113.2736,-8.1212,0.0]],[[113.272,-8.1155,0.0],[113.2748,-8.112,0.0],[113.2745,-8.1109,0.0],[113.272,-8.1155,0.0]],[[113.3304,-7.9872,0.0],[113.3411,-7.9811,0.0],[113.3285,-7.9878,0.0],[113.3304,-7.9872,0.0]],[[113.2244,-7.9499,0.0],[113.2248,-7.9509,0.0],[113.2247,-7.9499,0.0],[113.2244,-7.9499,0.0]],[[113.2358,-7.9717,0.0],[113.2343,-7.97,0.0],[113.2349,-7.9714,0.0],[113.2358,-7.9717,0.0]],[[113.2473,-7.9757,0.0],[113.2439,-7.9738,0.0],[113.2464,-7.9756,0.0],[113.2473,-7.9757,0.0]],[[113.261,-7.9679,0.0],[113.261,-7.9679,0.0],[113.2612,-7.9679,0.0],[113.261,-7.9679,0.0]],[[113.2687,-7.9685,0.0],[113.2731,-7.9658,0.0],[113.268,-7.9681,0.0],[113.2687,-7.9685,0.0]],[[113.2792,-7.9885,0.0],[113.2781,-7.9818,0.0],[113.2791,-7.9884,0.0],[113.2792,-7.9885,0.0]],[[113.282,-7.9892,0.0],[113.2799,-7.9889,0.0],[113.2803,-7.9891,0.0],[113.282,-7.9892,0.0]],[[113.2896,-7.989,0.0],[113.2865,-7.9893,0.0],[113.2884,-7.9894,0.0],[113.2896,-7.989,0.0]],[[113.3272,-7.9882,0.0],[113.3061,-7.9874,0.0],[113.3254,-7.9887,0.0],[113.3272,-7.9882,0.0]]],[[[113.3685,-8.1234,0.0],[113.3685,-8.1234,0.0],[113.3685,-8.1234,0.0],[113.3685,-8.1234,0.0]]]]}},{"type":"Feature","properties":{"kab_kota":"Kota Mojokerto","kode":"kota-mojokerto"},"geometry":{"type":"Polygon","coordinates":[[[112.4509,-7.4815,0.0],[112.4498,-7.4934,0.0],[112.4438,-7.4908,0.0],[112.4438,-7.4819,0.0],[112.4365,-7.4817,0.0],[112.4353,-7.4875,0.0],[112.4263,-7.481,0.0],[112.4288,-7.4725,0.0],[112.4221,-7.4941,0.0],[112.415,-7.4946,0.0],[112.4077,-7.4916,0.0],[112.4058,-7.4792,0.0],[112.4144,-7.4732,0.0],[112.4158,-7.4573,0.0],[112.432,-7.4602,0.0],[112.4551,-7.4474,0.0],[112.4576,-7.4569,0.0],[112.4671,-7.4532,0.0],[112.4685,-7.4607,0.0],[112.465,-7.4611,0.0],[112.4668,-7.4671,0.0],[112.4605,-7.4829,0.0],[112.4508,-7.4817,0.0],[112.4529,-7.4749,0.0],[112.4509,-7.4815,0.0]],[[112.4483,-7.4723,0.0],[112.4486,-7.47,0.0],[112.4482,-7.47,0.0],[112.4483,-7.4723,0.0]],[[112.4446,-7.4743,0.0],[112.4446,-7.4743,0.0],[112.4397,-7.4742,0.0],[112.4446,-7.4743,0.0]]]}},{"type":"Feature","properties":{"kab_kota":"Situbondo","kode":"kab-situbondo"},"geometry":{"type":"MultiPolygon","coordinates":[[[[113.6604,-7.9385,0.0],[113.6238,-7.9615,0.0],[113.6157,-7.9581,0.0],[113.6226,-7.9532,0.0],[113.6117,-7.9512,0.0],[113.6189,-7.9286,0.0],[113.6255,-7.9237,0.0],[113.6236,-7.8953,0.0],[113.6151,-7.8871,0.0],[113.6181,-7.8746,0.0],[113.6029,-7.8431,0.0],[113.6117,-7.8241,0.0],[113.5922,-7.8054,0.0],[113.6061,-7.799,0.0],[113.6027,-7.7819,0.0],[113.5984,-7.771,0.0],[113.5764,-7.7562,0.0],[113.5725,-7.7414,0.0],[113.5793,-7.7259,0.0],[113.5883,-7.7265,0.0],[113.5907,-7.7166,0.0],[113.5982,-7.7154,0.0],[113.611,-7.7231,0.0],[113.6191,-7.72,0.0],[113.6499,-7.7244,0.0],[113.6554,-7.7327,0.0],[113.6663,-7.7369,0.0],[113.675,-7.7296,0.0],[113.6829,-7.7332,0.0],[113.6755,-7.7295,0.0],[113.6882,-7.7263,0.0],[113.7134,-7.7083,0.0],[113.725,-7.722,0.0],[113.7636,-7.738,0.0],[113.798,-7.7259,0.0],[113.8171,-7.6993,0.0],[113.8309,-7.6885,0.0],[113.8618,-7.6848,0.0],[113.8682,-7.6801,0.0],[113.9034,-7.6991,0.0],[113.9131,-7.6966,0.0],[113.9206,-7.7008,0.0],[113.9223,-7.6974,0.0],[113.9269,-7.7022,0.0],[113.923,-7.6973,0.0],[113.9342,-7.698,0.0],[113.9311,-7.6961,0.0],[113.9275,-7.6932,0.0],[113.9336,-7.6973,0.0],[113.9403,-7.6768,0.0],[113.953,-7.6797,0.0],[113.9722,-7.6516,0.0],[114.0033,-7.6363,0.0],[114.0131,-7.624,0.0],[114.0336,-7.6055,0.0],[114.028,-7.6112,0.0],[114.0284,-7.612,0.0],[114.039,-7.6106,0.0],[114.0415,-7.6073,0.0],[114.0373,-7.6045,0.0],[114.0425,-7.6058,0.0],[114.0581,-7.6222,0.0],[114.1012,-7.7024,0.0],[114.1087,-7.7073,0.0],[114.1559,-7.7148,0.0],[114.1769,-7.7151,0.0],[114.1945,-7.7086,0.0],[114.2081,-7.7178,0.0],[114.2389,-7.6977,0.0],[114.2925,-7.7472,0.0],[114.3095,-7.7463,0.0],[114.319,-7.7563,0.0],[114.3284,-7.7584,0.0],[114.3717,-7.7575,0.0],[114.3663,-7.749,0.0],[114.3756,-7.7568,0.0],[114.3785,-7.7532,0.0],[114.393,-7.7709,0.0],[114.4056,-7.7712,0.0],[114.4297,-7.7922,0.0],[114.4411,-7.7915,0.0],[114.4476,-7.8055,0.0],[114.4527,-7.8032,0.0],[114.4579,-7.8109,0.0],[114.467,-7.8347,0.0],[114.4578,-7.8475,0.0],[114.4646,-7.8555,0.0],[114.4571,-7.863,0.0],[114.4621,-7.8692,0.0],[114.4636,-7.8896,0.0],[114.445,-7.8984,0.0],[114.4224,-7.9188,0.0],[114.424,-7.9355,0.0],[114.4132,-7.9402,0.0],[114.3965,-7.9268,0.0],[114.3444,-7.9114,0.0],[114.3405,-7.9059,0.0],[114.3327,-7.9068,0.0],[114.3038,-7.8847,0.0],[114.2831,-7.8972,0.0],[114.2715,-7.919,0.0],[114.2497,-7.9394,0.0],[114.2243,-7.9867,0.0],[114.2114,-7.9777,0.0],[114.1767,-7.9695,0.0],[114.1505,-7.9768,0.0],[114.1276,-7.993,0.0],[114.1275,-7.9761,0.0],[114.1135,-7.9421,0.0],[114.1111,-7.9096,0.0],[114.0925,-7.8754,0.0],[114.0956,-7.8406,0.0],[114.0892,-7.8243,0.0],[114.0894,-7.806,0.0],[114.0749,-7.7832,0.0],[114.0794,-7.7708,0.0],[114.0747,-7.7697,0.0],[114.0708,-7.7641,0.0],[114.0713,-7.7613,0.0],[114.0313,-7.7579,0.0],[114.0149,-7.761,0.0],[114.0067,-7.7553,0.0],[114.0012,-7.7702,0.0],[113.9924,-7.7778,0.0],[113.951,-7.7653,0.0],[113.9357,-7.7767,0.0],[113.9368,-7.7917,0.0],[113.9182,-7.7888,0.0],[113.9055,-7.7956,0.0],[113.904,-7.8036,0.0],[113.8829,-7.7971,0.0],[113.8773,-7.7911,0.0],[113.8722,-7.7975,0.0],[113.8645,-7.7933,0.0],[113.8495,-7.7956,0.0],[113.8369,-7.8123,0.0],[113.8198,-7.8112,0.0],[113.8045,-7.8165,0.0],[113.7934,-7.8028,0.0],[113.762,-7.7898,0.0],[113.7607,-7.7969,0.0],[113.7474,-7.7963,0.0],[113.7394,-7.7891,0.0],[113.7225,-7.879,0.0],[113.7071,-7.8854,0.0],[113.6999,-7.8994,0.0],[113.6891,-7.9031,0.0],[113.6712,-7.9202,0.0],[113.6629,-7.9216,0.0],[113.6604,-7.9385,0.0]],[[113.9807,-7.7458,0.0],[113.982,-7.7436,0.0],[113.9817,-7.742,0.0],[113.9807,-7.7458,0.0]],[[113.9778,-7.7568,0.0],[113.9779,-7.7567,0.0],[113.9782,-7.7551,0.0],[113.9778,-7.7568,0.0]],[[113.9838,-7.7585,0.0],[113.9877,-7.7554,0.0],[113.9837,-7.7585,0.0],[113.9838,-7.7585,0.0]],[[113.9914,-7.7546,0.0],[113.9972,-7.7494,0.0],[113.9913,-7.7546,0.0],[113.9914,-7.7546,0.0]],[[114.0006,-7.7434,0.0],[114.0007,-7.7417,0.0],[113.9972,-7.7494,0.0],[114.0006,-7.7434,0.0]],[[114.0027,-7.7368,0.0],[114.0011,-7.7337,0.0],[114.0026,-7.737,0.0],[114.0027,-7.7368,0.0]],[[114.002,-7.7314,0.0],[114.0004,-7.732,0.0],[114.0004,-7.7321,0.0],[114.002,-7.7314,0.0]],[[114.0065,-7.7253,0.0],[114.0082,-7.718,0.0],[114.0074,-7.7194,0.0],[114.0065,-7.7253,0.0]],[[114.0094,-7.7125,0.0],[114.0087,-7.7151,0.0],[114.0088,-7.7151,0.0],[114.0094,-7.7125,0.0]],[[114.0139,-7.7141,0.0],[114.0093,-7.7124,0.0],[114.0094,-7.7125,0.0],[114.0139,-7.7141,0.0]],[[114.0171,-7.7202,0.0],[114.0171,-7.7202,0.0],[114.0139,-7.7141,0.0],[114.0171,-7.7202,0.0]],[[114.0158,-7.7221,0.0],[114.016,-7.7222,0.0],[114.0167,-7.7209,0.0],[114.0158,-7.7221,0.0]],[[114.0079,-7.7475,0.0],[114.0059,-7.7535,0.0],[114.006,-7.7537,0.0],[114.0079,-7.7475,0.0]],[[113.6165,-7.7938,0.0],[113.6129,-7.7956,0.0],[113.6138,-7.7956,0.0],[113.6165,-7.7938,0.0]],[[113.625,-7.794,0.0],[113.6254,-7.7937,0.0],[113.6165,-7.7938,0.0],[113.625,-7.794,0.0]],[[113.6373,-7.779,0.0],[113.6288,-7.7867,0.0],[113.6378,-7.7789,0.0],[113.6373,-7.779,0.0]],[[113.6444,-7.7767,0.0],[113.6379,-7.7789,0.0],[113.6419,-7.7783,0.0],[113.6444,-7.7767,0.0]],[[113.6507,-7.7784,0.0],[113.6452,-7.7764,0.0],[113.6449,-7.7765,0.0],[113.6507,-7.7784,0.0]],[[113.6578,-7.7758,0.0],[113.6539,-7.7776,0.0],[113.6566,-7.7769,0.0],[113.6578,-7.7758,0.0]],[[113.6742,-7.7705,0.0],[113.6654,-7.7722,0.0],[113.6624,-7.7736,0.0],[113.6742,-7.7705,0.0]],[[113.6754,-7.7676,0.0],[113.6761,-7.768,0.0],[113.6763,-7.7676,0.0],[113.6754,-7.7676,0.0]],[[113.6779,-7.765,0.0],[113.6777,-7.7658,0.0],[113.6781,-7.7652,0.0],[113.6779,-7.765,0.0]],[[113.6855,-7.7715,0.0],[113.6796,-7.7688,0.0],[113.6796,-7.7689,0.0],[113.6855,-7.7715,0.0]],[[113.6994,-7.7795,0.0],[113.6977,-7.7809,0.0],[113.6979,-7.7808,0.0],[113.6994,-7.7795,0.0]],[[113.7032,-7.7762,0.0],[113.703,-7.7764,0.0],[113.7042,-7.7825,0.0],[113.7032,-7.7762,0.0]],[[113.7055,-7.7869,0.0],[113.7048,-7.7862,0.0],[113.7049,-7.7868,0.0],[113.7055,-7.7869,0.0]],[[113.7108,-7.7872,0.0],[113.707,-7.7874,0.0],[113.7082,-7.7878,0.0],[113.7108,-7.7872,0.0]],[[113.7119,-7.7872,0.0],[113.7111,-7.7872,0.0],[113.7107,-7.7881,0.0],[113.7119,-7.7872,0.0]],[[113.7229,-7.7901,0.0],[113.7215,-7.7889,0.0],[113.7216,-7.7894,0.0],[113.7229,-7.7901,0.0]],[[113.7308,-7.7898,0.0],[113.7308,-7.7897,0.0],[113.7215,-7.7889,0.0],[113.7308,-7.7898,0.0]],[[113.7099,-7.7187,0.0],[113.7136,-7.7236,0.0],[113.7099,-7.7176,0.0],[113.7099,-7.7187,0.0]],[[113.7098,-7.7173,0.0],[113.7099,-7.7174,0.0],[113.7119,-7.7156,0.0],[113.7098,-7.7173,0.0]],[[113.7752,-7.7392,0.0],[113.7761,-7.7368,0.0],[113.7749,-7.739,0.0],[113.7752,-7.7392,0.0]],[[113.8017,-7.7727,0.0],[113.797,-7.7719,0.0],[113.797,-7.7719,0.0],[113.8017,-7.7727,0.0]],[[113.8539,-7.7797,0.0],[113.8464,-7.7817,0.0],[113.8532,-7.7802,0.0],[113.8539,-7.7797,0.0]],[[113.6353,-7.8899,0.0],[113.625,-7.8937,0.0],[113.6239,-7.895,0.0],[113.6353,-7.8899,0.0]],[[113.6481,-7.8814,0.0],[113.6481,-7.8813,0.0],[113.6478,-7.8815,0.0],[113.6481,-7.8814,0.0]],[[113.6528,-7.8724,0.0],[113.6502,-7.8757,0.0],[113.6488,-7.8801,0.0],[113.6528,-7.8724,0.0]],[[113.6901,-7.8291,0.0],[113.6899,-7.8292,0.0],[113.6895,-7.8345,0.0],[113.6901,-7.8291,0.0]],[[113.7078,-7.8151,0.0],[113.7078,-7.8145,0.0],[113.7075,-7.8155,0.0],[113.7078,-7.8151,0.0]],[[113.7096,-7.8056,0.0],[113.7095,-7.8053,0.0],[113.7083,-7.8076,0.0],[113.7096,-7.8056,0.0]],[[113.7083,-7.8011,0.0],[113.7102,-7.7893,0.0],[113.7093,-7.7915,0.0],[113.7083,-7.8011,0.0]],[[113.7432,-7.7341,0.0],[113.7426,-7.7346,0.0],[113.7431,-7.735,0.0],[113.7432,-7.7341,0.0]],[[113.6838,-7.7397,0.0],[113.684,-7.7349,0.0],[113.6834,-7.7339,0.0],[113.6838,-7.7397,0.0]],[[113.6793,-7.7449,0.0],[113.6838,-7.7406,0.0],[113.6838,-7.7405,0.0],[113.6793,-7.7449,0.0]],[[113.9702,-7.7599,0.0],[113.9706,-7.7597,0.0],[113.9702,-7.7599,0.0],[113.9702,-7.7599,0.0]],[[113.8637,-7.7541,0.0],[113.8639,-7.7573,0.0],[113.864,-7.7568,0.0],[113.8637,-7.7541,0.0]],[[113.8583,-7.7396,0.0],[113.8628,-7.7446,0.0],[113.8627,-7.7435,0.0],[113.8583,-7.7396,0.0]],[[114.011,-7.7009,0.0],[114.0085,-7.7115,0.0],[114.0085,-7.7115,0.0],[114.011,-7.7009,0.0]],[[114.0141,-7.6962,0.0],[114.0136,-7.6881,0.0],[114.011,-7.7009,0.0],[114.0141,-7.6962,0.0]],[[114.0063,-7.6619,0.0],[114.0058,-7.6616,0.0],[114.0052,-7.6638,0.0],[114.0063,-7.6619,0.0]],[[113.9783,-7.7028,0.0],[113.9775,-7.7016,0.0],[113.9774,-7.7026,0.0],[113.9783,-7.7028,0.0]],[[113.9791,-7.7042,0.0],[113.9786,-7.7034,0.0],[113.9787,-7.7062,0.0],[113.9791,-7.7042,0.0]],[[113.9841,-7.7089,0.0],[113.9814,-7.7087,0.0],[113.9878,-7.7111,0.0],[113.9841,-7.7089,0.0]],[[114.0042,-7.7113,0.0],[113.9894,-7.7117,0.0],[113.9895,-7.7117,0.0],[114.0042,-7.7113,0.0]],[[114.0715,-7.7617,0.0],[114.0716,-7.7618,0.0],[114.0757,-7.7592,0.0],[114.0715,-7.7617,0.0]],[[114.1002,-7.7285,0.0],[114.1001,-7.7287,0.0],[114.1026,-7.73,0.0],[114.1002,-7.7285,0.0]],[[114.166,-7.8826,0.0],[114.1682,-7.886,0.0],[114.168,-7.8845,0.0],[114.166,-7.8826,0.0]],[[114.1683,-7.8867,0.0],[114.1667,-7.8943,0.0],[114.1684,-7.8875,0.0],[114.1683,-7.8867,0.0]],[[114.1665,-7.8951,0.0],[114.1665,-7.8954,0.0],[114.167,-7.8984,0.0],[114.1665,-7.8951,0.0]],[[114.1736,-7.9565,0.0],[114.1739,-7.9576,0.0],[114.1737,-7.9566,0.0],[114.1736,-7.9565,0.0]],[[114.1743,-7.9592,0.0],[114.1733,-7.9635,0.0],[114.1743,-7.9593,0.0],[114.1743,-7.9592,0.0]],[[114.1696,-7.7474,0.0],[114.1692,-7.7476,0.0],[114.1698,-7.7474,0.0],[114.1696,-7.7474,0.0]],[[114.1234,-7.8167,0.0],[114.122,-7.8293,0.0],[114.1221,-7.8294,0.0],[114.1234,-7.8167,0.0]],[[114.1268,-7.8306,0.0],[114.142,-7.8348,0.0],[114.1558,-7.837,0.0],[114.1268,-7.8306,0.0]],[[114.1665,-7.8439,0.0],[114.1636,-7.8439,0.0],[114.1667,-7.8447,0.0],[114.1665,-7.8439,0.0]],[[114.2393,-7.7832,0.0],[114.2333,-7.7814,0.0],[114.2334,-7.7817,0.0],[114.2393,-7.7832,0.0]],[[114.2364,-7.848,0.0],[114.2387,-7.8436,0.0],[114.2397,-7.8379,0.0],[114.2364,-7.848,0.0]],[[114.236,-7.8491,0.0],[114.2511,-7.8782,0.0],[114.236,-7.849,0.0],[114.236,-7.8491,0.0]],[[114.174,-7.8343,0.0],[114.1678,-7.8405,0.0],[114.1672,-7.842,0.0],[114.174,-7.8343,0.0]],[[114.2205,-7.7372,0.0],[114.2206,-7.7365,0.0],[114.2188,-7.738,0.0],[114.2205,-7.7372,0.0]],[[114.2248,-7.73,0.0],[114.226,-7.7129,0.0],[114.224,-7.7325,0.0],[114.2248,-7.73,0.0]],[[114.2316,-7.7706,0.0],[114.2317,-7.7707,0.0],[114.2373,-7.7537,0.0],[114.2316,-7.7706,0.0]],[[114.233,-7.7794,0.0],[114.2332,-7.776,0.0],[114.2318,-7.7713,0.0],[114.233,-7.7794,0.0]],[[114.0124,-7.6876,0.0],[114.0204,-7.6673,0.0],[114.0206,-7.6656,0.0],[114.0124,-7.6876,0.0]],[[114.0287,-7.6537,0.0],[114.0341,-7.6544,0.0],[114.0294,-7.6536,0.0],[114.0287,-7.6537,0.0]],[[114.0376,-7.6756,0.0],[114.0481,-7.676,0.0],[114.0439,-7.6753,0.0],[114.0376,-7.6756,0.0]],[[114.0479,-7.6799,0.0],[114.0479,-7.6797,0.0],[114.0481,-7.676,0.0],[114.0479,-7.6799,0.0]],[[114.0643,-7.7046,0.0],[114.0612,-7.7044,0.0],[114.0643,-7.7048,0.0],[114.0643,-7.7046,0.0]],[[114.043,-7.6938,0.0],[114.043,-7.6939,0.0],[114.0569,-7.6963,0.0],[114.043,-7.6938,0.0]],[[113.9893,-7.6931,0.0],[113.9891,-7.6929,0.0],[113.9888,-7.6928,0.0],[113.9893,-7.6931,0.0]],[[114.0092,-7.6644,0.0],[114.0108,-7.665,0.0],[114.0076,-7.6628,0.0],[114.0092,-7.6644,0.0]]],[[[114.4359,-7.6794,0.0],[114.436,-7.6795,0.0],[114.4356,-7.6796,0.0],[114.4359,-7.6794,0.0]]]]}},{"type":"Feature","properties":{"kab_kota":"Nganjuk","kode":"kab-nganjuk"},"geometry":{"type":"Polygon","coordinates":[[[111.7858,-7.8335,0.0],[111.7767,-7.8202,0.0],[111.7671,-7.8232,0.0],[111.7555,-7.803,0.0],[111.7364,-7.788,0.0],[111.7245,-7.7714,0.0],[111.7329,-7.7263,0.0],[111.7528,-7.7053,0.0],[111.7585,-7.6799,0.0],[111.7698,-7.6804,0.0],[111.7623,-7.6755,0.0],[111.7829,-7.6504,0.0],[111.7843,-7.6269,0.0],[111.79,-7.6142,0.0],[111.7857,-7.603,0.0],[111.7946,-7.5899,0.0],[111.7943,-7.5741,0.0],[111.8042,-7.5549,0.0],[111.8021,-7.5488,0.0],[111.8144,-7.5419,0.0],[111.8176,-7.5484,0.0],[111.8258,-7.5446,0.0],[111.8331,-7.5488,0.0],[111.8388,-7.5404,0.0],[111.8436,-7.5137,0.0],[111.8502,-7.5189,0.0],[111.8441,-7.5136,0.0],[111.8493,-7.5096,0.0],[111.8458,-7.503,0.0],[111.8256,-7.4953,0.0],[111.8186,-7.4831,0.0],[111.8213,-7.4723,0.0],[111.8134,-7.4632,0.0],[111.8006,-7.4607,0.0],[111.8053,-7.4543,0.0],[111.8149,-7.4507,0.0],[111.821,-7.4396,0.0],[111.8616,-7.4359,0.0],[111.8759,-7.4411,0.0],[111.9045,-7.4333,0.0],[111.9397,-7.4403,0.0],[111.9598,-7.4264,0.0],[111.9577,-7.4183,0.0],[111.9424,-7.411,0.0],[111.9437,-7.4061,0.0],[111.958,-7.4133,0.0],[111.9713,-7.405,0.0],[111.984,-7.4074,0.0],[111.9987,-7.4034,0.0],[112.0197,-7.4098,0.0],[112.0242,-7.3956,0.0],[112.0352,-7.4018,0.0],[112.048,-7.3995,0.0],[112.0463,-7.3938,0.0],[112.0723,-7.3996,0.0],[112.0626,-7.4174,0.0],[112.0683,-7.4357,0.0],[112.074,-7.4364,0.0],[112.0809,-7.4522,0.0],[112.0762,-7.4601,0.0],[112.0791,-7.473,0.0],[112.087,-7.4707,0.0],[112.09,-7.4745,0.0],[112.0877,-7.4709,0.0],[112.0981,-7.461,0.0],[112.1124,-7.4652,0.0],[112.1166,-7.4593,0.0],[112.1236,-7.4624,0.0],[112.1252,-7.4521,0.0],[112.1344,-7.4608,0.0],[112.1509,-7.4621,0.0],[112.1522,-7.466,0.0],[112.1549,-7.4633,0.0],[112.1594,-7.4792,0.0],[112.1643,-7.4785,0.0],[112.1643,-7.4898,0.0],[112.1691,-7.4898,0.0],[112.1521,-7.5061,0.0],[112.1508,-7.5292,0.0],[112.1442,-7.5354,0.0],[112.1341,-7.5353,0.0],[112.1119,-7.5654,0.0],[112.1134,-7.5894,0.0],[112.1031,-7.6095,0.0],[112.0984,-7.6441,0.0],[112.0855,-7.6581,0.0],[112.0828,-7.6729,0.0],[112.0759,-7.6788,0.0],[112.0763,-7.7015,0.0],[112.0591,-7.7235,0.0],[112.0272,-7.7257,0.0],[112.0206,-7.7425,0.0],[112.0223,-7.7619,0.0],[112.0097,-7.76,0.0],[112.0022,-7.7523,0.0],[111.9976,-7.7293,0.0],[111.9883,-7.7238,0.0],[111.9822,-7.711,0.0],[111.9854,-7.6871,0.0],[111.954,-7.6797,0.0],[111.9316,-7.7092,0.0],[111.928,-7.7226,0.0],[111.9003,-7.7397,0.0],[111.8816,-7.7636,0.0],[111.8247,-7.8112,0.0],[111.814,-7.813,0.0],[111.8133,-7.8227,0.0],[111.8011,-7.8352,0.0],[111.7858,-7.8335,0.0]],[[111.8638,-7.5652,0.0],[111.8641,-7.5656,0.0],[111.8646,-7.5622,0.0],[111.8638,-7.5652,0.0]],[[111.8653,-7.5673,0.0],[111.8654,-7.566,0.0],[111.8643,-7.5659,0.0],[111.8653,-7.5673,0.0]],[[111.8887,-7.5763,0.0],[111.8889,-7.5763,0.0],[111.8886,-7.5762,0.0],[111.8887,-7.5763,0.0]],[[111.8892,-7.5763,0.0],[111.8903,-7.5707,0.0],[111.8903,-7.5707,0.0],[111.8892,-7.5763,0.0]],[[111.8946,-7.5724,0.0],[111.8949,-7.5725,0.0],[111.8947,-7.5713,0.0],[111.8946,-7.5724,0.0]],[[111.8993,-7.5742,0.0],[111.8993,-7.5739,0.0],[111.8959,-7.5728,0.0],[111.8993,-7.5742,0.0]],[[111.9402,-7.5594,0.0],[111.9387,-7.5659,0.0],[111.9412,-7.5597,0.0],[111.9444,-7.5615,0.0],[111.941,-7.5593,0.0],[111.9299,-7.5572,0.0],[111.9402,-7.5594,0.0]],[[111.9442,-7.5629,0.0],[111.9442,-7.5629,0.0],[111.9444,-7.5615,0.0],[111.9442,-7.5629,0.0]],[[111.9482,-7.5628,0.0],[111.9482,-7.5628,0.0],[111.9445,-7.5629,0.0],[111.9482,-7.5628,0.0]],[[111.95,-7.5667,0.0],[111.9502,-7.5668,0.0],[111.95,-7.5667,0.0],[111.95,-7.5667,0.0]],[[111.9539,-7.5689,0.0],[111.9526,-7.5675,0.0],[111.9527,-7.5683,0.0],[111.9539,-7.5689,0.0]],[[111.951,-7.5778,0.0],[111.9542,-7.5692,0.0],[111.9541,-7.5691,0.0],[111.951,-7.5778,0.0]],[[111.9617,-7.5799,0.0],[111.9617,-7.5799,0.0],[111.9601,-7.58,0.0],[111.9617,-7.5799,0.0]],[[111.9839,-7.5883,0.0],[111.9838,-7.5883,0.0],[111.9835,-7.5901,0.0],[111.9839,-7.5883,0.0]],[[111.9758,-7.6155,0.0],[111.9765,-7.617,0.0],[111.9759,-7.6155,0.0],[111.9758,-7.6155,0.0]],[[111.9557,-7.6291,0.0],[111.9546,-7.629,0.0],[111.9503,-7.6305,0.0],[111.9557,-7.6291,0.0]],[[111.9569,-7.6777,0.0],[111.9572,-7.6772,0.0],[111.9567,-7.6732,0.0],[111.9569,-7.6777,0.0]],[[111.7822,-7.6764,0.0],[111.7816,-7.6766,0.0],[111.785,-7.678,0.0],[111.7822,-7.6764,0.0]],[[111.7871,-7.6775,0.0],[111.7868,-7.6776,0.0],[111.7898,-7.6807,0.0],[111.7871,-7.6775,0.0]],[[111.79,-7.681,0.0],[111.79,-7.681,0.0],[111.7904,-7.6818,0.0],[111.79,-7.681,0.0]],[[111.8012,-7.661,0.0],[111.801,-7.6612,0.0],[111.79,-7.681,0.0],[111.8012,-7.661,0.0]],[[111.8154,-7.6385,0.0],[111.8095,-7.653,0.0],[111.8155,-7.6403,0.0],[111.8154,-7.6385,0.0]],[[111.8727,-7.6131,0.0],[111.8695,-7.6145,0.0],[111.8725,-7.6136,0.0],[111.8727,-7.6131,0.0]],[[111.8733,-7.6112,0.0],[111.8731,-7.6123,0.0],[111.8735,-7.6112,0.0],[111.8733,-7.6112,0.0]],[[111.8773,-7.6121,0.0],[111.8739,-7.6113,0.0],[111.8765,-7.6123,0.0],[111.8773,-7.6121,0.0]],[[111.8901,-7.6239,0.0],[111.89,-7.6239,0.0],[111.8874,-7.6302,0.0],[111.8901,-7.6239,0.0]],[[111.9012,-7.6237,0.0],[111.9021,-7.6176,0.0],[111.9009,-7.6237,0.0],[111.9012,-7.6237,0.0]],[[111.9036,-7.617,0.0],[111.9031,-7.6172,0.0],[111.904,-7.6172,0.0],[111.9036,-7.617,0.0]],[[111.9256,-7.603,0.0],[111.9221,-7.6186,0.0],[111.9225,-7.6172,0.0],[111.9256,-7.603,0.0]],[[111.9331,-7.6254,0.0],[111.9277,-7.62,0.0],[111.9269,-7.6183,0.0],[111.9282,-7.6215,0.0],[111.9331,-7.6254,0.0]],[[111.9432,-7.6259,0.0],[111.9456,-7.6262,0.0],[111.9414,-7.6284,0.0],[111.9432,-7.6259,0.0]],[[111.7949,-7.6902,0.0],[111.7952,-7.6906,0.0],[111.7974,-7.692,0.0],[111.7949,-7.6902,0.0]],[[111.8134,-7.6829,0.0],[111.8072,-7.6838,0.0],[111.8166,-7.6838,0.0],[111.8134,-7.6829,0.0]],[[111.8255,-7.6816,0.0],[111.8261,-7.6824,0.0],[111.8262,-7.6823,0.0],[111.8255,-7.6816,0.0]],[[111.862,-7.6672,0.0],[111.8546,-7.6704,0.0],[111.8643,-7.6671,0.0],[111.862,-7.6672,0.0]],[[111.8652,-7.667,0.0],[111.867,-7.6691,0.0],[111.8659,-7.667,0.0],[111.8652,-7.667,0.0]],[[111.8639,-7.6775,0.0],[111.8639,-7.6775,0.0],[111.867,-7.6691,0.0],[111.8639,-7.6775,0.0]],[[111.8638,-7.6828,0.0],[111.8626,-7.6848,0.0],[111.8638,-7.6842,0.0],[111.8638,-7.6828,0.0]],[[111.8626,-7.6848,0.0],[111.8626,-7.6848,0.0],[111.8627,-7.685,0.0],[111.8626,-7.6848,0.0]],[[111.8629,-7.6866,0.0],[111.8629,-7.6864,0.0],[111.8611,-7.6872,0.0],[111.8629,-7.6866,0.0]],[[111.8612,-7.6899,0.0],[111.8587,-7.6912,0.0],[111.8587,-7.6913,0.0],[111.8612,-7.6899,0.0]],[[111.8587,-7.6915,0.0],[111.8597,-7.6952,0.0],[111.8607,-7.6962,0.0],[111.8587,-7.6915,0.0]],[[111.8609,-7.6964,0.0],[111.861,-7.6965,0.0],[111.8668,-7.6964,0.0],[111.8609,-7.6964,0.0]],[[111.8761,-7.6932,0.0],[111.8719,-7.6913,0.0],[111.8674,-7.6931,0.0],[111.8761,-7.6932,0.0]],[[111.872,-7.7046,0.0],[111.8689,-7.7064,0.0],[111.8682,-7.7076,0.0],[111.872,-7.7046,0.0]],[[111.8664,-7.7106,0.0],[111.8662,-7.7109,0.0],[111.8663,-7.7109,0.0],[111.8664,-7.7106,0.0]],[[111.8603,-7.7228,0.0],[111.8588,-7.7231,0.0],[111.8588,-7.7232,0.0],[111.8603,-7.7228,0.0]],[[111.858,-7.7298,0.0],[111.8582,-7.7284,0.0],[111.8552,-7.7353,0.0],[111.858,-7.7298,0.0]],[[111.8491,-7.7504,0.0],[111.8488,-7.7505,0.0],[111.8484,-7.7514,0.0],[111.8491,-7.7504,0.0]],[[111.79,-7.8014,0.0],[111.7901,-7.8013,0.0],[111.7901,-7.8011,0.0],[111.79,-7.8014,0.0]],[[111.7905,-7.8144,0.0],[111.7907,-7.8145,0.0],[111.7889,-7.8108,0.0],[111.7905,-7.8144,0.0]],[[111.7948,-7.8179,0.0],[111.7942,-7.8164,0.0],[111.7926,-7.8161,0.0],[111.7948,-7.8179,0.0]],[[111.7986,-7.8209,0.0],[111.7985,-7.8208,0.0],[111.7983,-7.8207,0.0],[111.7986,-7.8209,0.0]],[[111.8154,-7.6878,0.0],[111.8151,-7.6863,0.0],[111.8138,-7.6857,0.0],[111.8154,-7.6878,0.0]],[[111.8173,-7.6902,0.0],[111.8184,-7.6902,0.0],[111.8166,-7.6894,0.0],[111.8173,-7.6902,0.0]],[[111.8258,-7.6937,0.0],[111.8189,-7.691,0.0],[111.8263,-7.6945,0.0],[111.8258,-7.6937,0.0]],[[111.8273,-7.6981,0.0],[111.8277,-7.6966,0.0],[111.8275,-7.6963,0.0],[111.8273,-7.6981,0.0]],[[111.8177,-7.7208,0.0],[111.8241,-7.7093,0.0],[111.8249,-7.7064,0.0],[111.8177,-7.7208,0.0]],[[111.8028,-7.7521,0.0],[111.8029,-7.7519,0.0],[111.8001,-7.7448,0.0],[111.8028,-7.7521,0.0]],[[111.8755,-7.6799,0.0],[111.872,-7.6882,0.0],[111.8719,-7.6906,0.0],[111.8755,-7.6799,0.0]],[[111.8824,-7.6616,0.0],[111.8774,-7.6681,0.0],[111.8773,-7.6688,0.0],[111.8824,-7.6616,0.0]],[[111.846,-7.5246,0.0],[111.847,-7.5324,0.0],[111.8467,-7.5248,0.0],[111.846,-7.5246,0.0]],[[111.8242,-7.5821,0.0],[111.8236,-7.5833,0.0],[111.8241,-7.5824,0.0],[111.8242,-7.5821,0.0]],[[111.8136,-7.5996,0.0],[111.8015,-7.6182,0.0],[111.8014,-7.6196,0.0],[111.8136,-7.5996,0.0]],[[111.8014,-7.6201,0.0],[111.8014,-7.6209,0.0],[111.803,-7.6204,0.0],[111.8014,-7.6201,0.0]],[[111.9169,-7.5713,0.0],[111.9175,-7.5698,0.0],[111.9174,-7.5697,0.0],[111.9169,-7.5713,0.0]],[[111.8885,-7.5933,0.0],[111.8901,-7.5837,0.0],[111.8884,-7.5934,0.0],[111.8885,-7.5933,0.0]],[[111.8999,-7.5762,0.0],[111.8995,-7.5749,0.0],[111.8991,-7.5764,0.0],[111.8999,-7.5762,0.0]],[[111.9472,-7.4685,0.0],[111.9463,-7.4682,0.0],[111.9473,-7.4691,0.0],[111.9472,-7.4685,0.0]],[[111.9469,-7.512,0.0],[111.9495,-7.507,0.0],[111.9475,-7.5097,0.0],[111.9469,-7.512,0.0]],[[111.9432,-7.528,0.0],[111.9456,-7.5173,0.0],[111.943,-7.5274,0.0],[111.9432,-7.528,0.0]],[[111.948,-7.533,0.0],[111.9439,-7.5297,0.0],[111.9442,-7.5306,0.0],[111.948,-7.533,0.0]],[[111.9486,-7.5482,0.0],[111.949,-7.5421,0.0],[111.9486,-7.5482,0.0],[111.9486,-7.5482,0.0]],[[111.9885,-7.5829,0.0],[111.9885,-7.5829,0.0],[111.9889,-7.582,0.0],[111.9885,-7.5829,0.0]],[[111.9947,-7.5708,0.0],[111.9946,-7.5711,0.0],[111.9991,-7.5695,0.0],[111.9947,-7.5708,0.0]],[[112.0035,-7.5749,0.0],[112.0036,-7.575,0.0],[111.9991,-7.5695,0.0],[112.0035,-7.5749,0.0]],[[112.0063,-7.5752,0.0],[112.0044,-7.5752,0.0],[112.0058,-7.5756,0.0],[112.0063,-7.5752,0.0]],[[112.0156,-7.5706,0.0],[112.0178,-7.565,0.0],[112.0163,-7.5674,0.0],[112.0156,-7.5706,0.0]],[[112.0143,-7.5958,0.0],[112.0143,-7.5956,0.0],[112.0142,-7.5958,0.0],[112.0143,-7.5958,0.0]],[[112.0636,-7.6322,0.0],[112.0646,-7.6314,0.0],[112.0591,-7.6304,0.0],[112.0636,-7.6322,0.0]],[[112.0716,-7.6119,0.0],[112.0723,-7.6122,0.0],[112.072,-7.6082,0.0],[112.0716,-7.6119,0.0]],[[112.072,-7.6077,0.0],[112.072,-7.6079,0.0],[112.0746,-7.6062,0.0],[112.072,-7.6077,0.0]],[[112.0774,-7.5931,0.0],[112.0772,-7.5984,0.0],[112.0775,-7.593,0.0],[112.0774,-7.5931,0.0]],[[112.0895,-7.587,0.0],[112.0837,-7.5913,0.0],[112.0895,-7.587,0.0],[112.0895,-7.587,0.0]],[[112.078,-7.5655,0.0],[112.0834,-7.5668,0.0],[112.088,-7.5676,0.0],[112.078,-7.5655,0.0]],[[112.1014,-7.5745,0.0],[112.1007,-7.5753,0.0],[112.1034,-7.5751,0.0],[112.1014,-7.5745,0.0]],[[112.1022,-7.58,0.0],[112.103,-7.5802,0.0],[112.1034,-7.5751,0.0],[112.1022,-7.58,0.0]],[[111.9784,-7.68,0.0],[111.9793,-7.6756,0.0],[111.9789,-7.6761,0.0],[111.9784,-7.68,0.0]],[[111.9802,-7.6742,0.0],[111.9953,-7.6746,0.0],[111.9803,-7.6741,0.0],[111.9802,-7.6742,0.0]],[[112.0359,-7.6588,0.0],[112.0368,-7.6592,0.0],[112.0368,-7.659,0.0],[112.0359,-7.6588,0.0]],[[112.0383,-7.6616,0.0],[112.0377,-7.6624,0.0],[112.0384,-7.6618,0.0],[112.0383,-7.6616,0.0]],[[112.033,-7.6665,0.0],[112.0316,-7.6671,0.0],[112.0305,-7.6686,0.0],[112.033,-7.6665,0.0]],[[112.0303,-7.6689,0.0],[112.03,-7.6694,0.0],[112.0285,-7.6751,0.0],[112.0303,-7.6689,0.0]],[[112.0271,-7.6798,0.0],[112.0267,-7.6806,0.0],[112.0269,-7.6806,0.0],[112.0271,-7.6798,0.0]],[[112.0469,-7.6205,0.0],[112.0468,-7.6194,0.0],[112.0464,-7.6219,0.0],[112.0469,-7.6205,0.0]],[[112.0753,-7.6423,0.0],[112.0754,-7.6423,0.0],[112.07,-7.6394,0.0],[112.0753,-7.6423,0.0]],[[111.9581,-7.4891,0.0],[111.9582,-7.4892,0.0],[111.9589,-7.4895,0.0],[111.9581,-7.4891,0.0]],[[111.9644,-7.492,0.0],[111.965,-7.4922,0.0],[111.9662,-7.4907,0.0],[111.9644,-7.492,0.0]],[[112.0259,-7.4686,0.0],[112.026,-7.4673,0.0],[112.0259,-7.4673,0.0],[112.0259,-7.4686,0.0]],[[112.0278,-7.4676,0.0],[112.0281,-7.4692,0.0],[112.0279,-7.4676,0.0],[112.0278,-7.4676,0.0]],[[112.0283,-7.4705,0.0],[112.0283,-7.4705,0.0],[112.0299,-7.4721,0.0],[112.0283,-7.4705,0.0]],[[112.0312,-7.4735,0.0],[112.0312,-7.4735,0.0],[112.0326,-7.4722,0.0],[112.0312,-7.4735,0.0]],[[112.0327,-7.4742,0.0],[112.0337,-7.475,0.0],[112.0326,-7.4722,0.0],[112.0327,-7.4742,0.0]],[[112.0359,-7.476,0.0],[112.0351,-7.4759,0.0],[112.0354,-7.4762,0.0],[112.0359,-7.476,0.0]],[[112.0338,-7.4839,0.0],[112.0338,-7.4839,0.0],[112.035,-7.4842,0.0],[112.0338,-7.4839,0.0]],[[112.0422,-7.496,0.0],[112.0285,-7.5021,0.0],[112.0423,-7.4961,0.0],[112.0422,-7.496,0.0]],[[112.0471,-7.5368,0.0],[112.047,-7.5361,0.0],[112.0442,-7.545,0.0],[112.0471,-7.5368,0.0]],[[112.0447,-7.5457,0.0],[112.043,-7.5453,0.0],[112.0456,-7.5466,0.0],[112.0447,-7.5457,0.0]],[[112.0486,-7.5482,0.0],[112.0487,-7.5483,0.0],[112.0488,-7.5482,0.0],[112.0486,-7.5482,0.0]],[[112.0529,-7.5459,0.0],[112.0529,-7.5443,0.0],[112.0519,-7.5569,0.0],[112.0529,-7.5459,0.0]],[[112.0574,-7.5451,0.0],[112.0564,-7.5428,0.0],[112.0563,-7.5429,0.0],[112.0574,-7.5451,0.0]],[[112.0571,-7.5421,0.0],[112.0576,-7.5418,0.0],[112.0575,-7.5418,0.0],[112.0571,-7.5421,0.0]],[[112.065,-7.5387,0.0],[112.0651,-7.5383,0.0],[112.065,-7.5383,0.0],[112.065,-7.5387,0.0]],[[112.0833,-7.5367,0.0],[112.0869,-7.5331,0.0],[112.0866,-7.5331,0.0],[112.0833,-7.5367,0.0]],[[112.0876,-7.5331,0.0],[112.0886,-7.5334,0.0],[112.0884,-7.5331,0.0],[112.0876,-7.5331,0.0]],[[112.0895,-7.5349,0.0],[112.0901,-7.5365,0.0],[112.0903,-7.536,0.0],[112.0895,-7.5349,0.0]],[[112.0906,-7.5378,0.0],[112.0907,-7.5382,0.0],[112.0915,-7.5383,0.0],[112.0906,-7.5378,0.0]],[[112.0919,-7.5383,0.0],[112.0922,-7.5384,0.0],[112.0943,-7.5358,0.0],[112.0919,-7.5383,0.0]],[[112.0997,-7.527,0.0],[112.1001,-7.5267,0.0],[112.0997,-7.5266,0.0],[112.0997,-7.527,0.0]],[[112.1058,-7.528,0.0],[112.1126,-7.523,0.0],[112.1126,-7.523,0.0],[112.1058,-7.528,0.0]],[[112.1155,-7.5247,0.0],[112.1164,-7.5233,0.0],[112.1164,-7.5232,0.0],[112.1155,-7.5247,0.0]],[[112.1207,-7.5227,0.0],[112.1212,-7.523,0.0],[112.1208,-7.5225,0.0],[112.1207,-7.5227,0.0]],[[112.1442,-7.5158,0.0],[112.149,-7.5176,0.0],[112.1443,-7.5157,0.0],[112.1442,-7.5158,0.0]],[[112.1496,-7.5179,0.0],[112.1482,-7.5198,0.0],[112.1497,-7.518,0.0],[112.1496,-7.5179,0.0]],[[112.0272,-7.5583,0.0],[112.0193,-7.5616,0.0],[112.0192,-7.5618,0.0],[112.0272,-7.5583,0.0]],[[112.0363,-7.5488,0.0],[112.0363,-7.5488,0.0],[112.0346,-7.5534,0.0],[112.0363,-7.5488,0.0]],[[112.0996,-7.5098,0.0],[112.0994,-7.5103,0.0],[112.1007,-7.5175,0.0],[112.0996,-7.5098,0.0]],[[112.1069,-7.5029,0.0],[112.1025,-7.5028,0.0],[112.1023,-7.5031,0.0],[112.1069,-7.5029,0.0]],[[112.1021,-7.4782,0.0],[112.1023,-7.4776,0.0],[112.0999,-7.4777,0.0],[112.1021,-7.4782,0.0]],[[112.1044,-7.4723,0.0],[112.104,-7.4723,0.0],[112.1042,-7.4729,0.0],[112.1044,-7.4723,0.0]],[[112.0522,-7.4333,0.0],[112.0511,-7.4343,0.0],[112.052,-7.434,0.0],[112.0522,-7.4333,0.0]],[[112.0528,-7.4305,0.0],[112.0524,-7.4324,0.0],[112.0528,-7.4305,0.0],[112.0528,-7.4305,0.0]],[[112.0511,-7.4305,0.0],[112.0525,-7.4304,0.0],[112.0494,-7.4288,0.0],[112.0511,-7.4305,0.0]]]}}]}