{"type":"FeatureCollection","features":[{"type":"Feature","properties":{"kecamatan":"Jabung","kab_kota":"Malang"},"geometry":{"type":"Polygon","coordinates":[[[112.7602,-7.97716,0.0],[112.75217,-7.97562,0.0],[112.74937,-7.97911,0.0],[112.74613,-7.97671,0.0],[112.74679,-7.97598,0.0],[112.74565,-7.97469,0.0],[112.74309,-7.97375,0.0],[112.74335,-7.97066,0.0],[112.75013,-7.97095,0.0],[112.75111,-7.9695,0.0],[112.74747,-7.96721,0.0],[112.74489,-7.96034,0.0],[112.74389,-7.96068,0.0],[112.7423,-7.95875,0.0],[112.74187,-7.96063,0.0],[112.73984,-7.95977,0.0],[112.73955,-7.96113,0.0],[112.73657,-7.95963,0.0],[112.73617,-7.95728,0.0],[112.7373,-7.95735,0.0],[112.73855,-7.95457,0.0],[112.73319,-7.95279,0.0],[112.73311,-7.94917,0.0],[112.73017,-7.95066,0.0],[112.73217,-7.94749,0.0],[112.72698,-7.94485,0.0],[112.72894,-7.94015,0.0],[112.72497,-7.93641,0.0],[112.72892,-7.93164,0.0],[112.72748,-7.93174,0.0],[112.73165,-7.92284,0.0],[112.73316,-7.92331,0.0],[112.73373,-7.92204,0.0],[112.73278,-7.9215,0.0],[112.73343,-7.92043,0.0],[112.73091,-7.91974,0.0],[112.73249,-7.91596,0.0],[112.73086,-7.91551,0.0],[112.73023,-7.91695,0.0],[112.72789,-7.91514,0.0],[112.72654,-7.91749,0.0],[112.72374,-7.91873,0.0],[112.72316,-7.9194,0.0],[112.72726,-7.92123,0.0],[112.72475,-7.92539,0.0],[112.7232,-7.92463,0.0],[112.72196,-7.92591,0.0],[112.72268,-7.9275,0.0],[112.72151,-7.92855,0.0],[112.72099,-7.92705,0.0],[112.71903,-7.9282,0.0],[112.71634,-7.92266,0.0],[112.71825,-7.92017,0.0],[112.71697,-7.91725,0.0],[112.71789,-7.91326,0.0],[112.72362,-7.906,0.0],[112.73758,-7.90961,0.0],[112.73786,-7.90878,0.0],[112.7403,-7.90951,0.0],[112.74216,-7.9076,0.0],[112.75191,-7.90714,0.0],[112.75624,-7.90172,0.0],[112.7552,-7.89921,0.0],[112.75779,-7.89875,0.0],[112.75611,-7.89649,0.0],[112.75698,-7.89636,0.0],[112.75697,-7.89241,0.0],[112.75841,-7.88731,0.0],[112.76104,-7.88615,0.0],[112.75778,-7.88218,0.0],[112.7618,-7.87834,0.0],[112.76107,-7.87591,0.0],[112.76194,-7.87459,0.0],[112.76207,-7.87617,0.0],[112.76571,-7.87558,0.0],[112.76814,-7.87319,0.0],[112.76998,-7.87326,0.0],[112.77488,-7.8702,0.0],[112.77734,-7.87051,0.0],[112.78073,-7.87404,0.0],[112.77724,-7.87925,0.0],[112.78005,-7.89155,0.0],[112.78498,-7.89736,0.0],[112.78367,-7.90027,0.0],[112.78816,-7.90422,0.0],[112.7881,-7.90719,0.0],[112.79,-7.91029,0.0],[112.79381,-7.91305,0.0],[112.79678,-7.91762,0.0],[112.8018,-7.91971,0.0],[112.80551,-7.92549,0.0],[112.8147,-7.92834,0.0],[112.81717,-7.92741,0.0],[112.8216,-7.92809,0.0],[112.82336,-7.92998,0.0],[112.82327,-7.93272,0.0],[112.82804,-7.93575,0.0],[112.83478,-7.93645,0.0],[112.84053,-7.93868,0.0],[112.84691,-7.93639,0.0],[112.84965,-7.93408,0.0],[112.85319,-7.93375,0.0],[112.8552,-7.93521,0.0],[112.85655,-7.93974,0.0],[112.86719,-7.94451,0.0],[112.86957,-7.9468,0.0],[112.87414,-7.94554,0.0],[112.87188,-7.94825,0.0],[112.86582,-7.96262,0.0],[112.86121,-7.96734,0.0],[112.85986,-7.97277,0.0],[112.85806,-7.97268,0.0],[112.85526,-7.9789,0.0],[112.85225,-7.97927,0.0],[112.84936,-7.9834,0.0],[112.84817,-7.98285,0.0],[112.8462,-7.98592,0.0],[112.84243,-7.98815,0.0],[112.83926,-7.98942,0.0],[112.8342,-7.98829,0.0],[112.82937,-7.9894,0.0],[112.82666,-7.99106,0.0],[112.82674,-7.99307,0.0],[112.82372,-7.9957,0.0],[112.81917,-7.99646,0.0],[112.81887,-7.99775,0.0],[112.81572,-7.9991,0.0],[112.80508,-7.99979,0.0],[112.79996,-7.99716,0.0],[112.7988,-7.99797,0.0],[112.79096,-7.99648,0.0],[112.7903,-7.99385,0.0],[112.78843,-7.99488,0.0],[112.78562,-7.99287,0.0],[112.78126,-7.9929,0.0],[112.7786,-7.99044,0.0],[112.77469,-7.99044,0.0],[112.76872,-7.98812,0.0],[112.76633,-7.98976,0.0],[112.76535,-7.98822,0.0],[112.76095,-7.98776,0.0],[112.75832,-7.9817,0.0],[112.7602,-7.97716,0.0]]]}},{"type":"Feature","properties":{"kecamatan":"Pakis","kab_kota":"Malang"},"geometry":{"type":"Polygon","coordinates":[[[112.70719,-8.00745,0.0],[112.70046,-8.0053,0.0],[112.69869,-8.00811,0.0],[112.69325,-8.00691,0.0],[112.68988,-8.00752,0.0],[112.68315,-8.00546,0.0],[112.69346,-7.98569,0.0],[112.69377,-7.9817,0.0],[112.69037,-7.98019,0.0],[112.69022,-7.97567,0.0],[112.68581,-7.97581,0.0],[112.6845,-7.97468,0.0],[112.67877,-7.97659,0.0],[112.67559,-7.97458,0.0],[112.67648,-7.97225,0.0],[112.6702,-7.97119,0.0],[112.67026,-7.9701,0.0],[112.66803,-7.96899,0.0],[112.66674,-7.97069,0.0],[112.66319,-7.97101,0.0],[112.66369,-7.96819,0.0],[112.65741,-7.96517,0.0],[112.66202,-7.9587,0.0],[112.66362,-7.95883,0.0],[112.66327,-7.95432,0.0],[112.66467,-7.95026,0.0],[112.66392,-7.94816,0.0],[112.66605,-7.94607,0.0],[112.66714,-7.94895,0.0],[112.66709,-7.94752,0.0],[112.66889,-7.94624,0.0],[112.66552,-7.94309,0.0],[112.66472,-7.94038,0.0],[112.66584,-7.93938,0.0],[112.66255,-7.93242,0.0],[112.66273,-7.93017,0.0],[112.6679,-7.93002,0.0],[112.66966,-7.92691,0.0],[112.67023,-7.92756,0.0],[112.67336,-7.92502,0.0],[112.67607,-7.92609,0.0],[112.67868,-7.91889,0.0],[112.6817,-7.92013,0.0],[112.68098,-7.92125,0.0],[112.68246,-7.92192,0.0],[112.68458,-7.91994,0.0],[112.68991,-7.92209,0.0],[112.69341,-7.92162,0.0],[112.70504,-7.92643,0.0],[112.71121,-7.91676,0.0],[112.71697,-7.91725,0.0],[112.71825,-7.92017,0.0],[112.71634,-7.92266,0.0],[112.71903,-7.9282,0.0],[112.72099,-7.92705,0.0],[112.72151,-7.92855,0.0],[112.72268,-7.9275,0.0],[112.72196,-7.92591,0.0],[112.7232,-7.92463,0.0],[112.72475,-7.92539,0.0],[112.72726,-7.92123,0.0],[112.72316,-7.9194,0.0],[112.72654,-7.91749,0.0],[112.72789,-7.91514,0.0],[112.73023,-7.91695,0.0],[112.73086,-7.91551,0.0],[112.73219,-7.91584,0.0],[112.73091,-7.91974,0.0],[112.73343,-7.92043,0.0],[112.73278,-7.9215,0.0],[112.73373,-7.92204,0.0],[112.73316,-7.92331,0.0],[112.73165,-7.92284,0.0],[112.72748,-7.93174,0.0],[112.72892,-7.93164,0.0],[112.72497,-7.93641,0.0],[112.72894,-7.94015,0.0],[112.72698,-7.94485,0.0],[112.73217,-7.94749,0.0],[112.73017,-7.95066,0.0],[112.73311,-7.94917,0.0],[112.73319,-7.95279,0.0],[112.73855,-7.95457,0.0],[112.7373,-7.95735,0.0],[112.73617,-7.95728,0.0],[112.73657,-7.95963,0.0],[112.73955,-7.96113,0.0],[112.73984,-7.95977,0.0],[112.74187,-7.96063,0.0],[112.7423,-7.95875,0.0],[112.74389,-7.96068,0.0],[112.74489,-7.96034,0.0],[112.74747,-7.96721,0.0],[112.75111,-7.9695,0.0],[112.75013,-7.97095,0.0],[112.74335,-7.97066,0.0],[112.74302,-7.97368,0.0],[112.74565,-7.97469,0.0],[112.74679,-7.97598,0.0],[112.74613,-7.97671,0.0],[112.74937,-7.97911,0.0],[112.75217,-7.97562,0.0],[112.7596,-7.97654,0.0],[112.75866,-7.98351,0.0],[112.75688,-7.98504,0.0],[112.75198,-7.98429,0.0],[112.7486,-7.98931,0.0],[112.74425,-7.98855,0.0],[112.74357,-7.99017,0.0],[112.73808,-7.98907,0.0],[112.73788,-7.99073,0.0],[112.73492,-7.98849,0.0],[112.73102,-7.98858,0.0],[112.7275,-7.99116,0.0],[112.72225,-7.98766,0.0],[112.71246,-7.98564,0.0],[112.71355,-7.9878,0.0],[112.72038,-7.98836,0.0],[112.7227,-7.98942,0.0],[112.72344,-7.9912,0.0],[112.72538,-7.99075,0.0],[112.72679,-7.99205,0.0],[112.72552,-7.99434,0.0],[112.72372,-7.99341,0.0],[112.72526,-7.99474,0.0],[112.72404,-7.99476,0.0],[112.72241,-8.00167,0.0],[112.72144,-8.00134,0.0],[112.72106,-8.00334,0.0],[112.7177,-8.00122,0.0],[112.71601,-8.0048,0.0],[112.71236,-8.00239,0.0],[112.71095,-8.00512,0.0],[112.70998,-8.00477,0.0],[112.70719,-8.00745,0.0]]]}},{"type":"Feature","properties":{"kecamatan":"Tajinan","kab_kota":"Malang"},"geometry":{"type":"Polygon","coordinates":[[[112.67448,-8.07671,0.0],[112.67144,-8.0834,0.0],[112.66352,-8.08092,0.0],[112.66117,-8.08227,0.0],[112.6538,-8.08252,0.0],[112.65425,-8.07801,0.0],[112.65083,-8.07712,0.0],[112.65118,-8.07582,0.0],[112.64868,-8.07489,0.0],[112.65019,-8.07126,0.0],[112.64824,-8.0703,0.0],[112.65021,-8.0656,0.0],[112.65232,-8.0657,0.0],[112.65262,-8.06456,0.0],[112.64633,-8.06372,0.0],[112.64283,-8.06195,0.0],[112.64297,-8.05438,0.0],[112.6406,-8.05501,0.0],[112.63803,-8.06054,0.0],[112.6359,-8.06075,0.0],[112.63389,-8.06598,0.0],[112.62942,-8.06813,0.0],[112.63164,-8.06229,0.0],[112.62835,-8.05336,0.0],[112.63169,-8.04599,0.0],[112.64227,-8.0498,0.0],[112.64545,-8.04815,0.0],[112.64584,-8.05157,0.0],[112.64766,-8.04842,0.0],[112.65173,-8.05013,0.0],[112.65244,-8.04777,0.0],[112.65468,-8.04909,0.0],[112.65615,-8.04465,0.0],[112.65749,-8.04541,0.0],[112.65793,-8.04372,0.0],[112.66006,-8.04414,0.0],[112.66181,-8.03962,0.0],[112.66522,-8.04075,0.0],[112.66634,-8.03798,0.0],[112.66747,-8.03823,0.0],[112.66977,-8.03216,0.0],[112.67153,-8.03056,0.0],[112.67315,-8.03137,0.0],[112.67713,-8.02509,0.0],[112.69168,-8.03263,0.0],[112.69748,-8.03419,0.0],[112.69774,-8.03578,0.0],[112.72232,-8.05347,0.0],[112.7223,-8.06078,0.0],[112.71288,-8.06416,0.0],[112.71304,-8.06577,0.0],[112.71039,-8.06723,0.0],[112.70874,-8.07001,0.0],[112.71343,-8.06992,0.0],[112.71748,-8.07336,0.0],[112.72372,-8.0749,0.0],[112.72523,-8.07623,0.0],[112.72287,-8.08218,0.0],[112.71996,-8.08174,0.0],[112.7194,-8.08399,0.0],[112.70569,-8.08037,0.0],[112.70327,-8.0828,0.0],[112.69865,-8.08239,0.0],[112.69589,-8.08696,0.0],[112.69707,-8.0893,0.0],[112.69556,-8.09364,0.0],[112.68737,-8.0927,0.0],[112.68784,-8.09109,0.0],[112.68517,-8.08894,0.0],[112.68719,-8.08734,0.0],[112.68694,-8.08458,0.0],[112.688,-8.08351,0.0],[112.68076,-8.08406,0.0],[112.68231,-8.07718,0.0],[112.67838,-8.07651,0.0],[112.67819,-8.0755,0.0],[112.67726,-8.07734,0.0],[112.67448,-8.07671,0.0]]]}},{"type":"Feature","properties":{"kecamatan":"Tumpang","kab_kota":"Malang"},"geometry":{"type":"Polygon","coordinates":[[[112.72468,-8.02589,0.0],[112.72062,-8.02674,0.0],[112.72185,-8.0312,0.0],[112.70948,-8.03095,0.0],[112.7021,-8.03834,0.0],[112.69774,-8.03578,0.0],[112.69691,-8.03386,0.0],[112.69294,-8.03319,0.0],[112.67244,-8.02322,0.0],[112.67338,-8.01737,0.0],[112.67208,-8.009,0.0],[112.67879,-8.01038,0.0],[112.67914,-8.00576,0.0],[112.68079,-8.00621,0.0],[112.6812,-8.00502,0.0],[112.68988,-8.00752,0.0],[112.69325,-8.00691,0.0],[112.69869,-8.00811,0.0],[112.70046,-8.0053,0.0],[112.70719,-8.00745,0.0],[112.70998,-8.00477,0.0],[112.71095,-8.00512,0.0],[112.71236,-8.00239,0.0],[112.71601,-8.0048,0.0],[112.7177,-8.00122,0.0],[112.72106,-8.00334,0.0],[112.72404,-7.99476,0.0],[112.72522,-7.99495,0.0],[112.72372,-7.99341,0.0],[112.72552,-7.99434,0.0],[112.72696,-7.99233,0.0],[112.72538,-7.99075,0.0],[112.72344,-7.9912,0.0],[112.7227,-7.98942,0.0],[112.72038,-7.98836,0.0],[112.71355,-7.9878,0.0],[112.71246,-7.98564,0.0],[112.72225,-7.98766,0.0],[112.72786,-7.99116,0.0],[112.73102,-7.98858,0.0],[112.73492,-7.98849,0.0],[112.73788,-7.99073,0.0],[112.73808,-7.98907,0.0],[112.74357,-7.99017,0.0],[112.74425,-7.98855,0.0],[112.7486,-7.98931,0.0],[112.75198,-7.98429,0.0],[112.75509,-7.98517,0.0],[112.75848,-7.98393,0.0],[112.76112,-7.98674,0.0],[112.76067,-7.98761,0.0],[112.76535,-7.98822,0.0],[112.76561,-7.98958,0.0],[112.76872,-7.98812,0.0],[112.77469,-7.99044,0.0],[112.7786,-7.99044,0.0],[112.78126,-7.9929,0.0],[112.78562,-7.99287,0.0],[112.78843,-7.99488,0.0],[112.7903,-7.99385,0.0],[112.79096,-7.99648,0.0],[112.7988,-7.99797,0.0],[112.79996,-7.99716,0.0],[112.80005,-7.99806,0.0],[112.80356,-7.99826,0.0],[112.80508,-7.99979,0.0],[112.8066,-7.99916,0.0],[112.80723,-8.00022,0.0],[112.81572,-7.9991,0.0],[112.81887,-7.99775,0.0],[112.81917,-7.99646,0.0],[112.82221,-7.99651,0.0],[112.82654,-7.99336,0.0],[112.82666,-7.99106,0.0],[112.82969,-7.98925,0.0],[112.8342,-7.98829,0.0],[112.83926,-7.98942,0.0],[112.84537,-7.98597,0.0],[112.83929,-7.9992,0.0],[112.8381,-8.00061,0.0],[112.83595,-8.0004,0.0],[112.83531,-8.00185,0.0],[112.83681,-8.00167,0.0],[112.83784,-8.00537,0.0],[112.83956,-8.00531,0.0],[112.84082,-8.00692,0.0],[112.84027,-8.01241,0.0],[112.84188,-8.01559,0.0],[112.83324,-8.01891,0.0],[112.83268,-8.02095,0.0],[112.82887,-8.02324,0.0],[112.82309,-8.0244,0.0],[112.8217,-8.02576,0.0],[112.80752,-8.02601,0.0],[112.80145,-8.02793,0.0],[112.79784,-8.02607,0.0],[112.79656,-8.02771,0.0],[112.79086,-8.02943,0.0],[112.78907,-8.02761,0.0],[112.78525,-8.03071,0.0],[112.78536,-8.02926,0.0],[112.77971,-8.02822,0.0],[112.7795,-8.02643,0.0],[112.77808,-8.02588,0.0],[112.77436,-8.02539,0.0],[112.77504,-8.02675,0.0],[112.77378,-8.02734,0.0],[112.76764,-8.02392,0.0],[112.76535,-8.02544,0.0],[112.75893,-8.02316,0.0],[112.75696,-8.02037,0.0],[112.75244,-8.02718,0.0],[112.75637,-8.02845,0.0],[112.75556,-8.03158,0.0],[112.75445,-8.0314,0.0],[112.75495,-8.0342,0.0],[112.75342,-8.03302,0.0],[112.75008,-8.03338,0.0],[112.74898,-8.03119,0.0],[112.74427,-8.0279,0.0],[112.74156,-8.02728,0.0],[112.73919,-8.02953,0.0],[112.73528,-8.02618,0.0],[112.73199,-8.02565,0.0],[112.72691,-8.0224,0.0],[112.72468,-8.02589,0.0]]]}},{"type":"Feature","properties":{"kecamatan":"Pakisaji","kab_kota":"Malang"},"geometry":{"type":"Polygon","coordinates":[[[112.60212,-8.08141,0.0],[112.60247,-8.08738,0.0],[112.60516,-8.09037,0.0],[112.60181,-8.0927,0.0],[112.59929,-8.09745,0.0],[112.59164,-8.09384,0.0],[112.59038,-8.09618,0.0],[112.58892,-8.09563,0.0],[112.59306,-8.08751,0.0],[112.59065,-8.08555,0.0],[112.58858,-8.08843,0.0],[112.58751,-8.08771,0.0],[112.58891,-8.08516,0.0],[112.58347,-8.08287,0.0],[112.58422,-8.0819,0.0],[112.57636,-8.08011,0.0],[112.57562,-8.07797,0.0],[112.57764,-8.07681,0.0],[112.5771,-8.07464,0.0],[112.57853,-8.07381,0.0],[112.57869,-8.07054,0.0],[112.57638,-8.06226,0.0],[112.57233,-8.06062,0.0],[112.56684,-8.06177,0.0],[112.56671,-8.06035,0.0],[112.56361,-8.06015,0.0],[112.55782,-8.05388,0.0],[112.55672,-8.04892,0.0],[112.55463,-8.04959,0.0],[112.55057,-8.0471,0.0],[112.55145,-8.04559,0.0],[112.54991,-8.0431,0.0],[112.55207,-8.03928,0.0],[112.55397,-8.04071,0.0],[112.55681,-8.03839,0.0],[112.55987,-8.04236,0.0],[112.5613,-8.04222,0.0],[112.5595,-8.0347,0.0],[112.5575,-8.03256,0.0],[112.56289,-8.02876,0.0],[112.56532,-8.02306,0.0],[112.57234,-8.02586,0.0],[112.57792,-8.02975,0.0],[112.58099,-8.03013,0.0],[112.5876,-8.0347,0.0],[112.5936,-8.03587,0.0],[112.59451,-8.03944,0.0],[112.6,-8.0443,0.0],[112.59867,-8.04712,0.0],[112.59995,-8.05048,0.0],[112.60115,-8.05038,0.0],[112.60111,-8.04879,0.0],[112.60356,-8.0483,0.0],[112.60165,-8.04508,0.0],[112.60435,-8.03832,0.0],[112.60584,-8.02935,0.0],[112.61096,-8.02624,0.0],[112.61226,-8.02455,0.0],[112.61201,-8.02183,0.0],[112.61389,-8.02226,0.0],[112.6143,-8.02124,0.0],[112.61854,-8.02321,0.0],[112.61768,-8.02681,0.0],[112.62471,-8.02946,0.0],[112.63087,-8.03496,0.0],[112.63169,-8.04599,0.0],[112.62834,-8.05378,0.0],[112.63164,-8.06229,0.0],[112.6293,-8.06763,0.0],[112.63027,-8.0695,0.0],[112.62924,-8.07024,0.0],[112.62834,-8.08082,0.0],[112.61626,-8.08994,0.0],[112.60837,-8.08649,0.0],[112.60466,-8.08406,0.0],[112.60454,-8.08259,0.0],[112.60212,-8.08141,0.0]]]}},{"type":"Feature","properties":{"kecamatan":"Gondanglegi","kab_kota":"Malang"},"geometry":{"type":"Polygon","coordinates":[[[112.63319,-8.18287,0.0],[112.62869,-8.18287,0.0],[112.62497,-8.18135,0.0],[112.62536,-8.18045,0.0],[112.6118,-8.17621,0.0],[112.61349,-8.17496,0.0],[112.61078,-8.17147,0.0],[112.61223,-8.16625,0.0],[112.60188,-8.16142,0.0],[112.59412,-8.15584,0.0],[112.58913,-8.15431,0.0],[112.58798,-8.1606,0.0],[112.58504,-8.15987,0.0],[112.58185,-8.17058,0.0],[112.57814,-8.1719,0.0],[112.57717,-8.17047,0.0],[112.57937,-8.17057,0.0],[112.58059,-8.16894,0.0],[112.58101,-8.16638,0.0],[112.57876,-8.16233,0.0],[112.57878,-8.1599,0.0],[112.58503,-8.15455,0.0],[112.58424,-8.15048,0.0],[112.58575,-8.14739,0.0],[112.58483,-8.14614,0.0],[112.58819,-8.14289,0.0],[112.5863,-8.14035,0.0],[112.59286,-8.1321,0.0],[112.5926,-8.12994,0.0],[112.59428,-8.12927,0.0],[112.59448,-8.1265,0.0],[112.59606,-8.12503,0.0],[112.59568,-8.12116,0.0],[112.60576,-8.12487,0.0],[112.61041,-8.11603,0.0],[112.61515,-8.11816,0.0],[112.61764,-8.11265,0.0],[112.61956,-8.11361,0.0],[112.62238,-8.10982,0.0],[112.62692,-8.11143,0.0],[112.62542,-8.11281,0.0],[112.62686,-8.11378,0.0],[112.62573,-8.11684,0.0],[112.63508,-8.11933,0.0],[112.63672,-8.11823,0.0],[112.64055,-8.13136,0.0],[112.64864,-8.13184,0.0],[112.65971,-8.1348,0.0],[112.66041,-8.13159,0.0],[112.67042,-8.1344,0.0],[112.67566,-8.1337,0.0],[112.67401,-8.13999,0.0],[112.67598,-8.14102,0.0],[112.67385,-8.1433,0.0],[112.67478,-8.14444,0.0],[112.67364,-8.14728,0.0],[112.67091,-8.14995,0.0],[112.67098,-8.15397,0.0],[112.66604,-8.15722,0.0],[112.66492,-8.15934,0.0],[112.67195,-8.16165,0.0],[112.67177,-8.16551,0.0],[112.67364,-8.16863,0.0],[112.67183,-8.17427,0.0],[112.66923,-8.17579,0.0],[112.66798,-8.18172,0.0],[112.67074,-8.18575,0.0],[112.66932,-8.18633,0.0],[112.66936,-8.18916,0.0],[112.67164,-8.18935,0.0],[112.67583,-8.19252,0.0],[112.66905,-8.20488,0.0],[112.65032,-8.20624,0.0],[112.64914,-8.20548,0.0],[112.65003,-8.20359,0.0],[112.64834,-8.20291,0.0],[112.64384,-8.20272,0.0],[112.64265,-8.20479,0.0],[112.62876,-8.19842,0.0],[112.62596,-8.19657,0.0],[112.62669,-8.19557,0.0],[112.62559,-8.19445,0.0],[112.63079,-8.1927,0.0],[112.63698,-8.18727,0.0],[112.63324,-8.18428,0.0],[112.63319,-8.18287,0.0]]]}},{"type":"Feature","properties":{"kecamatan":"Kepanjen","kab_kota":"Malang"},"geometry":{"type":"Polygon","coordinates":[[[112.55139,-8.18518,0.0],[112.55209,-8.1863,0.0],[112.5501,-8.18638,0.0],[112.5483,-8.18288,0.0],[112.54275,-8.18068,0.0],[112.5377,-8.18416,0.0],[112.53396,-8.18331,0.0],[112.53757,-8.17564,0.0],[112.53659,-8.17279,0.0],[112.53797,-8.16983,0.0],[112.54024,-8.16845,0.0],[112.54116,-8.1653,0.0],[112.53974,-8.1641,0.0],[112.54101,-8.16272,0.0],[112.5402,-8.1615,0.0],[112.54159,-8.1585,0.0],[112.54289,-8.1583,0.0],[112.5406,-8.15225,0.0],[112.53844,-8.15017,0.0],[112.53882,-8.14611,0.0],[112.54008,-8.14544,0.0],[112.53938,-8.1439,0.0],[112.54409,-8.1396,0.0],[112.54526,-8.13993,0.0],[112.54688,-8.13704,0.0],[112.54704,-8.1328,0.0],[112.54966,-8.12955,0.0],[112.54876,-8.12552,0.0],[112.54531,-8.12446,0.0],[112.54788,-8.12252,0.0],[112.54939,-8.11848,0.0],[112.55447,-8.12013,0.0],[112.56191,-8.1063,0.0],[112.56463,-8.10471,0.0],[112.56455,-8.101,0.0],[112.56964,-8.10155,0.0],[112.57063,-8.09677,0.0],[112.57887,-8.09159,0.0],[112.57658,-8.08752,0.0],[112.57827,-8.08712,0.0],[112.5777,-8.08398,0.0],[112.57931,-8.08077,0.0],[112.5842,-8.08189,0.0],[112.58347,-8.08287,0.0],[112.58891,-8.08516,0.0],[112.58751,-8.08771,0.0],[112.58858,-8.08843,0.0],[112.59065,-8.08555,0.0],[112.59303,-8.08747,0.0],[112.58892,-8.09563,0.0],[112.59038,-8.09618,0.0],[112.59164,-8.09384,0.0],[112.59929,-8.09745,0.0],[112.60181,-8.0927,0.0],[112.60509,-8.09072,0.0],[112.60247,-8.08738,0.0],[112.60148,-8.08267,0.0],[112.60212,-8.08141,0.0],[112.60454,-8.08259,0.0],[112.60466,-8.08406,0.0],[112.61584,-8.09061,0.0],[112.6132,-8.09646,0.0],[112.61477,-8.10081,0.0],[112.61115,-8.10475,0.0],[112.61065,-8.10845,0.0],[112.60701,-8.109,0.0],[112.60406,-8.11422,0.0],[112.60029,-8.11481,0.0],[112.59918,-8.11882,0.0],[112.59559,-8.12134,0.0],[112.59606,-8.12503,0.0],[112.59448,-8.1265,0.0],[112.59428,-8.12927,0.0],[112.5926,-8.12994,0.0],[112.59286,-8.1321,0.0],[112.5863,-8.14035,0.0],[112.58819,-8.14289,0.0],[112.58483,-8.14614,0.0],[112.58575,-8.14739,0.0],[112.58424,-8.15048,0.0],[112.58503,-8.15455,0.0],[112.57878,-8.1599,0.0],[112.57876,-8.16233,0.0],[112.58101,-8.16638,0.0],[112.58053,-8.16908,0.0],[112.57937,-8.17057,0.0],[112.57723,-8.17026,0.0],[112.57724,-8.17206,0.0],[112.57121,-8.17404,0.0],[112.56953,-8.17641,0.0],[112.56531,-8.17478,0.0],[112.562,-8.17561,0.0],[112.56134,-8.1789,0.0],[112.55869,-8.17894,0.0],[112.55716,-8.18149,0.0],[112.55375,-8.18059,0.0],[112.55139,-8.18518,0.0]]]}},{"type":"Feature","properties":{"kecamatan":"Bululawang","kab_kota":"Malang"},"geometry":{"type":"Polygon","coordinates":[[[112.63644,-8.11831,0.0],[112.63508,-8.11933,0.0],[112.62573,-8.11684,0.0],[112.62686,-8.11378,0.0],[112.62542,-8.11281,0.0],[112.62692,-8.11143,0.0],[112.62238,-8.10982,0.0],[112.61956,-8.11361,0.0],[112.61764,-8.11265,0.0],[112.61515,-8.11816,0.0],[112.61041,-8.11603,0.0],[112.60576,-8.12487,0.0],[112.59621,-8.12062,0.0],[112.59918,-8.11882,0.0],[112.60029,-8.11481,0.0],[112.60406,-8.11422,0.0],[112.60701,-8.109,0.0],[112.61065,-8.10845,0.0],[112.61115,-8.10475,0.0],[112.61477,-8.10081,0.0],[112.6132,-8.09646,0.0],[112.61587,-8.09081,0.0],[112.61491,-8.08978,0.0],[112.61678,-8.08975,0.0],[112.62824,-8.08098,0.0],[112.62929,-8.07003,0.0],[112.63497,-8.0645,0.0],[112.63596,-8.06068,0.0],[112.63758,-8.06083,0.0],[112.6393,-8.05895,0.0],[112.64112,-8.05453,0.0],[112.64304,-8.05466,0.0],[112.64283,-8.06195,0.0],[112.64633,-8.06372,0.0],[112.65262,-8.06456,0.0],[112.65232,-8.0657,0.0],[112.65021,-8.0656,0.0],[112.64824,-8.0703,0.0],[112.65019,-8.07126,0.0],[112.64868,-8.07489,0.0],[112.65118,-8.07582,0.0],[112.65083,-8.07712,0.0],[112.65425,-8.07801,0.0],[112.6538,-8.08252,0.0],[112.66117,-8.08227,0.0],[112.66352,-8.08092,0.0],[112.67144,-8.0834,0.0],[112.67448,-8.07671,0.0],[112.67726,-8.07734,0.0],[112.67819,-8.0755,0.0],[112.67838,-8.07651,0.0],[112.68231,-8.07718,0.0],[112.68076,-8.08406,0.0],[112.688,-8.08351,0.0],[112.68694,-8.08458,0.0],[112.68719,-8.08734,0.0],[112.68517,-8.08894,0.0],[112.68784,-8.09109,0.0],[112.68737,-8.0927,0.0],[112.6969,-8.09385,0.0],[112.69645,-8.10124,0.0],[112.6883,-8.10411,0.0],[112.68914,-8.11847,0.0],[112.6865,-8.11939,0.0],[112.68557,-8.12216,0.0],[112.68449,-8.12196,0.0],[112.67566,-8.1337,0.0],[112.67042,-8.1344,0.0],[112.66041,-8.13159,0.0],[112.65971,-8.1348,0.0],[112.64864,-8.13184,0.0],[112.64055,-8.13136,0.0],[112.63644,-8.11831,0.0]]]}},{"type":"Feature","properties":{"kecamatan":"Kalipare","kab_kota":"Malang"},"geometry":{"type":"Polygon","coordinates":[[[112.46574,-8.25759,0.0],[112.46567,-8.26746,0.0],[112.45552,-8.27116,0.0],[112.45378,-8.26969,0.0],[112.4522,-8.26921,0.0],[112.4514,-8.27041,0.0],[112.44485,-8.2678,0.0],[112.43094,-8.2677,0.0],[112.43212,-8.26009,0.0],[112.41626,-8.25878,0.0],[112.41611,-8.24285,0.0],[112.4029,-8.24106,0.0],[112.40494,-8.23483,0.0],[112.38718,-8.23748,0.0],[112.38941,-8.2308,0.0],[112.38924,-8.21524,0.0],[112.3863,-8.21384,0.0],[112.38295,-8.20785,0.0],[112.38509,-8.20546,0.0],[112.38481,-8.19993,0.0],[112.38223,-8.1947,0.0],[112.38271,-8.19144,0.0],[112.37737,-8.18722,0.0],[112.36709,-8.18321,0.0],[112.36681,-8.17488,0.0],[112.37325,-8.16972,0.0],[112.37873,-8.17062,0.0],[112.38327,-8.16902,0.0],[112.39047,-8.16196,0.0],[112.39297,-8.16167,0.0],[112.39583,-8.16482,0.0],[112.3992,-8.16293,0.0],[112.40306,-8.16322,0.0],[112.41163,-8.16019,0.0],[112.41545,-8.16638,0.0],[112.41772,-8.15954,0.0],[112.42262,-8.15789,0.0],[112.42514,-8.15947,0.0],[112.42963,-8.15929,0.0],[112.43218,-8.15673,0.0],[112.43428,-8.15648,0.0],[112.43775,-8.15757,0.0],[112.43968,-8.161,0.0],[112.44599,-8.16175,0.0],[112.4584,-8.16885,0.0],[112.46444,-8.17942,0.0],[112.47163,-8.17875,0.0],[112.48651,-8.18632,0.0],[112.48882,-8.19777,0.0],[112.48784,-8.20231,0.0],[112.48887,-8.20913,0.0],[112.49009,-8.21185,0.0],[112.49206,-8.21235,0.0],[112.49137,-8.21623,0.0],[112.49378,-8.21945,0.0],[112.49124,-8.22372,0.0],[112.49356,-8.22728,0.0],[112.49392,-8.23819,0.0],[112.49041,-8.25152,0.0],[112.48925,-8.26125,0.0],[112.48679,-8.26522,0.0],[112.48686,-8.27144,0.0],[112.47862,-8.27306,0.0],[112.47717,-8.27456,0.0],[112.47588,-8.27275,0.0],[112.47262,-8.27175,0.0],[112.4742,-8.25817,0.0],[112.47093,-8.25877,0.0],[112.46739,-8.25702,0.0],[112.46574,-8.25759,0.0]]]}},{"type":"Feature","properties":{"kecamatan":"Sumberpucung","kab_kota":"Malang"},"geometry":{"type":"Polygon","coordinates":[[[112.54153,-8.15864,0.0],[112.53974,-8.1641,0.0],[112.54116,-8.1653,0.0],[112.54024,-8.16845,0.0],[112.53797,-8.16983,0.0],[112.53659,-8.17279,0.0],[112.53757,-8.17564,0.0],[112.534,-8.1834,0.0],[112.52456,-8.1867,0.0],[112.52113,-8.18666,0.0],[112.50981,-8.19322,0.0],[112.50361,-8.19357,0.0],[112.49881,-8.19056,0.0],[112.49613,-8.19365,0.0],[112.49233,-8.19201,0.0],[112.48651,-8.18632,0.0],[112.47351,-8.17958,0.0],[112.46444,-8.17942,0.0],[112.4584,-8.16885,0.0],[112.44599,-8.16175,0.0],[112.43968,-8.161,0.0],[112.43775,-8.15757,0.0],[112.43384,-8.15647,0.0],[112.43747,-8.15337,0.0],[112.44017,-8.14882,0.0],[112.44741,-8.14805,0.0],[112.45302,-8.14458,0.0],[112.45468,-8.14706,0.0],[112.45702,-8.14655,0.0],[112.46197,-8.13667,0.0],[112.46411,-8.14052,0.0],[112.46994,-8.14354,0.0],[112.47403,-8.14316,0.0],[112.47577,-8.14465,0.0],[112.48266,-8.14412,0.0],[112.48535,-8.14753,0.0],[112.48951,-8.14704,0.0],[112.49149,-8.14886,0.0],[112.4968,-8.14604,0.0],[112.49838,-8.14899,0.0],[112.49996,-8.149,0.0],[112.50381,-8.147,0.0],[112.50366,-8.14538,0.0],[112.50633,-8.14663,0.0],[112.5049,-8.14328,0.0],[112.5058,-8.14188,0.0],[112.50699,-8.14334,0.0],[112.50672,-8.14111,0.0],[112.5105,-8.14346,0.0],[112.51115,-8.14192,0.0],[112.51569,-8.14399,0.0],[112.51525,-8.14588,0.0],[112.52314,-8.14858,0.0],[112.52511,-8.15205,0.0],[112.53179,-8.15309,0.0],[112.53306,-8.15644,0.0],[112.53746,-8.15489,0.0],[112.54157,-8.15612,0.0],[112.54289,-8.1583,0.0],[112.54153,-8.15864,0.0]]]}},{"type":"Feature","properties":{"kecamatan":"Kasembon","kab_kota":"Malang"},"geometry":{"type":"Polygon","coordinates":[[[112.35434,-7.82289,0.0],[112.35597,-7.82904,0.0],[112.35256,-7.83381,0.0],[112.35167,-7.83925,0.0],[112.34915,-7.83849,0.0],[112.34624,-7.84171,0.0],[112.34108,-7.84273,0.0],[112.34,-7.84625,0.0],[112.34116,-7.84956,0.0],[112.34504,-7.85137,0.0],[112.34949,-7.85065,0.0],[112.34933,-7.85161,0.0],[112.34647,-7.85453,0.0],[112.34185,-7.85524,0.0],[112.33794,-7.85753,0.0],[112.33436,-7.86543,0.0],[112.32531,-7.87057,0.0],[112.32257,-7.86553,0.0],[112.3182,-7.86147,0.0],[112.31902,-7.85734,0.0],[112.32125,-7.85545,0.0],[112.32031,-7.85009,0.0],[112.31731,-7.84686,0.0],[112.31935,-7.83908,0.0],[112.31558,-7.8375,0.0],[112.30763,-7.83892,0.0],[112.30951,-7.83398,0.0],[112.30664,-7.82848,0.0],[112.30804,-7.82348,0.0],[112.30527,-7.81222,0.0],[112.30686,-7.79928,0.0],[112.30174,-7.79323,0.0],[112.30038,-7.78927,0.0],[112.29607,-7.7889,0.0],[112.29269,-7.78128,0.0],[112.28829,-7.77955,0.0],[112.28784,-7.77067,0.0],[112.29209,-7.76863,0.0],[112.29941,-7.76939,0.0],[112.30058,-7.77168,0.0],[112.30635,-7.77278,0.0],[112.30684,-7.77486,0.0],[112.30736,-7.77407,0.0],[112.30869,-7.77551,0.0],[112.3109,-7.77498,0.0],[112.31046,-7.77675,0.0],[112.31963,-7.77783,0.0],[112.32246,-7.7766,0.0],[112.32874,-7.77727,0.0],[112.33706,-7.77394,0.0],[112.33936,-7.77444,0.0],[112.33965,-7.76805,0.0],[112.34647,-7.76551,0.0],[112.34914,-7.76152,0.0],[112.35757,-7.76626,0.0],[112.36676,-7.76838,0.0],[112.37018,-7.77192,0.0],[112.3701,-7.774,0.0],[112.37196,-7.77617,0.0],[112.38058,-7.78333,0.0],[112.38121,-7.78432,0.0],[112.37979,-7.78615,0.0],[112.386,-7.78753,0.0],[112.38705,-7.79373,0.0],[112.39091,-7.79599,0.0],[112.38962,-7.79945,0.0],[112.39029,-7.80169,0.0],[112.38692,-7.80397,0.0],[112.38345,-7.80296,0.0],[112.38154,-7.80392,0.0],[112.37636,-7.80952,0.0],[112.37083,-7.808,0.0],[112.36744,-7.81044,0.0],[112.36347,-7.8085,0.0],[112.35434,-7.82289,0.0]]]}},{"type":"Feature","properties":{"kecamatan":"Gedangan","kab_kota":"Malang"},"geometry":{"type":"MultiPolygon","coordinates":[[[[112.61563,-8.43263,0.0],[112.61575,-8.43256,0.0],[112.61568,-8.43271,0.0],[112.61563,-8.43263,0.0]]],[[[112.59295,-8.41858,0.0],[112.59321,-8.41845,0.0],[112.59315,-8.41864,0.0],[112.59295,-8.41858,0.0]]],[[[112.59498,-8.41816,0.0],[112.59478,-8.41846,0.0],[112.59469,-8.4184,0.0],[112.59498,-8.41816,0.0]]],[[[112.58459,-8.41812,0.0],[112.58496,-8.41755,0.0],[112.58471,-8.41828,0.0],[112.58459,-8.41812,0.0]]],[[[112.59403,-8.41636,0.0],[112.5933,-8.4177,0.0],[112.59112,-8.41638,0.0],[112.58631,-8.41816,0.0],[112.58714,-8.41761,0.0],[112.58632,-8.41685,0.0],[112.57927,-8.41448,0.0],[112.57971,-8.41339,0.0],[112.57682,-8.41201,0.0],[112.57761,-8.41008,0.0],[112.57318,-8.40738,0.0],[112.56824,-8.40771,0.0],[112.56756,-8.40558,0.0],[112.553,-8.4016,0.0],[112.56134,-8.39769,0.0],[112.5613,-8.39138,0.0],[112.56533,-8.39024,0.0],[112.56583,-8.38522,0.0],[112.56889,-8.3829,0.0],[112.5682,-8.37973,0.0],[112.56626,-8.37937,0.0],[112.56505,-8.37662,0.0],[112.56572,-8.37356,0.0],[112.56452,-8.37059,0.0],[112.56551,-8.36876,0.0],[112.56935,-8.36723,0.0],[112.57016,-8.36459,0.0],[112.57228,-8.3633,0.0],[112.57397,-8.35809,0.0],[112.57187,-8.35381,0.0],[112.57371,-8.35197,0.0],[112.57169,-8.34963,0.0],[112.57279,-8.34519,0.0],[112.57194,-8.34202,0.0],[112.57574,-8.33937,0.0],[112.58415,-8.32893,0.0],[112.58735,-8.32878,0.0],[112.59508,-8.32537,0.0],[112.59659,-8.32325,0.0],[112.59957,-8.32288,0.0],[112.60149,-8.31905,0.0],[112.60035,-8.31733,0.0],[112.60193,-8.31565,0.0],[112.60089,-8.31408,0.0],[112.60803,-8.31475,0.0],[112.60571,-8.31125,0.0],[112.60589,-8.30605,0.0],[112.60093,-8.30568,0.0],[112.60336,-8.30397,0.0],[112.60207,-8.30259,0.0],[112.60243,-8.30116,0.0],[112.60342,-8.30158,0.0],[112.60273,-8.29893,0.0],[112.60699,-8.29547,0.0],[112.60622,-8.2903,0.0],[112.60851,-8.2902,0.0],[112.60854,-8.2876,0.0],[112.61546,-8.28739,0.0],[112.6162,-8.28199,0.0],[112.61517,-8.2733,0.0],[112.6134,-8.27068,0.0],[112.61059,-8.27074,0.0],[112.61052,-8.26911,0.0],[112.60857,-8.26785,0.0],[112.60391,-8.27078,0.0],[112.60592,-8.26799,0.0],[112.6025,-8.26722,0.0],[112.6012,-8.26314,0.0],[112.59631,-8.26013,0.0],[112.59651,-8.25903,0.0],[112.59843,-8.25875,0.0],[112.60694,-8.26045,0.0],[112.60879,-8.25881,0.0],[112.6072,-8.25186,0.0],[112.60507,-8.25179,0.0],[112.60313,-8.24959,0.0],[112.60427,-8.24545,0.0],[112.60359,-8.24325,0.0],[112.6,-8.24178,0.0],[112.60533,-8.23065,0.0],[112.60942,-8.23164,0.0],[112.61078,-8.23407,0.0],[112.61383,-8.23388,0.0],[112.61697,-8.23688,0.0],[112.62622,-8.24052,0.0],[112.628,-8.23885,0.0],[112.62988,-8.23979,0.0],[112.63126,-8.23887,0.0],[112.63229,-8.24016,0.0],[112.63375,-8.23861,0.0],[112.63676,-8.23997,0.0],[112.63644,-8.23724,0.0],[112.64013,-8.23767,0.0],[112.64681,-8.2424,0.0],[112.64909,-8.2421,0.0],[112.65053,-8.2502,0.0],[112.6478,-8.25405,0.0],[112.64773,-8.25644,0.0],[112.65013,-8.25826,0.0],[112.65198,-8.2652,0.0],[112.66612,-8.26764,0.0],[112.66388,-8.26952,0.0],[112.66261,-8.27513,0.0],[112.65769,-8.28567,0.0],[112.65624,-8.29447,0.0],[112.66206,-8.29664,0.0],[112.67122,-8.29493,0.0],[112.66926,-8.30008,0.0],[112.66415,-8.2982,0.0],[112.66332,-8.30011,0.0],[112.66378,-8.30201,0.0],[112.66978,-8.3057,0.0],[112.66835,-8.30602,0.0],[112.66865,-8.30744,0.0],[112.66644,-8.30773,0.0],[112.66817,-8.30949,0.0],[112.66678,-8.31161,0.0],[112.66504,-8.31143,0.0],[112.66194,-8.31715,0.0],[112.66242,-8.31904,0.0],[112.66741,-8.32085,0.0],[112.66752,-8.32322,0.0],[112.66481,-8.32674,0.0],[112.66603,-8.33229,0.0],[112.66502,-8.3369,0.0],[112.66661,-8.33821,0.0],[112.667,-8.34071,0.0],[112.66615,-8.34158,0.0],[112.66661,-8.35067,0.0],[112.6652,-8.35456,0.0],[112.66822,-8.35849,0.0],[112.66842,-8.36266,0.0],[112.66636,-8.36366,0.0],[112.66826,-8.36663,0.0],[112.66464,-8.37098,0.0],[112.66153,-8.37244,0.0],[112.66005,-8.37659,0.0],[112.65746,-8.3793,0.0],[112.65958,-8.38135,0.0],[112.65744,-8.38457,0.0],[112.6584,-8.38787,0.0],[112.65638,-8.3882,0.0],[112.65825,-8.38975,0.0],[112.65685,-8.39215,0.0],[112.65829,-8.39302,0.0],[112.65558,-8.39376,0.0],[112.65693,-8.39426,0.0],[112.65689,-8.39591,0.0],[112.65537,-8.39704,0.0],[112.65682,-8.39857,0.0],[112.65849,-8.39789,0.0],[112.65716,-8.39933,0.0],[112.65852,-8.40086,0.0],[112.65075,-8.40603,0.0],[112.65186,-8.40892,0.0],[112.64841,-8.41044,0.0],[112.64849,-8.41725,0.0],[112.64981,-8.42002,0.0],[112.64523,-8.4219,0.0],[112.6476,-8.42359,0.0],[112.64553,-8.42398,0.0],[112.64491,-8.42582,0.0],[112.64696,-8.42555,0.0],[112.64796,-8.42755,0.0],[112.64303,-8.43445,0.0],[112.64557,-8.43605,0.0],[112.64387,-8.43896,0.0],[112.64276,-8.43905,0.0],[112.6409,-8.43524,0.0],[112.63797,-8.43289,0.0],[112.62946,-8.4282,0.0],[112.62298,-8.42892,0.0],[112.62175,-8.42974,0.0],[112.62182,-8.43232,0.0],[112.62061,-8.43058,0.0],[112.61818,-8.43409,0.0],[112.61588,-8.43381,0.0],[112.61689,-8.43272,0.0],[112.61518,-8.4317,0.0],[112.61506,-8.4265,0.0],[112.61132,-8.42163,0.0],[112.59403,-8.41636,0.0]]],[[[112.62264,-8.44188,0.0],[112.62288,-8.44167,0.0],[112.6228,-8.4419,0.0],[112.62264,-8.44188,0.0]]],[[[112.62072,-8.44073,0.0],[112.62127,-8.44066,0.0],[112.62088,-8.44104,0.0],[112.62072,-8.44073,0.0]]]]}},{"type":"Feature","properties":{"kecamatan":"Pujon","kab_kota":"Malang"},"geometry":{"type":"Polygon","coordinates":[[[112.47128,-7.94477,0.0],[112.46791,-7.94721,0.0],[112.46127,-7.94061,0.0],[112.45734,-7.9329,0.0],[112.45176,-7.92595,0.0],[112.45183,-7.91846,0.0],[112.4479,-7.91284,0.0],[112.44605,-7.91108,0.0],[112.44147,-7.91115,0.0],[112.42635,-7.89442,0.0],[112.42451,-7.89054,0.0],[112.42161,-7.88913,0.0],[112.42102,-7.88648,0.0],[112.41128,-7.87966,0.0],[112.40955,-7.87441,0.0],[112.41065,-7.87018,0.0],[112.40767,-7.868,0.0],[112.40495,-7.87057,0.0],[112.40122,-7.86527,0.0],[112.39253,-7.86684,0.0],[112.39071,-7.86956,0.0],[112.38387,-7.8727,0.0],[112.38213,-7.87098,0.0],[112.39458,-7.86294,0.0],[112.3961,-7.85466,0.0],[112.39978,-7.85635,0.0],[112.40383,-7.84944,0.0],[112.39964,-7.84851,0.0],[112.39858,-7.84481,0.0],[112.39957,-7.83919,0.0],[112.38951,-7.83316,0.0],[112.38848,-7.8289,0.0],[112.39592,-7.82739,0.0],[112.39707,-7.82337,0.0],[112.40179,-7.82608,0.0],[112.40333,-7.82478,0.0],[112.40694,-7.82677,0.0],[112.40807,-7.82316,0.0],[112.40482,-7.82049,0.0],[112.40416,-7.81799,0.0],[112.39983,-7.81766,0.0],[112.39939,-7.813,0.0],[112.39703,-7.81159,0.0],[112.39215,-7.80334,0.0],[112.38692,-7.80397,0.0],[112.39029,-7.80169,0.0],[112.38962,-7.79945,0.0],[112.39083,-7.79579,0.0],[112.38705,-7.79373,0.0],[112.38581,-7.78735,0.0],[112.38182,-7.7872,0.0],[112.37965,-7.78579,0.0],[112.38121,-7.78432,0.0],[112.3845,-7.78506,0.0],[112.38902,-7.78293,0.0],[112.39675,-7.7853,0.0],[112.40049,-7.78112,0.0],[112.40572,-7.78051,0.0],[112.41359,-7.77393,0.0],[112.4132,-7.77275,0.0],[112.41747,-7.76435,0.0],[112.43021,-7.77079,0.0],[112.43302,-7.76936,0.0],[112.43629,-7.76536,0.0],[112.43828,-7.76698,0.0],[112.44012,-7.77381,0.0],[112.44248,-7.77621,0.0],[112.45562,-7.77922,0.0],[112.45988,-7.77367,0.0],[112.46089,-7.77043,0.0],[112.46303,-7.76903,0.0],[112.46692,-7.76785,0.0],[112.47856,-7.7679,0.0],[112.48382,-7.76429,0.0],[112.48786,-7.76429,0.0],[112.48946,-7.76554,0.0],[112.49189,-7.77917,0.0],[112.49138,-7.78574,0.0],[112.49426,-7.78922,0.0],[112.49824,-7.79856,0.0],[112.49754,-7.80621,0.0],[112.49953,-7.81654,0.0],[112.49893,-7.82125,0.0],[112.49365,-7.82753,0.0],[112.49673,-7.83642,0.0],[112.49464,-7.83911,0.0],[112.49296,-7.84548,0.0],[112.49462,-7.85399,0.0],[112.49185,-7.8551,0.0],[112.48983,-7.85897,0.0],[112.48681,-7.85867,0.0],[112.48872,-7.86127,0.0],[112.48751,-7.8653,0.0],[112.48778,-7.87759,0.0],[112.47892,-7.88624,0.0],[112.47734,-7.89202,0.0],[112.47805,-7.89765,0.0],[112.48291,-7.90569,0.0],[112.48146,-7.90885,0.0],[112.48372,-7.91373,0.0],[112.48199,-7.92021,0.0],[112.48405,-7.92418,0.0],[112.47128,-7.94477,0.0]]]}},{"type":"Feature","properties":{"kecamatan":"Ngantang","kab_kota":"Malang"},"geometry":{"type":"Polygon","coordinates":[[[112.42045,-7.94243,0.0],[112.40721,-7.95026,0.0],[112.38336,-7.95292,0.0],[112.37474,-7.95484,0.0],[112.37051,-7.95722,0.0],[112.36524,-7.95536,0.0],[112.36268,-7.9562,0.0],[112.36417,-7.95383,0.0],[112.36337,-7.95109,0.0],[112.35558,-7.94541,0.0],[112.33888,-7.94459,0.0],[112.32959,-7.93829,0.0],[112.32648,-7.93819,0.0],[112.32148,-7.93522,0.0],[112.32022,-7.93288,0.0],[112.31394,-7.93129,0.0],[112.31339,-7.92902,0.0],[112.31116,-7.92826,0.0],[112.30913,-7.93095,0.0],[112.30658,-7.9293,0.0],[112.31023,-7.92772,0.0],[112.31382,-7.9205,0.0],[112.31247,-7.90276,0.0],[112.31724,-7.89805,0.0],[112.31783,-7.89564,0.0],[112.32337,-7.89186,0.0],[112.32263,-7.88978,0.0],[112.32588,-7.87796,0.0],[112.32531,-7.87057,0.0],[112.33436,-7.86543,0.0],[112.33794,-7.85753,0.0],[112.34185,-7.85524,0.0],[112.34647,-7.85453,0.0],[112.34933,-7.85161,0.0],[112.34949,-7.85065,0.0],[112.34504,-7.85137,0.0],[112.34079,-7.84927,0.0],[112.33995,-7.84662,0.0],[112.34094,-7.84292,0.0],[112.34624,-7.84171,0.0],[112.34915,-7.83849,0.0],[112.35167,-7.83925,0.0],[112.35256,-7.83381,0.0],[112.35597,-7.82904,0.0],[112.35412,-7.82272,0.0],[112.35585,-7.82161,0.0],[112.36347,-7.8085,0.0],[112.36744,-7.81044,0.0],[112.37083,-7.808,0.0],[112.37636,-7.80952,0.0],[112.38331,-7.80297,0.0],[112.38692,-7.80397,0.0],[112.39215,-7.80334,0.0],[112.39703,-7.81159,0.0],[112.39939,-7.813,0.0],[112.39983,-7.81766,0.0],[112.40416,-7.81799,0.0],[112.40482,-7.82049,0.0],[112.40807,-7.82316,0.0],[112.40706,-7.82671,0.0],[112.40333,-7.82478,0.0],[112.40179,-7.82608,0.0],[112.39707,-7.82337,0.0],[112.39592,-7.82739,0.0],[112.38848,-7.8289,0.0],[112.38951,-7.83316,0.0],[112.39957,-7.83919,0.0],[112.39858,-7.84481,0.0],[112.39964,-7.84851,0.0],[112.40383,-7.84944,0.0],[112.39978,-7.85635,0.0],[112.3961,-7.85466,0.0],[112.39458,-7.86294,0.0],[112.38221,-7.8712,0.0],[112.38387,-7.8727,0.0],[112.39071,-7.86956,0.0],[112.39253,-7.86684,0.0],[112.39949,-7.86537,0.0],[112.40122,-7.86527,0.0],[112.40495,-7.87057,0.0],[112.40793,-7.86815,0.0],[112.41065,-7.87018,0.0],[112.40955,-7.87441,0.0],[112.41128,-7.87966,0.0],[112.42102,-7.88648,0.0],[112.42161,-7.88913,0.0],[112.42451,-7.89054,0.0],[112.42635,-7.89442,0.0],[112.44147,-7.91115,0.0],[112.44605,-7.91108,0.0],[112.45183,-7.91846,0.0],[112.45214,-7.92651,0.0],[112.44695,-7.9314,0.0],[112.44162,-7.93208,0.0],[112.43225,-7.93033,0.0],[112.42045,-7.94243,0.0]]]}},{"type":"Feature","properties":{"kecamatan":"Ngajum","kab_kota":"Malang"},"geometry":{"type":"Polygon","coordinates":[[[112.55447,-8.12013,0.0],[112.54939,-8.11848,0.0],[112.54788,-8.12252,0.0],[112.54427,-8.12511,0.0],[112.54088,-8.12323,0.0],[112.54105,-8.12178,0.0],[112.53904,-8.11965,0.0],[112.53533,-8.12424,0.0],[112.53159,-8.12643,0.0],[112.52975,-8.1253,0.0],[112.53015,-8.1151,0.0],[112.52764,-8.11153,0.0],[112.52646,-8.10399,0.0],[112.52776,-8.1013,0.0],[112.52936,-8.10246,0.0],[112.5349,-8.10213,0.0],[112.53593,-8.09533,0.0],[112.53325,-8.09374,0.0],[112.53081,-8.08653,0.0],[112.53142,-8.08367,0.0],[112.52845,-8.08157,0.0],[112.52467,-8.07245,0.0],[112.52,-8.06753,0.0],[112.51866,-8.05992,0.0],[112.51421,-8.05238,0.0],[112.51404,-8.04505,0.0],[112.51136,-8.04172,0.0],[112.51209,-8.038,0.0],[112.50949,-8.03057,0.0],[112.50669,-8.02879,0.0],[112.50097,-8.03033,0.0],[112.4989,-8.02694,0.0],[112.4984,-8.02894,0.0],[112.49641,-8.02848,0.0],[112.49388,-8.02283,0.0],[112.48716,-8.01696,0.0],[112.48659,-8.01351,0.0],[112.48051,-8.00509,0.0],[112.4796,-7.99011,0.0],[112.47695,-7.98276,0.0],[112.47735,-7.97309,0.0],[112.4802,-7.9752,0.0],[112.48571,-7.97508,0.0],[112.50575,-7.98676,0.0],[112.51116,-7.98674,0.0],[112.50913,-7.99129,0.0],[112.51021,-7.99712,0.0],[112.50804,-7.99959,0.0],[112.50753,-8.00313,0.0],[112.50574,-8.00342,0.0],[112.50635,-8.00593,0.0],[112.51717,-8.00949,0.0],[112.51969,-8.00655,0.0],[112.52152,-8.00702,0.0],[112.52414,-8.01046,0.0],[112.52661,-8.01157,0.0],[112.52688,-8.01368,0.0],[112.5333,-8.0208,0.0],[112.54381,-8.02689,0.0],[112.53925,-8.0192,0.0],[112.54014,-8.01857,0.0],[112.54378,-8.02049,0.0],[112.55175,-8.02881,0.0],[112.55417,-8.02938,0.0],[112.5581,-8.03308,0.0],[112.56088,-8.03923,0.0],[112.56117,-8.04238,0.0],[112.55987,-8.04236,0.0],[112.55681,-8.03839,0.0],[112.55397,-8.04071,0.0],[112.55207,-8.03928,0.0],[112.54991,-8.0431,0.0],[112.55145,-8.04559,0.0],[112.55127,-8.04809,0.0],[112.55473,-8.04962,0.0],[112.55672,-8.04892,0.0],[112.55782,-8.05388,0.0],[112.56361,-8.06015,0.0],[112.56671,-8.06035,0.0],[112.56684,-8.06177,0.0],[112.57233,-8.06062,0.0],[112.57638,-8.06226,0.0],[112.57605,-8.06388,0.0],[112.57861,-8.06842,0.0],[112.57855,-8.07366,0.0],[112.5771,-8.07464,0.0],[112.57764,-8.07681,0.0],[112.57563,-8.07811,0.0],[112.57636,-8.08011,0.0],[112.57928,-8.081,0.0],[112.5777,-8.08398,0.0],[112.57827,-8.08712,0.0],[112.57658,-8.08752,0.0],[112.57887,-8.09159,0.0],[112.57063,-8.09677,0.0],[112.56964,-8.10155,0.0],[112.56455,-8.101,0.0],[112.56463,-8.10471,0.0],[112.56191,-8.1063,0.0],[112.55447,-8.12013,0.0]]]}},{"type":"Feature","properties":{"kecamatan":"Wagir","kab_kota":"Malang"},"geometry":{"type":"Polygon","coordinates":[[[112.56497,-8.02357,0.0],[112.56289,-8.02876,0.0],[112.5575,-8.03256,0.0],[112.55417,-8.02938,0.0],[112.55175,-8.02881,0.0],[112.54298,-8.01992,0.0],[112.53925,-8.0192,0.0],[112.54381,-8.02689,0.0],[112.53351,-8.02095,0.0],[112.52688,-8.01368,0.0],[112.52661,-8.01157,0.0],[112.52414,-8.01046,0.0],[112.52152,-8.00702,0.0],[112.51969,-8.00655,0.0],[112.51717,-8.00949,0.0],[112.51287,-8.00888,0.0],[112.50707,-8.00534,0.0],[112.50658,-8.0061,0.0],[112.50574,-8.00342,0.0],[112.50753,-8.00313,0.0],[112.50804,-7.99959,0.0],[112.51021,-7.99712,0.0],[112.50913,-7.99129,0.0],[112.51116,-7.98674,0.0],[112.50575,-7.98676,0.0],[112.48571,-7.97508,0.0],[112.48925,-7.97328,0.0],[112.49652,-7.97452,0.0],[112.5076,-7.98183,0.0],[112.50611,-7.9786,0.0],[112.5067,-7.97726,0.0],[112.50242,-7.97482,0.0],[112.5013,-7.97053,0.0],[112.50515,-7.96982,0.0],[112.50864,-7.97278,0.0],[112.51088,-7.97235,0.0],[112.51525,-7.97532,0.0],[112.51841,-7.97575,0.0],[112.5236,-7.97138,0.0],[112.52649,-7.97148,0.0],[112.52634,-7.96826,0.0],[112.52775,-7.967,0.0],[112.53048,-7.96773,0.0],[112.53045,-7.96572,0.0],[112.53687,-7.96424,0.0],[112.54187,-7.96907,0.0],[112.54589,-7.96964,0.0],[112.55916,-7.976,0.0],[112.56131,-7.97459,0.0],[112.55928,-7.97223,0.0],[112.55916,-7.97118,0.0],[112.56105,-7.973,0.0],[112.56463,-7.97297,0.0],[112.56735,-7.97092,0.0],[112.56953,-7.97099,0.0],[112.57116,-7.96805,0.0],[112.57438,-7.96872,0.0],[112.5764,-7.96773,0.0],[112.58036,-7.96931,0.0],[112.58199,-7.96727,0.0],[112.58747,-7.97185,0.0],[112.59183,-7.97297,0.0],[112.59104,-7.97609,0.0],[112.59749,-7.97909,0.0],[112.59683,-7.98038,0.0],[112.59826,-7.98102,0.0],[112.59687,-7.98379,0.0],[112.59529,-7.98168,0.0],[112.59179,-7.984,0.0],[112.58996,-7.98225,0.0],[112.57928,-7.97902,0.0],[112.57647,-7.98375,0.0],[112.58275,-7.98705,0.0],[112.58714,-7.98637,0.0],[112.58826,-7.98502,0.0],[112.5915,-7.98597,0.0],[112.58924,-7.99234,0.0],[112.5953,-7.99386,0.0],[112.59971,-7.99747,0.0],[112.60027,-7.99521,0.0],[112.6014,-7.99551,0.0],[112.59736,-8.00597,0.0],[112.60435,-8.00892,0.0],[112.60687,-8.01116,0.0],[112.60648,-8.01345,0.0],[112.60981,-8.01397,0.0],[112.61019,-8.01258,0.0],[112.61215,-8.01346,0.0],[112.61463,-8.00886,0.0],[112.61882,-8.01121,0.0],[112.6181,-8.0165,0.0],[112.61377,-8.01924,0.0],[112.61389,-8.02226,0.0],[112.61169,-8.02199,0.0],[112.61226,-8.02455,0.0],[112.61002,-8.02728,0.0],[112.60584,-8.02935,0.0],[112.60435,-8.03832,0.0],[112.60165,-8.04508,0.0],[112.60339,-8.04868,0.0],[112.60111,-8.04879,0.0],[112.60115,-8.05038,0.0],[112.59995,-8.05048,0.0],[112.59867,-8.04712,0.0],[112.6,-8.0443,0.0],[112.59451,-8.03944,0.0],[112.5936,-8.03587,0.0],[112.5876,-8.0347,0.0],[112.56993,-8.02466,0.0],[112.56637,-8.02291,0.0],[112.56497,-8.02357,0.0]]]}},{"type":"Feature","properties":{"kecamatan":"Singosari","kab_kota":"Malang"},"geometry":{"type":"Polygon","coordinates":[[[112.68424,-7.92057,0.0],[112.68246,-7.92192,0.0],[112.68098,-7.92125,0.0],[112.6817,-7.92013,0.0],[112.67868,-7.91889,0.0],[112.67607,-7.92609,0.0],[112.67336,-7.92502,0.0],[112.67023,-7.92756,0.0],[112.66966,-7.92691,0.0],[112.6679,-7.93002,0.0],[112.66273,-7.93017,0.0],[112.66288,-7.92691,0.0],[112.66145,-7.92552,0.0],[112.64984,-7.91938,0.0],[112.6502,-7.91699,0.0],[112.64707,-7.91753,0.0],[112.64601,-7.91401,0.0],[112.64415,-7.91459,0.0],[112.63998,-7.92157,0.0],[112.63021,-7.91085,0.0],[112.62984,-7.90927,0.0],[112.63219,-7.9096,0.0],[112.63358,-7.90749,0.0],[112.6298,-7.90242,0.0],[112.62756,-7.88983,0.0],[112.6243,-7.88547,0.0],[112.62404,-7.88148,0.0],[112.62207,-7.87904,0.0],[112.61995,-7.87098,0.0],[112.62064,-7.86348,0.0],[112.61974,-7.86015,0.0],[112.61673,-7.85695,0.0],[112.61429,-7.8474,0.0],[112.60889,-7.84094,0.0],[112.60768,-7.83385,0.0],[112.60417,-7.8253,0.0],[112.60128,-7.82269,0.0],[112.60191,-7.82096,0.0],[112.60009,-7.8149,0.0],[112.5953,-7.80845,0.0],[112.59332,-7.80133,0.0],[112.5947,-7.79181,0.0],[112.58301,-7.77904,0.0],[112.58339,-7.77091,0.0],[112.58839,-7.76562,0.0],[112.59276,-7.76476,0.0],[112.60431,-7.77107,0.0],[112.61565,-7.78724,0.0],[112.61369,-7.78993,0.0],[112.61986,-7.79981,0.0],[112.62506,-7.80396,0.0],[112.62768,-7.8081,0.0],[112.6326,-7.80931,0.0],[112.64721,-7.81773,0.0],[112.65022,-7.81765,0.0],[112.64756,-7.82355,0.0],[112.64976,-7.8279,0.0],[112.65278,-7.82999,0.0],[112.65663,-7.83545,0.0],[112.65762,-7.83345,0.0],[112.65938,-7.83464,0.0],[112.66103,-7.83265,0.0],[112.66298,-7.83277,0.0],[112.66811,-7.83792,0.0],[112.66735,-7.83909,0.0],[112.66613,-7.83841,0.0],[112.66656,-7.84019,0.0],[112.66536,-7.83962,0.0],[112.66276,-7.84219,0.0],[112.66486,-7.84548,0.0],[112.66639,-7.84691,0.0],[112.66848,-7.8456,0.0],[112.67113,-7.84846,0.0],[112.67107,-7.85015,0.0],[112.67344,-7.84903,0.0],[112.67647,-7.85069,0.0],[112.6756,-7.85199,0.0],[112.67756,-7.85365,0.0],[112.68524,-7.85772,0.0],[112.68394,-7.86032,0.0],[112.68516,-7.86264,0.0],[112.68725,-7.86419,0.0],[112.68921,-7.86377,0.0],[112.68849,-7.86626,0.0],[112.69429,-7.86967,0.0],[112.69783,-7.87412,0.0],[112.70214,-7.8758,0.0],[112.70335,-7.872,0.0],[112.70945,-7.87175,0.0],[112.71008,-7.86876,0.0],[112.71404,-7.86927,0.0],[112.7132,-7.87291,0.0],[112.71549,-7.87464,0.0],[112.71335,-7.88185,0.0],[112.70966,-7.88159,0.0],[112.7056,-7.89023,0.0],[112.71165,-7.89094,0.0],[112.71198,-7.89345,0.0],[112.71035,-7.89422,0.0],[112.71533,-7.89514,0.0],[112.71977,-7.89345,0.0],[112.72413,-7.89474,0.0],[112.72491,-7.89608,0.0],[112.72994,-7.89587,0.0],[112.73213,-7.89703,0.0],[112.73518,-7.8955,0.0],[112.7401,-7.89589,0.0],[112.74164,-7.89271,0.0],[112.74442,-7.89296,0.0],[112.74535,-7.89477,0.0],[112.74782,-7.88657,0.0],[112.75108,-7.8833,0.0],[112.75778,-7.88218,0.0],[112.76102,-7.88592,0.0],[112.75841,-7.88731,0.0],[112.75697,-7.89241,0.0],[112.75698,-7.89636,0.0],[112.75611,-7.89649,0.0],[112.75779,-7.89875,0.0],[112.7552,-7.89921,0.0],[112.75624,-7.90172,0.0],[112.75174,-7.90724,0.0],[112.74216,-7.9076,0.0],[112.7403,-7.90951,0.0],[112.73786,-7.90878,0.0],[112.73758,-7.90961,0.0],[112.72362,-7.906,0.0],[112.71789,-7.91326,0.0],[112.71782,-7.91635,0.0],[112.71634,-7.91788,0.0],[112.71076,-7.91687,0.0],[112.70504,-7.92643,0.0],[112.69916,-7.92319,0.0],[112.69854,-7.92421,0.0],[112.69341,-7.92162,0.0],[112.68991,-7.92209,0.0],[112.68424,-7.92057,0.0]]]}},{"type":"Feature","properties":{"kecamatan":"Lawang","kab_kota":"Malang"},"geometry":{"type":"Polygon","coordinates":[[[112.66783,-7.83841,0.0],[112.66238,-7.83245,0.0],[112.65938,-7.83464,0.0],[112.65762,-7.83345,0.0],[112.65663,-7.83545,0.0],[112.65278,-7.82999,0.0],[112.64976,-7.8279,0.0],[112.64756,-7.82355,0.0],[112.65022,-7.81765,0.0],[112.64721,-7.81773,0.0],[112.6326,-7.80931,0.0],[112.62768,-7.8081,0.0],[112.62506,-7.80396,0.0],[112.61969,-7.7996,0.0],[112.61369,-7.78993,0.0],[112.61565,-7.78724,0.0],[112.61976,-7.78977,0.0],[112.62843,-7.79147,0.0],[112.63139,-7.79364,0.0],[112.63245,-7.7976,0.0],[112.63639,-7.79782,0.0],[112.64202,-7.79504,0.0],[112.6542,-7.79697,0.0],[112.65367,-7.80062,0.0],[112.65661,-7.80064,0.0],[112.66143,-7.80593,0.0],[112.66947,-7.80684,0.0],[112.68089,-7.8117,0.0],[112.69561,-7.8144,0.0],[112.69829,-7.81672,0.0],[112.70472,-7.81707,0.0],[112.70742,-7.81825,0.0],[112.70622,-7.82213,0.0],[112.71111,-7.82392,0.0],[112.71144,-7.81899,0.0],[112.71583,-7.82095,0.0],[112.72002,-7.81864,0.0],[112.72403,-7.81928,0.0],[112.73289,-7.81808,0.0],[112.73308,-7.82258,0.0],[112.73914,-7.82394,0.0],[112.73804,-7.82527,0.0],[112.73765,-7.83397,0.0],[112.73904,-7.8386,0.0],[112.74431,-7.84192,0.0],[112.74604,-7.84591,0.0],[112.74937,-7.84829,0.0],[112.7497,-7.85094,0.0],[112.75726,-7.8524,0.0],[112.76001,-7.85436,0.0],[112.76034,-7.85736,0.0],[112.76232,-7.85966,0.0],[112.76098,-7.86373,0.0],[112.7618,-7.87834,0.0],[112.75741,-7.88244,0.0],[112.75091,-7.8834,0.0],[112.74782,-7.88657,0.0],[112.74535,-7.89477,0.0],[112.74442,-7.89296,0.0],[112.74164,-7.89271,0.0],[112.7401,-7.89589,0.0],[112.73518,-7.8955,0.0],[112.73213,-7.89703,0.0],[112.72994,-7.89587,0.0],[112.72491,-7.89608,0.0],[112.72413,-7.89474,0.0],[112.71977,-7.89345,0.0],[112.71533,-7.89514,0.0],[112.71035,-7.89422,0.0],[112.71198,-7.89345,0.0],[112.71165,-7.89094,0.0],[112.7056,-7.89023,0.0],[112.70966,-7.88159,0.0],[112.71335,-7.88185,0.0],[112.71549,-7.87464,0.0],[112.7132,-7.87291,0.0],[112.71404,-7.86927,0.0],[112.71008,-7.86876,0.0],[112.70945,-7.87175,0.0],[112.70335,-7.872,0.0],[112.70214,-7.8758,0.0],[112.69954,-7.87548,0.0],[112.69429,-7.86967,0.0],[112.68849,-7.86626,0.0],[112.68921,-7.86377,0.0],[112.68725,-7.86419,0.0],[112.68516,-7.86264,0.0],[112.68394,-7.86032,0.0],[112.68524,-7.85772,0.0],[112.67756,-7.85365,0.0],[112.6756,-7.85199,0.0],[112.67647,-7.85069,0.0],[112.67344,-7.84903,0.0],[112.67107,-7.85015,0.0],[112.67113,-7.84846,0.0],[112.66848,-7.8456,0.0],[112.66639,-7.84691,0.0],[112.66486,-7.84548,0.0],[112.66276,-7.84219,0.0],[112.66536,-7.83962,0.0],[112.66656,-7.84019,0.0],[112.66613,-7.83841,0.0],[112.66783,-7.83841,0.0]]]}},{"type":"Feature","properties":{"kecamatan":"Dau","kab_kota":"Malang"},"geometry":{"type":"Polygon","coordinates":[[[112.59834,-7.96319,0.0],[112.59922,-7.9652,0.0],[112.60275,-7.96751,0.0],[112.60084,-7.96842,0.0],[112.60333,-7.97053,0.0],[112.59927,-7.97344,0.0],[112.59377,-7.97373,0.0],[112.58804,-7.9721,0.0],[112.58199,-7.96727,0.0],[112.58036,-7.96931,0.0],[112.5764,-7.96773,0.0],[112.57438,-7.96872,0.0],[112.57116,-7.96805,0.0],[112.56953,-7.97099,0.0],[112.56735,-7.97092,0.0],[112.56463,-7.97297,0.0],[112.56105,-7.973,0.0],[112.55916,-7.97118,0.0],[112.56131,-7.97459,0.0],[112.55916,-7.976,0.0],[112.54589,-7.96964,0.0],[112.54187,-7.96907,0.0],[112.53714,-7.96424,0.0],[112.53045,-7.96572,0.0],[112.53048,-7.96773,0.0],[112.52775,-7.967,0.0],[112.52634,-7.96826,0.0],[112.52649,-7.97148,0.0],[112.5236,-7.97138,0.0],[112.51841,-7.97575,0.0],[112.51525,-7.97532,0.0],[112.51088,-7.97235,0.0],[112.50864,-7.97278,0.0],[112.50515,-7.96982,0.0],[112.5013,-7.97053,0.0],[112.50242,-7.97482,0.0],[112.5067,-7.97726,0.0],[112.50611,-7.9786,0.0],[112.5076,-7.98183,0.0],[112.49652,-7.97452,0.0],[112.48925,-7.97328,0.0],[112.48571,-7.97508,0.0],[112.4802,-7.9752,0.0],[112.47735,-7.97309,0.0],[112.4773,-7.9643,0.0],[112.4734,-7.96233,0.0],[112.47095,-7.9575,0.0],[112.46588,-7.95665,0.0],[112.46425,-7.95158,0.0],[112.47016,-7.94622,0.0],[112.47463,-7.93937,0.0],[112.47755,-7.93824,0.0],[112.48405,-7.93135,0.0],[112.49895,-7.93198,0.0],[112.51392,-7.92835,0.0],[112.52242,-7.92768,0.0],[112.5266,-7.92542,0.0],[112.54139,-7.92631,0.0],[112.5415,-7.923,0.0],[112.54912,-7.92205,0.0],[112.54911,-7.92069,0.0],[112.55148,-7.92036,0.0],[112.55183,-7.91926,0.0],[112.5541,-7.92025,0.0],[112.55543,-7.91813,0.0],[112.55723,-7.91903,0.0],[112.56052,-7.91739,0.0],[112.56309,-7.91379,0.0],[112.56775,-7.91279,0.0],[112.57491,-7.91476,0.0],[112.57503,-7.91805,0.0],[112.57606,-7.91713,0.0],[112.58017,-7.91752,0.0],[112.58099,-7.91554,0.0],[112.57961,-7.91364,0.0],[112.58007,-7.91188,0.0],[112.58337,-7.90938,0.0],[112.58752,-7.91203,0.0],[112.5896,-7.91609,0.0],[112.5918,-7.91624,0.0],[112.59141,-7.91815,0.0],[112.59377,-7.91933,0.0],[112.5934,-7.92333,0.0],[112.59613,-7.92277,0.0],[112.59994,-7.92606,0.0],[112.59882,-7.93017,0.0],[112.59737,-7.93105,0.0],[112.599,-7.93634,0.0],[112.59697,-7.93789,0.0],[112.58988,-7.93619,0.0],[112.57385,-7.93538,0.0],[112.57065,-7.93599,0.0],[112.56895,-7.93895,0.0],[112.58047,-7.9437,0.0],[112.58195,-7.94524,0.0],[112.58105,-7.94976,0.0],[112.58852,-7.95046,0.0],[112.58788,-7.9525,0.0],[112.58944,-7.95292,0.0],[112.5891,-7.95416,0.0],[112.599,-7.95854,0.0],[112.59963,-7.9598,0.0],[112.59834,-7.96319,0.0]]]}},{"type":"Feature","properties":{"kecamatan":"Karangploso","kab_kota":"Malang"},"geometry":{"type":"Polygon","coordinates":[[[112.61114,-7.91991,0.0],[112.60995,-7.9224,0.0],[112.6131,-7.92522,0.0],[112.60147,-7.92114,0.0],[112.6011,-7.92385,0.0],[112.59989,-7.92393,0.0],[112.59909,-7.92196,0.0],[112.59727,-7.92288,0.0],[112.59626,-7.92034,0.0],[112.59297,-7.91764,0.0],[112.59152,-7.9178,0.0],[112.59147,-7.91592,0.0],[112.5896,-7.91609,0.0],[112.58752,-7.91203,0.0],[112.5843,-7.90947,0.0],[112.58603,-7.90764,0.0],[112.58732,-7.90848,0.0],[112.5894,-7.90669,0.0],[112.59161,-7.90818,0.0],[112.59501,-7.90601,0.0],[112.59574,-7.9034,0.0],[112.5926,-7.8986,0.0],[112.58334,-7.88847,0.0],[112.58121,-7.88836,0.0],[112.57994,-7.88684,0.0],[112.57569,-7.88671,0.0],[112.57247,-7.88918,0.0],[112.56435,-7.87948,0.0],[112.56532,-7.87515,0.0],[112.5647,-7.86924,0.0],[112.56563,-7.86819,0.0],[112.56473,-7.86069,0.0],[112.56586,-7.85827,0.0],[112.56477,-7.85288,0.0],[112.56547,-7.85098,0.0],[112.56789,-7.85033,0.0],[112.5692,-7.84656,0.0],[112.56921,-7.83786,0.0],[112.57163,-7.82826,0.0],[112.57331,-7.82632,0.0],[112.57192,-7.82498,0.0],[112.57164,-7.8173,0.0],[112.57785,-7.80798,0.0],[112.57767,-7.79952,0.0],[112.58037,-7.78819,0.0],[112.58467,-7.78072,0.0],[112.5947,-7.79181,0.0],[112.59332,-7.80133,0.0],[112.5953,-7.80845,0.0],[112.60009,-7.8149,0.0],[112.60191,-7.82096,0.0],[112.60128,-7.82269,0.0],[112.60417,-7.8253,0.0],[112.60768,-7.83385,0.0],[112.60889,-7.84094,0.0],[112.61429,-7.8474,0.0],[112.61673,-7.85695,0.0],[112.61974,-7.86015,0.0],[112.62064,-7.86348,0.0],[112.61995,-7.87098,0.0],[112.62207,-7.87904,0.0],[112.62404,-7.88148,0.0],[112.6243,-7.88547,0.0],[112.62756,-7.88983,0.0],[112.6298,-7.90242,0.0],[112.63358,-7.90749,0.0],[112.63219,-7.9096,0.0],[112.62984,-7.90927,0.0],[112.63021,-7.91085,0.0],[112.62453,-7.91125,0.0],[112.62558,-7.91264,0.0],[112.62471,-7.91368,0.0],[112.62146,-7.91689,0.0],[112.61847,-7.91711,0.0],[112.61736,-7.9193,0.0],[112.61015,-7.91769,0.0],[112.61114,-7.91991,0.0]]]}},{"type":"Feature","properties":{"kecamatan":"Kromengan","kab_kota":"Malang"},"geometry":{"type":"Polygon","coordinates":[[[112.53819,-8.14879,0.0],[112.5406,-8.15225,0.0],[112.54157,-8.15612,0.0],[112.53746,-8.15489,0.0],[112.53326,-8.15652,0.0],[112.53179,-8.15309,0.0],[112.52511,-8.15205,0.0],[112.52314,-8.14858,0.0],[112.51525,-8.14588,0.0],[112.51569,-8.14399,0.0],[112.51115,-8.14192,0.0],[112.5105,-8.14346,0.0],[112.5068,-8.1411,0.0],[112.50699,-8.14334,0.0],[112.5058,-8.14188,0.0],[112.5049,-8.14328,0.0],[112.50611,-8.14678,0.0],[112.50366,-8.14538,0.0],[112.50361,-8.14718,0.0],[112.49923,-8.14914,0.0],[112.49654,-8.14607,0.0],[112.49046,-8.14873,0.0],[112.48951,-8.14704,0.0],[112.48535,-8.14753,0.0],[112.48266,-8.14412,0.0],[112.47577,-8.14465,0.0],[112.47403,-8.14316,0.0],[112.46994,-8.14354,0.0],[112.46411,-8.14052,0.0],[112.46197,-8.13667,0.0],[112.45875,-8.14464,0.0],[112.45702,-8.14655,0.0],[112.4543,-8.14681,0.0],[112.45302,-8.14458,0.0],[112.45462,-8.14173,0.0],[112.45349,-8.13339,0.0],[112.45521,-8.13218,0.0],[112.45682,-8.12631,0.0],[112.45777,-8.12647,0.0],[112.45674,-8.12288,0.0],[112.45842,-8.11799,0.0],[112.45794,-8.116,0.0],[112.45916,-8.11494,0.0],[112.45785,-8.11388,0.0],[112.45759,-8.10954,0.0],[112.45595,-8.11001,0.0],[112.45427,-8.10671,0.0],[112.45476,-8.102,0.0],[112.45365,-8.10033,0.0],[112.45457,-8.09975,0.0],[112.45317,-8.09761,0.0],[112.45486,-8.09404,0.0],[112.4541,-8.08788,0.0],[112.45679,-8.08101,0.0],[112.45533,-8.07841,0.0],[112.45686,-8.07789,0.0],[112.45577,-8.07661,0.0],[112.45704,-8.07621,0.0],[112.45661,-8.07279,0.0],[112.45872,-8.06707,0.0],[112.46348,-8.06772,0.0],[112.4626,-8.07759,0.0],[112.4635,-8.07847,0.0],[112.46582,-8.07666,0.0],[112.4671,-8.07712,0.0],[112.46595,-8.07988,0.0],[112.46726,-8.07965,0.0],[112.46697,-8.08748,0.0],[112.46577,-8.0898,0.0],[112.46798,-8.09077,0.0],[112.46867,-8.09512,0.0],[112.47434,-8.09456,0.0],[112.47639,-8.09177,0.0],[112.47929,-8.09274,0.0],[112.47925,-8.09492,0.0],[112.48279,-8.09495,0.0],[112.48305,-8.09244,0.0],[112.48427,-8.09235,0.0],[112.48354,-8.09526,0.0],[112.48756,-8.09627,0.0],[112.49129,-8.0953,0.0],[112.4914,-8.09361,0.0],[112.49484,-8.10529,0.0],[112.49599,-8.10524,0.0],[112.49651,-8.10702,0.0],[112.49515,-8.11151,0.0],[112.49602,-8.11475,0.0],[112.49929,-8.11687,0.0],[112.49799,-8.11946,0.0],[112.49893,-8.12685,0.0],[112.50324,-8.12669,0.0],[112.50407,-8.12402,0.0],[112.5027,-8.1214,0.0],[112.50495,-8.11936,0.0],[112.50513,-8.12126,0.0],[112.5067,-8.1213,0.0],[112.50619,-8.12535,0.0],[112.50984,-8.12665,0.0],[112.51035,-8.12517,0.0],[112.51313,-8.12414,0.0],[112.51237,-8.12228,0.0],[112.51977,-8.12104,0.0],[112.52391,-8.12491,0.0],[112.52498,-8.12942,0.0],[112.52965,-8.12528,0.0],[112.53159,-8.12643,0.0],[112.53533,-8.12424,0.0],[112.53904,-8.11965,0.0],[112.54105,-8.12178,0.0],[112.54088,-8.12323,0.0],[112.54427,-8.12511,0.0],[112.54681,-8.12424,0.0],[112.54876,-8.12552,0.0],[112.54966,-8.12955,0.0],[112.54704,-8.1328,0.0],[112.54688,-8.13704,0.0],[112.54526,-8.13993,0.0],[112.54409,-8.1396,0.0],[112.53938,-8.1439,0.0],[112.54008,-8.14544,0.0],[112.53819,-8.14879,0.0]]]}},{"type":"Feature","properties":{"kecamatan":"Wonosari","kab_kota":"Malang"},"geometry":{"type":"Polygon","coordinates":[[[112.52645,-8.10414,0.0],[112.52764,-8.11153,0.0],[112.53015,-8.1151,0.0],[112.52904,-8.12679,0.0],[112.52431,-8.12928,0.0],[112.52391,-8.12491,0.0],[112.5182,-8.12053,0.0],[112.51237,-8.12228,0.0],[112.51313,-8.12414,0.0],[112.51035,-8.12517,0.0],[112.50984,-8.12665,0.0],[112.50804,-8.12625,0.0],[112.5061,-8.12515,0.0],[112.5067,-8.1213,0.0],[112.50513,-8.12126,0.0],[112.50495,-8.11936,0.0],[112.5027,-8.1214,0.0],[112.50407,-8.12402,0.0],[112.50324,-8.12669,0.0],[112.49893,-8.12685,0.0],[112.49799,-8.11946,0.0],[112.49929,-8.11687,0.0],[112.49602,-8.11475,0.0],[112.49515,-8.11151,0.0],[112.49651,-8.10702,0.0],[112.49599,-8.10524,0.0],[112.49484,-8.10529,0.0],[112.4914,-8.09361,0.0],[112.49129,-8.0953,0.0],[112.48756,-8.09627,0.0],[112.48354,-8.09526,0.0],[112.48492,-8.09306,0.0],[112.48427,-8.09235,0.0],[112.48305,-8.09244,0.0],[112.48279,-8.09495,0.0],[112.47925,-8.09492,0.0],[112.47929,-8.09274,0.0],[112.47639,-8.09177,0.0],[112.47434,-8.09456,0.0],[112.46867,-8.09512,0.0],[112.46798,-8.09077,0.0],[112.46577,-8.0898,0.0],[112.46697,-8.08748,0.0],[112.46726,-8.07965,0.0],[112.46595,-8.07988,0.0],[112.4671,-8.07712,0.0],[112.46582,-8.07666,0.0],[112.4635,-8.07847,0.0],[112.46227,-8.07654,0.0],[112.46348,-8.06772,0.0],[112.45962,-8.06673,0.0],[112.45782,-8.06841,0.0],[112.4557,-8.06617,0.0],[112.45539,-8.06369,0.0],[112.45425,-8.06381,0.0],[112.45512,-8.0593,0.0],[112.45343,-8.05695,0.0],[112.45546,-8.05626,0.0],[112.45691,-8.0511,0.0],[112.45595,-8.04998,0.0],[112.45798,-8.04472,0.0],[112.46172,-8.03976,0.0],[112.46577,-8.03102,0.0],[112.4664,-8.0249,0.0],[112.4745,-8.0138,0.0],[112.47297,-8.00293,0.0],[112.46838,-7.99942,0.0],[112.47188,-7.98323,0.0],[112.47615,-7.97729,0.0],[112.47735,-7.97309,0.0],[112.47695,-7.98276,0.0],[112.4796,-7.99011,0.0],[112.48051,-8.00509,0.0],[112.48659,-8.01351,0.0],[112.48716,-8.01696,0.0],[112.49388,-8.02283,0.0],[112.49641,-8.02848,0.0],[112.4984,-8.02894,0.0],[112.4989,-8.02694,0.0],[112.50097,-8.03033,0.0],[112.50669,-8.02879,0.0],[112.50949,-8.03057,0.0],[112.51209,-8.038,0.0],[112.51136,-8.04172,0.0],[112.51404,-8.04505,0.0],[112.51421,-8.05238,0.0],[112.51866,-8.05992,0.0],[112.52,-8.06753,0.0],[112.52467,-8.07245,0.0],[112.52845,-8.08157,0.0],[112.53142,-8.08367,0.0],[112.53081,-8.08653,0.0],[112.53325,-8.09374,0.0],[112.53593,-8.09533,0.0],[112.5349,-8.10213,0.0],[112.52936,-8.10246,0.0],[112.52776,-8.1013,0.0],[112.52645,-8.10414,0.0]]]}},{"type":"Feature","properties":{"kecamatan":"Tirtoyudo","kab_kota":"Malang"},"geometry":{"type":"MultiPolygon","coordinates":[[[[112.8101,-8.40266,0.0],[112.81049,-8.40193,0.0],[112.81064,-8.40246,0.0],[112.8101,-8.40266,0.0]]],[[[112.81258,-8.40166,0.0],[112.81253,-8.4018,0.0],[112.81249,-8.40164,0.0],[112.81258,-8.40166,0.0]]],[[[112.8159,-8.40046,0.0],[112.81609,-8.40011,0.0],[112.8162,-8.40054,0.0],[112.8159,-8.40046,0.0]]],[[[112.8093,-8.40038,0.0],[112.80955,-8.39991,0.0],[112.80964,-8.39986,0.0],[112.8093,-8.40038,0.0]]],[[[112.81799,-8.39588,0.0],[112.81812,-8.3955,0.0],[112.81817,-8.39599,0.0],[112.81799,-8.39588,0.0]]],[[[112.82507,-8.37337,0.0],[112.82554,-8.3729,0.0],[112.82568,-8.37304,0.0],[112.82507,-8.37337,0.0]]],[[[112.82646,-8.37287,0.0],[112.82663,-8.37302,0.0],[112.82641,-8.37299,0.0],[112.82646,-8.37287,0.0]]],[[[112.84675,-8.27298,0.0],[112.86014,-8.27576,0.0],[112.86324,-8.27759,0.0],[112.86897,-8.27654,0.0],[112.86909,-8.28043,0.0],[112.8728,-8.28274,0.0],[112.87622,-8.28407,0.0],[112.88082,-8.2821,0.0],[112.88466,-8.28432,0.0],[112.88576,-8.28602,0.0],[112.88242,-8.29222,0.0],[112.88469,-8.29747,0.0],[112.8781,-8.30768,0.0],[112.88037,-8.31238,0.0],[112.87858,-8.32473,0.0],[112.88653,-8.33728,0.0],[112.89932,-8.34556,0.0],[112.92149,-8.3563,0.0],[112.92454,-8.36953,0.0],[112.92383,-8.37478,0.0],[112.93056,-8.38223,0.0],[112.93221,-8.38824,0.0],[112.93135,-8.38854,0.0],[112.9289,-8.38504,0.0],[112.92894,-8.38798,0.0],[112.92789,-8.38856,0.0],[112.92896,-8.39035,0.0],[112.92773,-8.39053,0.0],[112.92623,-8.38825,0.0],[112.92473,-8.38817,0.0],[112.92382,-8.38976,0.0],[112.92237,-8.38885,0.0],[112.92222,-8.39228,0.0],[112.91481,-8.3938,0.0],[112.9157,-8.39786,0.0],[112.91125,-8.39913,0.0],[112.91097,-8.39641,0.0],[112.91225,-8.39548,0.0],[112.91136,-8.39263,0.0],[112.90551,-8.39308,0.0],[112.90541,-8.38845,0.0],[112.90805,-8.38517,0.0],[112.90771,-8.38345,0.0],[112.90493,-8.38095,0.0],[112.89858,-8.38074,0.0],[112.89598,-8.38181,0.0],[112.8961,-8.38522,0.0],[112.89325,-8.38706,0.0],[112.8927,-8.38887,0.0],[112.89427,-8.39233,0.0],[112.89935,-8.39711,0.0],[112.89827,-8.40207,0.0],[112.89665,-8.40083,0.0],[112.8954,-8.40216,0.0],[112.88507,-8.40216,0.0],[112.88521,-8.40368,0.0],[112.88373,-8.40297,0.0],[112.8836,-8.40476,0.0],[112.8813,-8.40614,0.0],[112.87908,-8.40558,0.0],[112.87679,-8.40885,0.0],[112.87642,-8.40684,0.0],[112.87174,-8.40845,0.0],[112.8716,-8.40518,0.0],[112.86937,-8.40737,0.0],[112.86813,-8.40623,0.0],[112.86759,-8.40324,0.0],[112.8695,-8.40192,0.0],[112.86697,-8.40105,0.0],[112.86574,-8.39644,0.0],[112.86381,-8.39599,0.0],[112.86321,-8.39422,0.0],[112.85832,-8.40202,0.0],[112.85905,-8.3993,0.0],[112.85665,-8.4002,0.0],[112.85602,-8.40255,0.0],[112.85422,-8.39977,0.0],[112.85361,-8.40142,0.0],[112.85149,-8.40174,0.0],[112.85147,-8.40335,0.0],[112.84746,-8.40544,0.0],[112.84567,-8.40137,0.0],[112.84461,-8.40213,0.0],[112.8438,-8.40045,0.0],[112.84822,-8.39343,0.0],[112.85145,-8.39136,0.0],[112.85099,-8.3882,0.0],[112.84607,-8.38788,0.0],[112.8482,-8.37761,0.0],[112.84457,-8.37646,0.0],[112.84246,-8.37968,0.0],[112.84203,-8.38305,0.0],[112.83942,-8.38583,0.0],[112.8402,-8.38315,0.0],[112.83939,-8.38153,0.0],[112.83841,-8.38248,0.0],[112.83795,-8.38173,0.0],[112.83756,-8.37886,0.0],[112.83886,-8.37801,0.0],[112.83729,-8.37461,0.0],[112.83882,-8.3723,0.0],[112.83334,-8.3686,0.0],[112.82969,-8.36936,0.0],[112.82649,-8.37257,0.0],[112.82437,-8.37178,0.0],[112.82009,-8.37296,0.0],[112.8199,-8.37796,0.0],[112.82103,-8.37892,0.0],[112.81911,-8.37789,0.0],[112.81703,-8.37964,0.0],[112.81735,-8.38204,0.0],[112.81593,-8.38309,0.0],[112.81791,-8.38436,0.0],[112.81553,-8.38676,0.0],[112.819,-8.39008,0.0],[112.81915,-8.3919,0.0],[112.81534,-8.39866,0.0],[112.81226,-8.40041,0.0],[112.81262,-8.40138,0.0],[112.81103,-8.4014,0.0],[112.81086,-8.39967,0.0],[112.80928,-8.3987,0.0],[112.80941,-8.39649,0.0],[112.80851,-8.39809,0.0],[112.80538,-8.3571,0.0],[112.79985,-8.33483,0.0],[112.81068,-8.33172,0.0],[112.8117,-8.33299,0.0],[112.81137,-8.33671,0.0],[112.81383,-8.33834,0.0],[112.82101,-8.33325,0.0],[112.83517,-8.33218,0.0],[112.8403,-8.33316,0.0],[112.84239,-8.32819,0.0],[112.84004,-8.32538,0.0],[112.84228,-8.32198,0.0],[112.8425,-8.3152,0.0],[112.84205,-8.31124,0.0],[112.83932,-8.30921,0.0],[112.83584,-8.30885,0.0],[112.83456,-8.30633,0.0],[112.81881,-8.30635,0.0],[112.81307,-8.30525,0.0],[112.8141,-8.29406,0.0],[112.81128,-8.29255,0.0],[112.80874,-8.28593,0.0],[112.81076,-8.28168,0.0],[112.8101,-8.27913,0.0],[112.81187,-8.27873,0.0],[112.81326,-8.27597,0.0],[112.80929,-8.27053,0.0],[112.81021,-8.26812,0.0],[112.8092,-8.26547,0.0],[112.81061,-8.26488,0.0],[112.80621,-8.25938,0.0],[112.80812,-8.25343,0.0],[112.8066,-8.25141,0.0],[112.80573,-8.24488,0.0],[112.8068,-8.24431,0.0],[112.80516,-8.24214,0.0],[112.8036,-8.22839,0.0],[112.80186,-8.22888,0.0],[112.80002,-8.22766,0.0],[112.79936,-8.22871,0.0],[112.79342,-8.22626,0.0],[112.79203,-8.22719,0.0],[112.79151,-8.22544,0.0],[112.78905,-8.22549,0.0],[112.78868,-8.22418,0.0],[112.78686,-8.22625,0.0],[112.78641,-8.2247,0.0],[112.78419,-8.22461,0.0],[112.78588,-8.22296,0.0],[112.78599,-8.21996,0.0],[112.78731,-8.22142,0.0],[112.78928,-8.22085,0.0],[112.78923,-8.21795,0.0],[112.79041,-8.21895,0.0],[112.79013,-8.22077,0.0],[112.79221,-8.22065,0.0],[112.79322,-8.21329,0.0],[112.79976,-8.20584,0.0],[112.80072,-8.20196,0.0],[112.80236,-8.20121,0.0],[112.80039,-8.20061,0.0],[112.8015,-8.18702,0.0],[112.79553,-8.19069,0.0],[112.78875,-8.18497,0.0],[112.79294,-8.18139,0.0],[112.79357,-8.17795,0.0],[112.79262,-8.17629,0.0],[112.80049,-8.17297,0.0],[112.80064,-8.17184,0.0],[112.795,-8.17019,0.0],[112.79676,-8.16919,0.0],[112.80053,-8.16187,0.0],[112.81096,-8.15891,0.0],[112.81804,-8.15401,0.0],[112.81952,-8.1508,0.0],[112.82449,-8.15016,0.0],[112.82639,-8.14801,0.0],[112.82909,-8.14761,0.0],[112.82913,-8.14587,0.0],[112.83169,-8.14581,0.0],[112.83373,-8.14257,0.0],[112.83782,-8.1426,0.0],[112.84308,-8.13658,0.0],[112.8424,-8.13545,0.0],[112.84373,-8.13281,0.0],[112.84718,-8.13023,0.0],[112.84835,-8.13131,0.0],[112.85021,-8.12963,0.0],[112.85286,-8.12955,0.0],[112.85511,-8.13065,0.0],[112.85066,-8.13625,0.0],[112.85059,-8.14008,0.0],[112.8563,-8.13969,0.0],[112.86052,-8.137,0.0],[112.86304,-8.13877,0.0],[112.86095,-8.1439,0.0],[112.86184,-8.15374,0.0],[112.85986,-8.15525,0.0],[112.85715,-8.16507,0.0],[112.8589,-8.17365,0.0],[112.85706,-8.17823,0.0],[112.85788,-8.17889,0.0],[112.85036,-8.18249,0.0],[112.85232,-8.18256,0.0],[112.84944,-8.18984,0.0],[112.85032,-8.19117,0.0],[112.84649,-8.19792,0.0],[112.84729,-8.20126,0.0],[112.8451,-8.20264,0.0],[112.84716,-8.20581,0.0],[112.83812,-8.22127,0.0],[112.83981,-8.22429,0.0],[112.84924,-8.22183,0.0],[112.85115,-8.22264,0.0],[112.85071,-8.23281,0.0],[112.84682,-8.23582,0.0],[112.84803,-8.24069,0.0],[112.85097,-8.2437,0.0],[112.84988,-8.24893,0.0],[112.84789,-8.25105,0.0],[112.84863,-8.25816,0.0],[112.84678,-8.26297,0.0],[112.84675,-8.27298,0.0]]],[[[112.8484,-8.40757,0.0],[112.84768,-8.40691,0.0],[112.84796,-8.40626,0.0],[112.8484,-8.4067,0.0],[112.8484,-8.40757,0.0]]],[[[112.92613,-8.38911,0.0],[112.92692,-8.38987,0.0],[112.92675,-8.39061,0.0],[112.92621,-8.39047,0.0],[112.92613,-8.38911,0.0]]],[[[112.83599,-8.38384,0.0],[112.83641,-8.38301,0.0],[112.83616,-8.38412,0.0],[112.83599,-8.38384,0.0]]],[[[112.83842,-8.38296,0.0],[112.83844,-8.38338,0.0],[112.8383,-8.38345,0.0],[112.83842,-8.38296,0.0]]],[[[112.83655,-8.3826,0.0],[112.83662,-8.38289,0.0],[112.83644,-8.38266,0.0],[112.83655,-8.3826,0.0]]],[[[112.83708,-8.38243,0.0],[112.83738,-8.38235,0.0],[112.83742,-8.38272,0.0],[112.83708,-8.38243,0.0]]],[[[112.83773,-8.38219,0.0],[112.8379,-8.38211,0.0],[112.83781,-8.38258,0.0],[112.83773,-8.38219,0.0]]],[[[112.83709,-8.37505,0.0],[112.83682,-8.3744,0.0],[112.83695,-8.37441,0.0],[112.83709,-8.37505,0.0]]]]}},{"type":"Feature","properties":{"kecamatan":"Pagelaran","kab_kota":"Malang"},"geometry":{"type":"Polygon","coordinates":[[[112.6407,-8.23164,0.0],[112.63911,-8.23781,0.0],[112.63598,-8.23741,0.0],[112.63633,-8.24005,0.0],[112.63375,-8.23861,0.0],[112.63229,-8.24016,0.0],[112.63126,-8.23887,0.0],[112.62988,-8.23979,0.0],[112.628,-8.23885,0.0],[112.62622,-8.24052,0.0],[112.61697,-8.23688,0.0],[112.61383,-8.23388,0.0],[112.61078,-8.23407,0.0],[112.60963,-8.23177,0.0],[112.6054,-8.23073,0.0],[112.60476,-8.22811,0.0],[112.60186,-8.22697,0.0],[112.60036,-8.22209,0.0],[112.59742,-8.22194,0.0],[112.59634,-8.21936,0.0],[112.58868,-8.21615,0.0],[112.58708,-8.21417,0.0],[112.58345,-8.2138,0.0],[112.57995,-8.21016,0.0],[112.57743,-8.21076,0.0],[112.5725,-8.20316,0.0],[112.56323,-8.19967,0.0],[112.56073,-8.19464,0.0],[112.5568,-8.19373,0.0],[112.55773,-8.19083,0.0],[112.55441,-8.18755,0.0],[112.55395,-8.18396,0.0],[112.55125,-8.18503,0.0],[112.55214,-8.1828,0.0],[112.55393,-8.18051,0.0],[112.55716,-8.18149,0.0],[112.55869,-8.17894,0.0],[112.56085,-8.17929,0.0],[112.562,-8.17561,0.0],[112.56531,-8.17478,0.0],[112.56945,-8.17643,0.0],[112.57139,-8.17392,0.0],[112.58185,-8.17058,0.0],[112.58504,-8.15987,0.0],[112.58798,-8.1606,0.0],[112.58913,-8.15431,0.0],[112.59412,-8.15584,0.0],[112.60188,-8.16142,0.0],[112.61223,-8.16625,0.0],[112.61078,-8.17147,0.0],[112.61349,-8.17496,0.0],[112.6118,-8.17621,0.0],[112.62536,-8.18045,0.0],[112.62497,-8.18135,0.0],[112.62869,-8.18287,0.0],[112.6332,-8.18286,0.0],[112.63324,-8.18428,0.0],[112.63679,-8.18697,0.0],[112.63164,-8.19216,0.0],[112.62559,-8.19445,0.0],[112.62669,-8.19557,0.0],[112.62596,-8.19657,0.0],[112.64261,-8.20478,0.0],[112.64387,-8.20272,0.0],[112.65003,-8.20359,0.0],[112.64914,-8.20548,0.0],[112.65032,-8.20624,0.0],[112.64836,-8.20644,0.0],[112.64454,-8.21393,0.0],[112.64789,-8.21686,0.0],[112.6407,-8.23164,0.0]]]}},{"type":"Feature","properties":{"kecamatan":"Ampelgading","kab_kota":"Malang"},"geometry":{"type":"MultiPolygon","coordinates":[[[[112.8856,-8.28586,0.0],[112.88082,-8.2821,0.0],[112.87622,-8.28407,0.0],[112.87258,-8.28263,0.0],[112.86909,-8.28043,0.0],[112.86897,-8.27654,0.0],[112.86324,-8.27759,0.0],[112.86014,-8.27576,0.0],[112.84677,-8.27316,0.0],[112.84678,-8.26297,0.0],[112.84863,-8.25816,0.0],[112.84789,-8.25105,0.0],[112.84988,-8.24893,0.0],[112.85097,-8.2437,0.0],[112.84803,-8.24069,0.0],[112.84682,-8.23582,0.0],[112.85071,-8.23281,0.0],[112.85115,-8.22264,0.0],[112.84924,-8.22183,0.0],[112.83981,-8.22429,0.0],[112.83812,-8.22127,0.0],[112.84716,-8.20581,0.0],[112.8451,-8.20264,0.0],[112.84729,-8.20126,0.0],[112.84649,-8.19792,0.0],[112.85032,-8.19117,0.0],[112.84944,-8.18984,0.0],[112.85232,-8.18256,0.0],[112.85036,-8.18249,0.0],[112.85788,-8.17889,0.0],[112.85706,-8.17823,0.0],[112.8589,-8.17365,0.0],[112.85715,-8.16507,0.0],[112.85986,-8.15525,0.0],[112.86184,-8.15374,0.0],[112.86095,-8.1439,0.0],[112.86305,-8.13903,0.0],[112.86052,-8.137,0.0],[112.85807,-8.13901,0.0],[112.85128,-8.1406,0.0],[112.8506,-8.13638,0.0],[112.85503,-8.13042,0.0],[112.85037,-8.1296,0.0],[112.84835,-8.13131,0.0],[112.84718,-8.13023,0.0],[112.85045,-8.12401,0.0],[112.85565,-8.11838,0.0],[112.85672,-8.11327,0.0],[112.86413,-8.11082,0.0],[112.86608,-8.1078,0.0],[112.87003,-8.11084,0.0],[112.87421,-8.11191,0.0],[112.88775,-8.10889,0.0],[112.91242,-8.10941,0.0],[112.92348,-8.108,0.0],[112.92381,-8.10968,0.0],[112.92594,-8.11044,0.0],[112.92662,-8.11477,0.0],[112.92482,-8.11542,0.0],[112.9204,-8.12173,0.0],[112.92018,-8.13969,0.0],[112.91515,-8.15124,0.0],[112.91578,-8.15846,0.0],[112.9117,-8.16345,0.0],[112.91144,-8.16532,0.0],[112.91299,-8.16634,0.0],[112.90879,-8.179,0.0],[112.90904,-8.18292,0.0],[112.9059,-8.18661,0.0],[112.9062,-8.18901,0.0],[112.90421,-8.19221,0.0],[112.90703,-8.19672,0.0],[112.90578,-8.19802,0.0],[112.90605,-8.2001,0.0],[112.90908,-8.20096,0.0],[112.90987,-8.20493,0.0],[112.91279,-8.20838,0.0],[112.91207,-8.21085,0.0],[112.91393,-8.21393,0.0],[112.91266,-8.21969,0.0],[112.91671,-8.22215,0.0],[112.91547,-8.22709,0.0],[112.91717,-8.23257,0.0],[112.9227,-8.23971,0.0],[112.92127,-8.24233,0.0],[112.92227,-8.24544,0.0],[112.92016,-8.24534,0.0],[112.92013,-8.2501,0.0],[112.91778,-8.25438,0.0],[112.9174,-8.26017,0.0],[112.91389,-8.26243,0.0],[112.91262,-8.26476,0.0],[112.91188,-8.27051,0.0],[112.91455,-8.27765,0.0],[112.91375,-8.28158,0.0],[112.92204,-8.29222,0.0],[112.92358,-8.29987,0.0],[112.92637,-8.30409,0.0],[112.92957,-8.30744,0.0],[112.93742,-8.31051,0.0],[112.94096,-8.31516,0.0],[112.9407,-8.31861,0.0],[112.93635,-8.32331,0.0],[112.93797,-8.33027,0.0],[112.93751,-8.33491,0.0],[112.93858,-8.33818,0.0],[112.94715,-8.34275,0.0],[112.94799,-8.34504,0.0],[112.94585,-8.35035,0.0],[112.94643,-8.35392,0.0],[112.9491,-8.35587,0.0],[112.94663,-8.36019,0.0],[112.94698,-8.36374,0.0],[112.94759,-8.36327,0.0],[112.94802,-8.36355,0.0],[112.94551,-8.36402,0.0],[112.94495,-8.37023,0.0],[112.93966,-8.3722,0.0],[112.94014,-8.37397,0.0],[112.94329,-8.37443,0.0],[112.93922,-8.37569,0.0],[112.9392,-8.37946,0.0],[112.93796,-8.37971,0.0],[112.93777,-8.38165,0.0],[112.93601,-8.38209,0.0],[112.93553,-8.38059,0.0],[112.93488,-8.38303,0.0],[112.93296,-8.38033,0.0],[112.93056,-8.38223,0.0],[112.92641,-8.37881,0.0],[112.92383,-8.37478,0.0],[112.92454,-8.36953,0.0],[112.92149,-8.3563,0.0],[112.89932,-8.34556,0.0],[112.88653,-8.33728,0.0],[112.87858,-8.32473,0.0],[112.88037,-8.31238,0.0],[112.87829,-8.30659,0.0],[112.88469,-8.29747,0.0],[112.88242,-8.29222,0.0],[112.8856,-8.28586,0.0]]],[[[112.93299,-8.38364,0.0],[112.93171,-8.38317,0.0],[112.93182,-8.38257,0.0],[112.93271,-8.38218,0.0],[112.93299,-8.38364,0.0]]],[[[112.9464,-8.36714,0.0],[112.9464,-8.36575,0.0],[112.9469,-8.36631,0.0],[112.9464,-8.36714,0.0]]],[[[112.94729,-8.3657,0.0],[112.94772,-8.36581,0.0],[112.9477,-8.36594,0.0],[112.94729,-8.3657,0.0]]],[[[112.9478,-8.36282,0.0],[112.94812,-8.36276,0.0],[112.94791,-8.36301,0.0],[112.9478,-8.36282,0.0]]],[[[112.9498,-8.36081,0.0],[112.94996,-8.36079,0.0],[112.94993,-8.36087,0.0],[112.9498,-8.36081,0.0]]]]}},{"type":"Feature","properties":{"kecamatan":"Poncokusumo","kab_kota":"Malang"},"geometry":{"type":"Polygon","coordinates":[[[112.77254,-8.11173,0.0],[112.7691,-8.11082,0.0],[112.76869,-8.10916,0.0],[112.7661,-8.10842,0.0],[112.76549,-8.10701,0.0],[112.76334,-8.10785,0.0],[112.76449,-8.10624,0.0],[112.76234,-8.10559,0.0],[112.7622,-8.10442,0.0],[112.75929,-8.10481,0.0],[112.76084,-8.10074,0.0],[112.75904,-8.09524,0.0],[112.75663,-8.09452,0.0],[112.75686,-8.09354,0.0],[112.75432,-8.09385,0.0],[112.75374,-8.09274,0.0],[112.74333,-8.09047,0.0],[112.74228,-8.08924,0.0],[112.74307,-8.08739,0.0],[112.74055,-8.08586,0.0],[112.74229,-8.0818,0.0],[112.73812,-8.0802,0.0],[112.73783,-8.08113,0.0],[112.73425,-8.08073,0.0],[112.73114,-8.07175,0.0],[112.72582,-8.06648,0.0],[112.7253,-8.06333,0.0],[112.7223,-8.06078,0.0],[112.72232,-8.05347,0.0],[112.7021,-8.03834,0.0],[112.70276,-8.03667,0.0],[112.70553,-8.03592,0.0],[112.7053,-8.03485,0.0],[112.70768,-8.03373,0.0],[112.70685,-8.03294,0.0],[112.70948,-8.03095,0.0],[112.72185,-8.0312,0.0],[112.72049,-8.02893,0.0],[112.72095,-8.02581,0.0],[112.72468,-8.02589,0.0],[112.7266,-8.02238,0.0],[112.73199,-8.02565,0.0],[112.73528,-8.02618,0.0],[112.73919,-8.02953,0.0],[112.74156,-8.02728,0.0],[112.74427,-8.0279,0.0],[112.74898,-8.03119,0.0],[112.75008,-8.03338,0.0],[112.75342,-8.03302,0.0],[112.75495,-8.0342,0.0],[112.75445,-8.0314,0.0],[112.75556,-8.03158,0.0],[112.75637,-8.02845,0.0],[112.75244,-8.02718,0.0],[112.75696,-8.02037,0.0],[112.75893,-8.02316,0.0],[112.76535,-8.02544,0.0],[112.76764,-8.02392,0.0],[112.77378,-8.02734,0.0],[112.77504,-8.02675,0.0],[112.77436,-8.02539,0.0],[112.77808,-8.02588,0.0],[112.7795,-8.02643,0.0],[112.77971,-8.02822,0.0],[112.78536,-8.02926,0.0],[112.78525,-8.03071,0.0],[112.78907,-8.02761,0.0],[112.79086,-8.02943,0.0],[112.79656,-8.02771,0.0],[112.79784,-8.02607,0.0],[112.80145,-8.02793,0.0],[112.80752,-8.02601,0.0],[112.82021,-8.02603,0.0],[112.82887,-8.02324,0.0],[112.83268,-8.02095,0.0],[112.83324,-8.01891,0.0],[112.84188,-8.01559,0.0],[112.84027,-8.01241,0.0],[112.84082,-8.00692,0.0],[112.83956,-8.00531,0.0],[112.83784,-8.00537,0.0],[112.83774,-8.00265,0.0],[112.83531,-8.00185,0.0],[112.83573,-8.00073,0.0],[112.8381,-8.00061,0.0],[112.83929,-7.9992,0.0],[112.84622,-7.98487,0.0],[112.84817,-7.98285,0.0],[112.84936,-7.9834,0.0],[112.85225,-7.97927,0.0],[112.85526,-7.9789,0.0],[112.85806,-7.97268,0.0],[112.85986,-7.97277,0.0],[112.86107,-7.96757,0.0],[112.86582,-7.96262,0.0],[112.87188,-7.94825,0.0],[112.87414,-7.94554,0.0],[112.88112,-7.94734,0.0],[112.88498,-7.95235,0.0],[112.89736,-7.94678,0.0],[112.90392,-7.94698,0.0],[112.90395,-7.94941,0.0],[112.90646,-7.95271,0.0],[112.91083,-7.95414,0.0],[112.91285,-7.95673,0.0],[112.91539,-7.95135,0.0],[112.92136,-7.95489,0.0],[112.93521,-7.95601,0.0],[112.92706,-7.9605,0.0],[112.92614,-7.96648,0.0],[112.93465,-7.97318,0.0],[112.94512,-7.97514,0.0],[112.94566,-7.97974,0.0],[112.94073,-7.98194,0.0],[112.94237,-7.98701,0.0],[112.93889,-7.99451,0.0],[112.93864,-7.99915,0.0],[112.9366,-7.99863,0.0],[112.93276,-8.00066,0.0],[112.93028,-7.99869,0.0],[112.92513,-8.00055,0.0],[112.93101,-8.00568,0.0],[112.93069,-8.01226,0.0],[112.93341,-8.01253,0.0],[112.93375,-8.01384,0.0],[112.92771,-8.01872,0.0],[112.92256,-8.032,0.0],[112.91562,-8.03234,0.0],[112.91357,-8.03661,0.0],[112.91055,-8.03863,0.0],[112.91016,-8.04086,0.0],[112.90818,-8.04232,0.0],[112.90908,-8.05172,0.0],[112.90279,-8.0565,0.0],[112.90013,-8.06186,0.0],[112.90164,-8.07306,0.0],[112.90313,-8.07422,0.0],[112.90539,-8.08089,0.0],[112.90908,-8.08228,0.0],[112.91342,-8.08073,0.0],[112.91625,-8.08698,0.0],[112.92034,-8.08786,0.0],[112.92195,-8.10787,0.0],[112.91316,-8.10939,0.0],[112.88775,-8.10889,0.0],[112.87255,-8.11177,0.0],[112.86608,-8.1078,0.0],[112.85185,-8.10337,0.0],[112.83774,-8.09659,0.0],[112.83348,-8.09615,0.0],[112.82078,-8.0983,0.0],[112.81658,-8.10246,0.0],[112.81354,-8.10403,0.0],[112.81191,-8.10345,0.0],[112.80977,-8.10643,0.0],[112.80561,-8.10835,0.0],[112.80023,-8.10875,0.0],[112.79975,-8.11092,0.0],[112.79738,-8.11069,0.0],[112.79478,-8.11303,0.0],[112.79267,-8.11295,0.0],[112.79043,-8.11421,0.0],[112.79088,-8.1154,0.0],[112.78919,-8.11495,0.0],[112.78797,-8.11658,0.0],[112.78521,-8.11603,0.0],[112.7842,-8.11819,0.0],[112.77125,-8.11934,0.0],[112.7696,-8.11425,0.0],[112.77254,-8.11173,0.0]]]}},{"type":"Feature","properties":{"kecamatan":"Sumbermanjing Wetan","kab_kota":"Malang"},"geometry":{"type":"MultiPolygon","coordinates":[[[[112.67267,-8.4596,0.0],[112.67277,-8.4594,0.0],[112.67281,-8.45954,0.0],[112.67267,-8.4596,0.0]]],[[[112.65552,-8.45176,0.0],[112.65537,-8.45232,0.0],[112.65504,-8.45239,0.0],[112.65552,-8.45176,0.0]]],[[[112.64957,-8.45162,0.0],[112.6495,-8.45154,0.0],[112.64955,-8.45153,0.0],[112.64957,-8.45162,0.0]]],[[[112.64191,-8.45095,0.0],[112.64166,-8.45117,0.0],[112.64166,-8.45096,0.0],[112.64191,-8.45095,0.0]]],[[[112.65211,-8.45117,0.0],[112.65266,-8.44987,0.0],[112.65239,-8.45196,0.0],[112.65211,-8.45117,0.0]]],[[[112.67268,-8.44957,0.0],[112.67235,-8.44951,0.0],[112.67258,-8.44937,0.0],[112.67268,-8.44957,0.0]]],[[[112.64928,-8.44957,0.0],[112.64979,-8.44961,0.0],[112.6494,-8.4497,0.0],[112.64928,-8.44957,0.0]]],[[[112.65375,-8.44895,0.0],[112.65446,-8.44808,0.0],[112.65467,-8.44888,0.0],[112.65375,-8.44895,0.0]]],[[[112.63709,-8.44818,0.0],[112.63726,-8.44851,0.0],[112.63701,-8.44852,0.0],[112.63709,-8.44818,0.0]]],[[[112.63731,-8.44775,0.0],[112.63718,-8.44764,0.0],[112.63728,-8.44748,0.0],[112.63731,-8.44775,0.0]]],[[[112.65614,-8.44693,0.0],[112.65601,-8.44699,0.0],[112.65604,-8.44689,0.0],[112.65614,-8.44693,0.0]]],[[[112.65919,-8.44695,0.0],[112.65967,-8.44675,0.0],[112.65936,-8.44729,0.0],[112.65919,-8.44695,0.0]]],[[[112.64678,-8.44596,0.0],[112.64668,-8.44643,0.0],[112.64658,-8.44599,0.0],[112.64678,-8.44596,0.0]]],[[[112.67085,-8.44608,0.0],[112.67035,-8.44558,0.0],[112.67067,-8.4454,0.0],[112.67085,-8.44608,0.0]]],[[[112.64761,-8.44535,0.0],[112.64775,-8.44565,0.0],[112.64747,-8.44543,0.0],[112.64761,-8.44535,0.0]]],[[[112.66811,-8.4458,0.0],[112.66868,-8.44471,0.0],[112.66912,-8.4447,0.0],[112.66936,-8.4455,0.0],[112.66811,-8.4458,0.0]]],[[[112.66411,-8.44472,0.0],[112.66477,-8.44516,0.0],[112.66462,-8.44551,0.0],[112.66411,-8.44472,0.0]]],[[[112.64498,-8.44431,0.0],[112.64482,-8.44434,0.0],[112.64496,-8.44421,0.0],[112.64498,-8.44431,0.0]]],[[[112.64166,-8.44387,0.0],[112.64151,-8.44269,0.0],[112.64232,-8.44234,0.0],[112.64166,-8.44387,0.0]]],[[[112.66707,-8.44277,0.0],[112.66712,-8.4426,0.0],[112.66722,-8.44276,0.0],[112.66707,-8.44277,0.0]]],[[[112.66842,-8.44245,0.0],[112.6681,-8.44263,0.0],[112.66817,-8.44234,0.0],[112.66842,-8.44245,0.0]]],[[[112.64063,-8.44085,0.0],[112.64097,-8.44022,0.0],[112.64116,-8.44077,0.0],[112.64063,-8.44085,0.0]]],[[[112.66975,-8.30576,0.0],[112.66325,-8.30058,0.0],[112.66415,-8.2982,0.0],[112.66926,-8.30008,0.0],[112.67086,-8.29437,0.0],[112.66206,-8.29664,0.0],[112.65624,-8.29447,0.0],[112.65769,-8.28567,0.0],[112.66261,-8.27513,0.0],[112.66388,-8.26952,0.0],[112.66612,-8.26764,0.0],[112.65198,-8.2652,0.0],[112.65013,-8.25826,0.0],[112.64773,-8.25644,0.0],[112.6478,-8.25405,0.0],[112.65053,-8.2502,0.0],[112.64928,-8.2423,0.0],[112.64681,-8.2424,0.0],[112.64013,-8.23767,0.0],[112.6421,-8.23694,0.0],[112.64269,-8.23475,0.0],[112.64487,-8.23443,0.0],[112.64435,-8.23204,0.0],[112.65041,-8.2329,0.0],[112.65086,-8.23608,0.0],[112.65551,-8.23418,0.0],[112.65776,-8.23609,0.0],[112.66313,-8.23478,0.0],[112.66484,-8.23312,0.0],[112.66654,-8.23365,0.0],[112.66586,-8.23624,0.0],[112.66729,-8.2368,0.0],[112.67242,-8.23363,0.0],[112.67657,-8.23563,0.0],[112.67673,-8.23396,0.0],[112.67509,-8.23357,0.0],[112.67693,-8.23168,0.0],[112.67937,-8.2342,0.0],[112.68091,-8.23408,0.0],[112.6851,-8.2311,0.0],[112.68473,-8.22962,0.0],[112.68625,-8.22798,0.0],[112.68831,-8.23029,0.0],[112.69218,-8.22678,0.0],[112.70277,-8.22617,0.0],[112.70365,-8.22831,0.0],[112.70875,-8.22892,0.0],[112.7122,-8.23093,0.0],[112.71143,-8.2329,0.0],[112.71439,-8.23376,0.0],[112.71748,-8.2404,0.0],[112.72197,-8.24118,0.0],[112.72436,-8.23853,0.0],[112.72558,-8.23908,0.0],[112.72436,-8.24318,0.0],[112.73427,-8.24776,0.0],[112.73942,-8.24846,0.0],[112.74189,-8.24737,0.0],[112.74274,-8.24846,0.0],[112.74291,-8.24625,0.0],[112.74616,-8.24293,0.0],[112.74909,-8.24671,0.0],[112.74825,-8.25179,0.0],[112.74925,-8.25577,0.0],[112.7574,-8.26164,0.0],[112.76802,-8.26369,0.0],[112.76886,-8.26975,0.0],[112.76945,-8.27614,0.0],[112.76757,-8.27966,0.0],[112.76056,-8.27901,0.0],[112.75925,-8.2946,0.0],[112.75998,-8.30059,0.0],[112.75729,-8.31159,0.0],[112.75548,-8.31414,0.0],[112.75778,-8.31623,0.0],[112.75667,-8.32586,0.0],[112.75947,-8.32739,0.0],[112.7639,-8.32651,0.0],[112.7744,-8.32915,0.0],[112.77945,-8.32861,0.0],[112.77972,-8.3379,0.0],[112.79071,-8.33648,0.0],[112.797,-8.3376,0.0],[112.79985,-8.33483,0.0],[112.80538,-8.3571,0.0],[112.80851,-8.39809,0.0],[112.80764,-8.39617,0.0],[112.80462,-8.39686,0.0],[112.80415,-8.39534,0.0],[112.80349,-8.39927,0.0],[112.80201,-8.39711,0.0],[112.80017,-8.39799,0.0],[112.80158,-8.40235,0.0],[112.79911,-8.4048,0.0],[112.79299,-8.4024,0.0],[112.79256,-8.40318,0.0],[112.79226,-8.40071,0.0],[112.78889,-8.39934,0.0],[112.78815,-8.3976,0.0],[112.78672,-8.397,0.0],[112.78588,-8.3983,0.0],[112.78528,-8.39687,0.0],[112.78317,-8.39729,0.0],[112.78539,-8.39134,0.0],[112.78338,-8.38684,0.0],[112.77706,-8.38559,0.0],[112.77025,-8.38693,0.0],[112.76981,-8.38862,0.0],[112.76829,-8.389,0.0],[112.76821,-8.39189,0.0],[112.76655,-8.39201,0.0],[112.76618,-8.39323,0.0],[112.76587,-8.39845,0.0],[112.76805,-8.40189,0.0],[112.76744,-8.40612,0.0],[112.76641,-8.40564,0.0],[112.76559,-8.40735,0.0],[112.76648,-8.4112,0.0],[112.76447,-8.41216,0.0],[112.76539,-8.40894,0.0],[112.76434,-8.40772,0.0],[112.7623,-8.40813,0.0],[112.75978,-8.41129,0.0],[112.75452,-8.41112,0.0],[112.75388,-8.41359,0.0],[112.7572,-8.41856,0.0],[112.75705,-8.42069,0.0],[112.7555,-8.42154,0.0],[112.75345,-8.4205,0.0],[112.7502,-8.41455,0.0],[112.74448,-8.41758,0.0],[112.74268,-8.4248,0.0],[112.74078,-8.41998,0.0],[112.74118,-8.4166,0.0],[112.73943,-8.41582,0.0],[112.73233,-8.41768,0.0],[112.73015,-8.41969,0.0],[112.7263,-8.41652,0.0],[112.72058,-8.41966,0.0],[112.71546,-8.42057,0.0],[112.71537,-8.41827,0.0],[112.7087,-8.41753,0.0],[112.70361,-8.42082,0.0],[112.70048,-8.42591,0.0],[112.69798,-8.42685,0.0],[112.69302,-8.42589,0.0],[112.6914,-8.42784,0.0],[112.69132,-8.42643,0.0],[112.69078,-8.42635,0.0],[112.69072,-8.42827,0.0],[112.68406,-8.43212,0.0],[112.6845,-8.43383,0.0],[112.67967,-8.43655,0.0],[112.67562,-8.44219,0.0],[112.67139,-8.44413,0.0],[112.67158,-8.44511,0.0],[112.66769,-8.44074,0.0],[112.66557,-8.44272,0.0],[112.66611,-8.44388,0.0],[112.66301,-8.44321,0.0],[112.66141,-8.44598,0.0],[112.65891,-8.44508,0.0],[112.65215,-8.44723,0.0],[112.65163,-8.44855,0.0],[112.64924,-8.44645,0.0],[112.64843,-8.44728,0.0],[112.64864,-8.44521,0.0],[112.64294,-8.44241,0.0],[112.64183,-8.43966,0.0],[112.64536,-8.43674,0.0],[112.64303,-8.43445,0.0],[112.64796,-8.42755,0.0],[112.64696,-8.42555,0.0],[112.64491,-8.42582,0.0],[112.64553,-8.42398,0.0],[112.6476,-8.42359,0.0],[112.64523,-8.4219,0.0],[112.64981,-8.42002,0.0],[112.64849,-8.41725,0.0],[112.64841,-8.41044,0.0],[112.65186,-8.40892,0.0],[112.65075,-8.40603,0.0],[112.65852,-8.40086,0.0],[112.65716,-8.39933,0.0],[112.65849,-8.39789,0.0],[112.65682,-8.39857,0.0],[112.65537,-8.39704,0.0],[112.65689,-8.39591,0.0],[112.65693,-8.39426,0.0],[112.65558,-8.39376,0.0],[112.65829,-8.39302,0.0],[112.65685,-8.39215,0.0],[112.65825,-8.38975,0.0],[112.65638,-8.3882,0.0],[112.6584,-8.38787,0.0],[112.65744,-8.38457,0.0],[112.65958,-8.38135,0.0],[112.65746,-8.3793,0.0],[112.66005,-8.37659,0.0],[112.66153,-8.37244,0.0],[112.66464,-8.37098,0.0],[112.66826,-8.36663,0.0],[112.66636,-8.36366,0.0],[112.66842,-8.36266,0.0],[112.66822,-8.35849,0.0],[112.6652,-8.35456,0.0],[112.66661,-8.35067,0.0],[112.66615,-8.34158,0.0],[112.667,-8.34071,0.0],[112.66661,-8.33821,0.0],[112.66502,-8.3369,0.0],[112.66603,-8.33229,0.0],[112.66481,-8.32674,0.0],[112.66752,-8.32322,0.0],[112.66741,-8.32085,0.0],[112.66242,-8.31904,0.0],[112.66194,-8.31715,0.0],[112.66504,-8.31143,0.0],[112.66678,-8.31161,0.0],[112.66817,-8.30949,0.0],[112.66644,-8.30773,0.0],[112.66865,-8.30744,0.0],[112.66835,-8.30602,0.0],[112.66975,-8.30576,0.0]]],[[[112.69183,-8.46062,0.0],[112.69157,-8.46097,0.0],[112.69173,-8.46058,0.0],[112.69183,-8.46062,0.0]]],[[[112.69593,-8.45996,0.0],[112.69681,-8.46079,0.0],[112.69646,-8.46146,0.0],[112.69593,-8.45996,0.0]]],[[[112.69184,-8.46034,0.0],[112.69147,-8.46026,0.0],[112.69162,-8.46004,0.0],[112.69184,-8.46034,0.0]]],[[[112.69499,-8.45879,0.0],[112.69504,-8.45933,0.0],[112.69467,-8.45882,0.0],[112.69499,-8.45879,0.0]]],[[[112.69279,-8.45847,0.0],[112.69254,-8.45923,0.0],[112.69263,-8.4583,0.0],[112.69279,-8.45847,0.0]]],[[[112.67726,-8.4586,0.0],[112.67686,-8.45846,0.0],[112.67728,-8.4583,0.0],[112.67726,-8.4586,0.0]]],[[[112.67735,-8.458,0.0],[112.67789,-8.45801,0.0],[112.67736,-8.45816,0.0],[112.67735,-8.458,0.0]]],[[[112.68117,-8.45669,0.0],[112.6812,-8.45729,0.0],[112.6807,-8.45745,0.0],[112.68117,-8.45669,0.0]]],[[[112.67942,-8.45666,0.0],[112.67986,-8.45625,0.0],[112.6799,-8.45682,0.0],[112.67942,-8.45666,0.0]]],[[[112.6791,-8.45527,0.0],[112.67914,-8.45576,0.0],[112.67891,-8.45553,0.0],[112.6791,-8.45527,0.0]]],[[[112.68197,-8.45564,0.0],[112.68182,-8.45528,0.0],[112.68201,-8.45524,0.0],[112.68197,-8.45564,0.0]]],[[[112.67639,-8.45507,0.0],[112.67639,-8.45478,0.0],[112.67652,-8.45485,0.0],[112.67639,-8.45507,0.0]]],[[[112.67868,-8.45497,0.0],[112.67837,-8.45481,0.0],[112.67857,-8.4547,0.0],[112.67868,-8.45497,0.0]]],[[[112.67667,-8.45473,0.0],[112.67789,-8.4529,0.0],[112.67672,-8.45491,0.0],[112.67667,-8.45473,0.0]]],[[[112.6785,-8.4538,0.0],[112.67875,-8.45371,0.0],[112.67873,-8.45386,0.0],[112.6785,-8.4538,0.0]]],[[[112.67776,-8.45124,0.0],[112.67746,-8.45225,0.0],[112.67678,-8.45225,0.0],[112.67701,-8.45177,0.0],[112.67776,-8.45124,0.0]]],[[[112.67902,-8.45121,0.0],[112.67869,-8.45172,0.0],[112.67855,-8.45134,0.0],[112.67902,-8.45121,0.0]]],[[[112.67777,-8.44669,0.0],[112.67759,-8.44708,0.0],[112.67733,-8.44693,0.0],[112.67777,-8.44669,0.0]]],[[[112.70229,-8.42984,0.0],[112.71243,-8.43425,0.0],[112.7115,-8.44059,0.0],[112.71232,-8.45854,0.0],[112.70915,-8.45861,0.0],[112.71006,-8.45939,0.0],[112.70734,-8.46038,0.0],[112.70847,-8.46137,0.0],[112.70714,-8.46355,0.0],[112.70474,-8.46219,0.0],[112.70372,-8.46385,0.0],[112.70048,-8.46077,0.0],[112.69752,-8.46128,0.0],[112.69542,-8.45798,0.0],[112.69154,-8.45794,0.0],[112.69204,-8.4562,0.0],[112.68845,-8.45802,0.0],[112.6895,-8.45291,0.0],[112.68877,-8.451,0.0],[112.68652,-8.45257,0.0],[112.68355,-8.45177,0.0],[112.68223,-8.45455,0.0],[112.68106,-8.45437,0.0],[112.6822,-8.45271,0.0],[112.68046,-8.4521,0.0],[112.6802,-8.45598,0.0],[112.67812,-8.44517,0.0],[112.68146,-8.43984,0.0],[112.68329,-8.4409,0.0],[112.6844,-8.43989,0.0],[112.68308,-8.43861,0.0],[112.68651,-8.43576,0.0],[112.69143,-8.43501,0.0],[112.69039,-8.43292,0.0],[112.69198,-8.43293,0.0],[112.69235,-8.43086,0.0],[112.69662,-8.42941,0.0],[112.70229,-8.42984,0.0]]],[[[112.70574,-8.46356,0.0],[112.70561,-8.46394,0.0],[112.70544,-8.46389,0.0],[112.70574,-8.46356,0.0]]],[[[112.70454,-8.46338,0.0],[112.7048,-8.46353,0.0],[112.7046,-8.46379,0.0],[112.70454,-8.46338,0.0]]],[[[112.70137,-8.46235,0.0],[112.70032,-8.46259,0.0],[112.70087,-8.46204,0.0],[112.70137,-8.46235,0.0]]],[[[112.69934,-8.46132,0.0],[112.69869,-8.46282,0.0],[112.69841,-8.46304,0.0],[112.69789,-8.46254,0.0],[112.69868,-8.46116,0.0],[112.69934,-8.46132,0.0]]],[[[112.73533,-8.43259,0.0],[112.73412,-8.43526,0.0],[112.73362,-8.43384,0.0],[112.73533,-8.43259,0.0]]],[[[112.73395,-8.42664,0.0],[112.73388,-8.42711,0.0],[112.73372,-8.4268,0.0],[112.73395,-8.42664,0.0]]],[[[112.75482,-8.42427,0.0],[112.75385,-8.42344,0.0],[112.7548,-8.42232,0.0],[112.75482,-8.42427,0.0]]],[[[112.73896,-8.41777,0.0],[112.73915,-8.41831,0.0],[112.73872,-8.41793,0.0],[112.73896,-8.41777,0.0]]],[[[112.74613,-8.4174,0.0],[112.74613,-8.41797,0.0],[112.74596,-8.41784,0.0],[112.74613,-8.4174,0.0]]],[[[112.75092,-8.4172,0.0],[112.75058,-8.41721,0.0],[112.75057,-8.41715,0.0],[112.75092,-8.4172,0.0]]],[[[112.74898,-8.41593,0.0],[112.74862,-8.4159,0.0],[112.74892,-8.41584,0.0],[112.74898,-8.41593,0.0]]],[[[112.7983,-8.41244,0.0],[112.79782,-8.41335,0.0],[112.79617,-8.4134,0.0],[112.7983,-8.41244,0.0]]],[[[112.79888,-8.40905,0.0],[112.79929,-8.41098,0.0],[112.79525,-8.40754,0.0],[112.79772,-8.40931,0.0],[112.79888,-8.40905,0.0]]],[[[112.79892,-8.40818,0.0],[112.79854,-8.40851,0.0],[112.7985,-8.40821,0.0],[112.79892,-8.40818,0.0]]],[[[112.79337,-8.40439,0.0],[112.79408,-8.40359,0.0],[112.79403,-8.40509,0.0],[112.79337,-8.40439,0.0]]]]}},{"type":"Feature","properties":{"kecamatan":"Dampit","kab_kota":"Malang"},"geometry":{"type":"Polygon","coordinates":[[[112.74171,-8.24751,0.0],[112.73673,-8.2484,0.0],[112.72653,-8.24439,0.0],[112.72399,-8.2428,0.0],[112.72558,-8.23908,0.0],[112.72436,-8.23853,0.0],[112.72197,-8.24118,0.0],[112.71748,-8.2404,0.0],[112.71439,-8.23376,0.0],[112.71143,-8.2329,0.0],[112.7122,-8.23093,0.0],[112.70875,-8.22892,0.0],[112.70365,-8.22831,0.0],[112.70294,-8.22622,0.0],[112.69565,-8.22597,0.0],[112.69973,-8.22315,0.0],[112.69689,-8.22074,0.0],[112.69722,-8.21947,0.0],[112.70028,-8.21917,0.0],[112.69935,-8.21,0.0],[112.70176,-8.20701,0.0],[112.70373,-8.20781,0.0],[112.7041,-8.206,0.0],[112.7028,-8.20527,0.0],[112.70573,-8.20065,0.0],[112.70825,-8.20068,0.0],[112.70695,-8.19968,0.0],[112.70781,-8.19789,0.0],[112.70593,-8.19821,0.0],[112.70432,-8.1943,0.0],[112.70473,-8.19199,0.0],[112.70775,-8.19065,0.0],[112.70713,-8.1877,0.0],[112.71072,-8.18478,0.0],[112.71059,-8.18075,0.0],[112.71309,-8.17999,0.0],[112.71354,-8.1771,0.0],[112.71576,-8.17757,0.0],[112.71615,-8.1738,0.0],[112.72578,-8.16826,0.0],[112.72887,-8.16152,0.0],[112.72991,-8.16145,0.0],[112.72958,-8.15766,0.0],[112.73276,-8.15659,0.0],[112.73459,-8.15786,0.0],[112.74003,-8.1582,0.0],[112.73982,-8.1574,0.0],[112.74402,-8.1562,0.0],[112.74614,-8.15745,0.0],[112.75005,-8.1549,0.0],[112.75723,-8.1532,0.0],[112.7596,-8.15644,0.0],[112.75891,-8.15905,0.0],[112.76121,-8.15899,0.0],[112.76144,-8.16134,0.0],[112.77687,-8.1636,0.0],[112.77636,-8.16789,0.0],[112.78704,-8.16506,0.0],[112.79376,-8.16945,0.0],[112.79681,-8.16848,0.0],[112.795,-8.17019,0.0],[112.80064,-8.17184,0.0],[112.80049,-8.17297,0.0],[112.79262,-8.17629,0.0],[112.79357,-8.17795,0.0],[112.79294,-8.18139,0.0],[112.78875,-8.18497,0.0],[112.79553,-8.19069,0.0],[112.8015,-8.18702,0.0],[112.80039,-8.20061,0.0],[112.80236,-8.20121,0.0],[112.80072,-8.20196,0.0],[112.79976,-8.20584,0.0],[112.79322,-8.21329,0.0],[112.79221,-8.22065,0.0],[112.79013,-8.22077,0.0],[112.79041,-8.21895,0.0],[112.78923,-8.21795,0.0],[112.78928,-8.22085,0.0],[112.78731,-8.22142,0.0],[112.78599,-8.21996,0.0],[112.78588,-8.22296,0.0],[112.78419,-8.22461,0.0],[112.78641,-8.2247,0.0],[112.78686,-8.22625,0.0],[112.78868,-8.22418,0.0],[112.78905,-8.22549,0.0],[112.79151,-8.22544,0.0],[112.79203,-8.22719,0.0],[112.79342,-8.22626,0.0],[112.79936,-8.22871,0.0],[112.80002,-8.22766,0.0],[112.80186,-8.22888,0.0],[112.8036,-8.22839,0.0],[112.80516,-8.24214,0.0],[112.8068,-8.24431,0.0],[112.80573,-8.24488,0.0],[112.8066,-8.25141,0.0],[112.80812,-8.25343,0.0],[112.80621,-8.25938,0.0],[112.81061,-8.26488,0.0],[112.8092,-8.26547,0.0],[112.81021,-8.26812,0.0],[112.80929,-8.27053,0.0],[112.81326,-8.27597,0.0],[112.81187,-8.27873,0.0],[112.8101,-8.27913,0.0],[112.81076,-8.28168,0.0],[112.80874,-8.28593,0.0],[112.81128,-8.29255,0.0],[112.8141,-8.29406,0.0],[112.81307,-8.30525,0.0],[112.81881,-8.30635,0.0],[112.83456,-8.30633,0.0],[112.83584,-8.30885,0.0],[112.83932,-8.30921,0.0],[112.84205,-8.31124,0.0],[112.84228,-8.32198,0.0],[112.84004,-8.32538,0.0],[112.84239,-8.32819,0.0],[112.84079,-8.33293,0.0],[112.83517,-8.33218,0.0],[112.82101,-8.33325,0.0],[112.81346,-8.33833,0.0],[112.81137,-8.33671,0.0],[112.81164,-8.33273,0.0],[112.81005,-8.33165,0.0],[112.80194,-8.3349,0.0],[112.79886,-8.33493,0.0],[112.797,-8.3376,0.0],[112.79071,-8.33648,0.0],[112.77972,-8.3379,0.0],[112.77945,-8.32861,0.0],[112.77458,-8.32917,0.0],[112.7664,-8.32671,0.0],[112.75947,-8.32739,0.0],[112.75688,-8.32618,0.0],[112.7567,-8.31885,0.0],[112.75778,-8.31623,0.0],[112.75548,-8.31414,0.0],[112.75729,-8.31159,0.0],[112.75998,-8.30059,0.0],[112.75925,-8.2946,0.0],[112.76056,-8.27901,0.0],[112.76757,-8.27966,0.0],[112.76945,-8.27614,0.0],[112.76802,-8.26369,0.0],[112.7574,-8.26164,0.0],[112.74925,-8.25577,0.0],[112.74825,-8.25179,0.0],[112.74909,-8.24671,0.0],[112.74616,-8.24293,0.0],[112.74291,-8.24625,0.0],[112.74287,-8.2484,0.0],[112.74171,-8.24751,0.0]]]}},{"type":"Feature","properties":{"kecamatan":"Wajak","kab_kota":"Malang"},"geometry":{"type":"Polygon","coordinates":[[[112.73438,-8.1448,0.0],[112.73277,-8.14737,0.0],[112.73001,-8.14739,0.0],[112.72888,-8.14542,0.0],[112.72373,-8.14551,0.0],[112.72183,-8.14015,0.0],[112.71396,-8.14048,0.0],[112.71357,-8.14206,0.0],[112.70654,-8.1405,0.0],[112.70546,-8.14124,0.0],[112.70401,-8.14028,0.0],[112.7072,-8.13609,0.0],[112.70757,-8.13313,0.0],[112.70988,-8.1314,0.0],[112.70676,-8.12943,0.0],[112.70999,-8.12402,0.0],[112.70753,-8.12588,0.0],[112.70116,-8.1244,0.0],[112.70159,-8.12301,0.0],[112.70018,-8.12222,0.0],[112.7013,-8.12011,0.0],[112.69817,-8.11962,0.0],[112.69861,-8.11664,0.0],[112.69641,-8.11613,0.0],[112.69524,-8.11825,0.0],[112.68851,-8.11705,0.0],[112.6883,-8.10411,0.0],[112.69645,-8.10124,0.0],[112.6969,-8.09385,0.0],[112.69556,-8.09364,0.0],[112.69707,-8.0893,0.0],[112.69589,-8.08696,0.0],[112.69857,-8.08245,0.0],[112.70327,-8.0828,0.0],[112.70569,-8.08037,0.0],[112.7194,-8.08399,0.0],[112.71996,-8.08174,0.0],[112.72381,-8.08151,0.0],[112.72523,-8.07623,0.0],[112.72372,-8.0749,0.0],[112.71748,-8.07336,0.0],[112.71343,-8.06992,0.0],[112.70874,-8.07001,0.0],[112.71039,-8.06723,0.0],[112.71304,-8.06577,0.0],[112.71288,-8.06416,0.0],[112.7223,-8.06078,0.0],[112.7253,-8.06333,0.0],[112.72582,-8.06648,0.0],[112.73114,-8.07175,0.0],[112.73425,-8.08073,0.0],[112.73783,-8.08113,0.0],[112.73812,-8.0802,0.0],[112.74229,-8.0818,0.0],[112.74055,-8.08586,0.0],[112.74307,-8.08739,0.0],[112.74228,-8.08924,0.0],[112.74333,-8.09047,0.0],[112.75374,-8.09274,0.0],[112.75432,-8.09385,0.0],[112.75686,-8.09354,0.0],[112.75663,-8.09452,0.0],[112.75904,-8.09524,0.0],[112.76084,-8.10074,0.0],[112.75929,-8.10481,0.0],[112.7622,-8.10442,0.0],[112.76234,-8.10559,0.0],[112.76449,-8.10624,0.0],[112.76334,-8.10785,0.0],[112.76549,-8.10701,0.0],[112.7661,-8.10842,0.0],[112.76869,-8.10916,0.0],[112.7691,-8.11082,0.0],[112.77268,-8.11188,0.0],[112.7696,-8.11425,0.0],[112.77125,-8.11934,0.0],[112.78422,-8.11818,0.0],[112.78521,-8.11603,0.0],[112.78797,-8.11658,0.0],[112.78919,-8.11495,0.0],[112.79088,-8.1154,0.0],[112.79043,-8.11421,0.0],[112.79267,-8.11295,0.0],[112.79478,-8.11303,0.0],[112.79738,-8.11069,0.0],[112.79975,-8.11092,0.0],[112.80023,-8.10875,0.0],[112.80561,-8.10835,0.0],[112.80977,-8.10643,0.0],[112.81191,-8.10345,0.0],[112.81354,-8.10403,0.0],[112.81658,-8.10246,0.0],[112.82078,-8.0983,0.0],[112.83348,-8.09615,0.0],[112.83774,-8.09659,0.0],[112.85185,-8.10337,0.0],[112.86608,-8.1078,0.0],[112.86413,-8.11082,0.0],[112.85672,-8.11327,0.0],[112.85563,-8.11841,0.0],[112.85045,-8.12401,0.0],[112.84659,-8.13147,0.0],[112.84343,-8.13312,0.0],[112.84236,-8.13575,0.0],[112.84308,-8.13658,0.0],[112.83785,-8.14258,0.0],[112.83373,-8.14257,0.0],[112.83169,-8.14581,0.0],[112.82913,-8.14587,0.0],[112.82909,-8.14761,0.0],[112.82639,-8.14801,0.0],[112.82449,-8.15016,0.0],[112.81952,-8.1508,0.0],[112.81804,-8.15401,0.0],[112.81096,-8.15891,0.0],[112.80056,-8.16185,0.0],[112.7971,-8.1682,0.0],[112.79376,-8.16945,0.0],[112.78704,-8.16506,0.0],[112.77636,-8.16789,0.0],[112.77687,-8.1636,0.0],[112.77149,-8.16262,0.0],[112.77206,-8.15928,0.0],[112.77469,-8.15632,0.0],[112.76877,-8.15457,0.0],[112.76971,-8.15174,0.0],[112.76797,-8.15279,0.0],[112.76114,-8.15239,0.0],[112.76124,-8.14898,0.0],[112.76016,-8.14842,0.0],[112.75072,-8.14897,0.0],[112.74266,-8.14399,0.0],[112.74045,-8.1455,0.0],[112.73438,-8.1448,0.0]]]}},{"type":"Feature","properties":{"kecamatan":"Turen","kab_kota":"Malang"},"geometry":{"type":"Polygon","coordinates":[[[112.66466,-8.23311,0.0],[112.66333,-8.2347,0.0],[112.65776,-8.23609,0.0],[112.65551,-8.23418,0.0],[112.65086,-8.23608,0.0],[112.65041,-8.2329,0.0],[112.64501,-8.23178,0.0],[112.64399,-8.23249,0.0],[112.64487,-8.23443,0.0],[112.64269,-8.23475,0.0],[112.6421,-8.23694,0.0],[112.63911,-8.23781,0.0],[112.63952,-8.23411,0.0],[112.64789,-8.21686,0.0],[112.64454,-8.21393,0.0],[112.64848,-8.20629,0.0],[112.66905,-8.20488,0.0],[112.67539,-8.19369,0.0],[112.67583,-8.19252,0.0],[112.67384,-8.19082,0.0],[112.66936,-8.18916,0.0],[112.66932,-8.18633,0.0],[112.67074,-8.18575,0.0],[112.66798,-8.18172,0.0],[112.66923,-8.17579,0.0],[112.67183,-8.17427,0.0],[112.67364,-8.16863,0.0],[112.67177,-8.16551,0.0],[112.67195,-8.16165,0.0],[112.66492,-8.15934,0.0],[112.66604,-8.15722,0.0],[112.67098,-8.15397,0.0],[112.67091,-8.14995,0.0],[112.67364,-8.14728,0.0],[112.67478,-8.14444,0.0],[112.67385,-8.1433,0.0],[112.67598,-8.14102,0.0],[112.67401,-8.13999,0.0],[112.67601,-8.13277,0.0],[112.68449,-8.12196,0.0],[112.68557,-8.12216,0.0],[112.6865,-8.11939,0.0],[112.69118,-8.11695,0.0],[112.69524,-8.11825,0.0],[112.69641,-8.11613,0.0],[112.69861,-8.11664,0.0],[112.69817,-8.11962,0.0],[112.7013,-8.12011,0.0],[112.70018,-8.12222,0.0],[112.70159,-8.12301,0.0],[112.70116,-8.1244,0.0],[112.70753,-8.12588,0.0],[112.70999,-8.12402,0.0],[112.70676,-8.12943,0.0],[112.70988,-8.1314,0.0],[112.70757,-8.13313,0.0],[112.7072,-8.13609,0.0],[112.70401,-8.14028,0.0],[112.70548,-8.14125,0.0],[112.70654,-8.1405,0.0],[112.71357,-8.14206,0.0],[112.71396,-8.14048,0.0],[112.72183,-8.14015,0.0],[112.72365,-8.14546,0.0],[112.72888,-8.14542,0.0],[112.73001,-8.14739,0.0],[112.73284,-8.14734,0.0],[112.73367,-8.14485,0.0],[112.74045,-8.1455,0.0],[112.74266,-8.14399,0.0],[112.75072,-8.14897,0.0],[112.76016,-8.14842,0.0],[112.76124,-8.14898,0.0],[112.76114,-8.15239,0.0],[112.76797,-8.15279,0.0],[112.76971,-8.15174,0.0],[112.76877,-8.15457,0.0],[112.77469,-8.15632,0.0],[112.77206,-8.15928,0.0],[112.77149,-8.16262,0.0],[112.76144,-8.16134,0.0],[112.76121,-8.15899,0.0],[112.75891,-8.15905,0.0],[112.7596,-8.15644,0.0],[112.75713,-8.15319,0.0],[112.75005,-8.1549,0.0],[112.74622,-8.15744,0.0],[112.74402,-8.1562,0.0],[112.73982,-8.1574,0.0],[112.74003,-8.1582,0.0],[112.73459,-8.15786,0.0],[112.73279,-8.15659,0.0],[112.72963,-8.15758,0.0],[112.72991,-8.16145,0.0],[112.72887,-8.16152,0.0],[112.7258,-8.16824,0.0],[112.71612,-8.17382,0.0],[112.71576,-8.17757,0.0],[112.71354,-8.1771,0.0],[112.71309,-8.17999,0.0],[112.71027,-8.18129,0.0],[112.71072,-8.18478,0.0],[112.70705,-8.18784,0.0],[112.70775,-8.19065,0.0],[112.70464,-8.19213,0.0],[112.70457,-8.19603,0.0],[112.70593,-8.19821,0.0],[112.70781,-8.19789,0.0],[112.70695,-8.19968,0.0],[112.70825,-8.20068,0.0],[112.70573,-8.20065,0.0],[112.7028,-8.20527,0.0],[112.7041,-8.206,0.0],[112.70373,-8.20781,0.0],[112.70176,-8.20701,0.0],[112.69894,-8.21105,0.0],[112.70061,-8.21513,0.0],[112.70028,-8.21917,0.0],[112.69722,-8.21947,0.0],[112.69689,-8.22074,0.0],[112.69967,-8.22296,0.0],[112.69937,-8.22416,0.0],[112.69822,-8.22372,0.0],[112.69734,-8.22514,0.0],[112.69193,-8.2269,0.0],[112.6885,-8.23025,0.0],[112.68597,-8.22808,0.0],[112.6851,-8.2311,0.0],[112.68059,-8.23423,0.0],[112.67862,-8.23367,0.0],[112.67769,-8.23184,0.0],[112.67568,-8.23209,0.0],[112.67509,-8.23361,0.0],[112.67673,-8.23396,0.0],[112.67645,-8.23568,0.0],[112.67242,-8.23363,0.0],[112.66654,-8.23681,0.0],[112.66654,-8.23365,0.0],[112.66466,-8.23311,0.0]]]}},{"type":"Feature","properties":{"kecamatan":"Pagak","kab_kota":"Malang"},"geometry":{"type":"Polygon","coordinates":[[[112.50227,-8.31983,0.0],[112.50164,-8.3257,0.0],[112.49877,-8.32463,0.0],[112.49862,-8.3226,0.0],[112.49674,-8.32198,0.0],[112.49605,-8.32021,0.0],[112.49228,-8.3202,0.0],[112.49062,-8.31612,0.0],[112.48758,-8.31625,0.0],[112.48555,-8.3148,0.0],[112.48565,-8.3127,0.0],[112.48416,-8.31231,0.0],[112.48568,-8.31065,0.0],[112.47141,-8.30818,0.0],[112.47062,-8.30482,0.0],[112.46758,-8.30336,0.0],[112.46849,-8.30116,0.0],[112.46775,-8.29792,0.0],[112.46542,-8.29499,0.0],[112.47452,-8.29126,0.0],[112.47455,-8.28919,0.0],[112.47708,-8.2887,0.0],[112.47723,-8.2898,0.0],[112.47922,-8.28999,0.0],[112.48189,-8.28912,0.0],[112.48041,-8.28784,0.0],[112.48068,-8.28413,0.0],[112.48881,-8.28372,0.0],[112.49086,-8.28019,0.0],[112.487,-8.27285,0.0],[112.48679,-8.26522,0.0],[112.48925,-8.26125,0.0],[112.49041,-8.25152,0.0],[112.49391,-8.23832,0.0],[112.49356,-8.22728,0.0],[112.49124,-8.22372,0.0],[112.49378,-8.21945,0.0],[112.49137,-8.21623,0.0],[112.49206,-8.21235,0.0],[112.49009,-8.21185,0.0],[112.48887,-8.20913,0.0],[112.48784,-8.20231,0.0],[112.48882,-8.19777,0.0],[112.48651,-8.18632,0.0],[112.49458,-8.19315,0.0],[112.49613,-8.19365,0.0],[112.49881,-8.19056,0.0],[112.50162,-8.19278,0.0],[112.50605,-8.19378,0.0],[112.5105,-8.19297,0.0],[112.52113,-8.18666,0.0],[112.52456,-8.1867,0.0],[112.53566,-8.18304,0.0],[112.5377,-8.18416,0.0],[112.54247,-8.1807,0.0],[112.5483,-8.18288,0.0],[112.5503,-8.18646,0.0],[112.55209,-8.1863,0.0],[112.55125,-8.18503,0.0],[112.55334,-8.18349,0.0],[112.55441,-8.18755,0.0],[112.55773,-8.19083,0.0],[112.5568,-8.19373,0.0],[112.56073,-8.19464,0.0],[112.56285,-8.1993,0.0],[112.56121,-8.20074,0.0],[112.56361,-8.20498,0.0],[112.56491,-8.21186,0.0],[112.56067,-8.22021,0.0],[112.56209,-8.22089,0.0],[112.55863,-8.22827,0.0],[112.5544,-8.22929,0.0],[112.55286,-8.23288,0.0],[112.55131,-8.23145,0.0],[112.55005,-8.23511,0.0],[112.54628,-8.2353,0.0],[112.54556,-8.23668,0.0],[112.54736,-8.23878,0.0],[112.54891,-8.2454,0.0],[112.5484,-8.24673,0.0],[112.5459,-8.24659,0.0],[112.54678,-8.26434,0.0],[112.55176,-8.26565,0.0],[112.55068,-8.28481,0.0],[112.5466,-8.28597,0.0],[112.54599,-8.29465,0.0],[112.53934,-8.29612,0.0],[112.53928,-8.29801,0.0],[112.53001,-8.29855,0.0],[112.52989,-8.29586,0.0],[112.52784,-8.29513,0.0],[112.5091,-8.29538,0.0],[112.50916,-8.29428,0.0],[112.50714,-8.29352,0.0],[112.50619,-8.29654,0.0],[112.50795,-8.29843,0.0],[112.50579,-8.30296,0.0],[112.50742,-8.30607,0.0],[112.50607,-8.30682,0.0],[112.5066,-8.31007,0.0],[112.50508,-8.3105,0.0],[112.50677,-8.31339,0.0],[112.50227,-8.31983,0.0]]]}},{"type":"Feature","properties":{"kecamatan":"Bantur","kab_kota":"Malang"},"geometry":{"type":"MultiPolygon","coordinates":[[[[112.52165,-8.40536,0.0],[112.52104,-8.40559,0.0],[112.52104,-8.40523,0.0],[112.52165,-8.40536,0.0]]],[[[112.52111,-8.40395,0.0],[112.52095,-8.40363,0.0],[112.52174,-8.40369,0.0],[112.52111,-8.40395,0.0]]],[[[112.4973,-8.40305,0.0],[112.49772,-8.40322,0.0],[112.49725,-8.40348,0.0],[112.4973,-8.40305,0.0]]],[[[112.49363,-8.4026,0.0],[112.49441,-8.4023,0.0],[112.4941,-8.40285,0.0],[112.49363,-8.4026,0.0]]],[[[112.52101,-8.40131,0.0],[112.52099,-8.40152,0.0],[112.52087,-8.40138,0.0],[112.52101,-8.40131,0.0]]],[[[112.48443,-8.39937,0.0],[112.48526,-8.39964,0.0],[112.48478,-8.40025,0.0],[112.48443,-8.39937,0.0]]],[[[112.5209,-8.39973,0.0],[112.5214,-8.39948,0.0],[112.52136,-8.39981,0.0],[112.5209,-8.39973,0.0]]],[[[112.5192,-8.39896,0.0],[112.51893,-8.39897,0.0],[112.51916,-8.39892,0.0],[112.5192,-8.39896,0.0]]],[[[112.51293,-8.39761,0.0],[112.51313,-8.39772,0.0],[112.51292,-8.39784,0.0],[112.51293,-8.39761,0.0]]],[[[112.51688,-8.39726,0.0],[112.51721,-8.3975,0.0],[112.51686,-8.39763,0.0],[112.51688,-8.39726,0.0]]],[[[112.51874,-8.39727,0.0],[112.51843,-8.39739,0.0],[112.51852,-8.39721,0.0],[112.51874,-8.39727,0.0]]],[[[112.51041,-8.29518,0.0],[112.52744,-8.29505,0.0],[112.52989,-8.29586,0.0],[112.53001,-8.29855,0.0],[112.53211,-8.29876,0.0],[112.53928,-8.29801,0.0],[112.53934,-8.29612,0.0],[112.54599,-8.29465,0.0],[112.5466,-8.28597,0.0],[112.55068,-8.28481,0.0],[112.55176,-8.26565,0.0],[112.54678,-8.26434,0.0],[112.5459,-8.24659,0.0],[112.5484,-8.24673,0.0],[112.54891,-8.2454,0.0],[112.54736,-8.23878,0.0],[112.54556,-8.23668,0.0],[112.54628,-8.2353,0.0],[112.55005,-8.23511,0.0],[112.55131,-8.23145,0.0],[112.55286,-8.23288,0.0],[112.5544,-8.22929,0.0],[112.55863,-8.22827,0.0],[112.56187,-8.22167,0.0],[112.56067,-8.22021,0.0],[112.56491,-8.21186,0.0],[112.56164,-8.20022,0.0],[112.56285,-8.1993,0.0],[112.57211,-8.20293,0.0],[112.57743,-8.21076,0.0],[112.57995,-8.21016,0.0],[112.58345,-8.2138,0.0],[112.58708,-8.21417,0.0],[112.58868,-8.21615,0.0],[112.59634,-8.21936,0.0],[112.59742,-8.22194,0.0],[112.60056,-8.22228,0.0],[112.60174,-8.22683,0.0],[112.60476,-8.22811,0.0],[112.60533,-8.23065,0.0],[112.6,-8.24178,0.0],[112.60359,-8.24325,0.0],[112.60427,-8.24545,0.0],[112.60313,-8.24959,0.0],[112.60507,-8.25179,0.0],[112.6072,-8.25186,0.0],[112.60885,-8.25845,0.0],[112.60694,-8.26045,0.0],[112.59843,-8.25875,0.0],[112.59651,-8.25903,0.0],[112.59631,-8.26013,0.0],[112.6012,-8.26314,0.0],[112.6025,-8.26722,0.0],[112.60592,-8.26799,0.0],[112.60391,-8.27078,0.0],[112.60857,-8.26785,0.0],[112.61052,-8.26911,0.0],[112.61059,-8.27074,0.0],[112.6134,-8.27068,0.0],[112.61517,-8.2733,0.0],[112.6162,-8.28199,0.0],[112.61546,-8.28739,0.0],[112.60854,-8.2876,0.0],[112.60851,-8.2902,0.0],[112.60622,-8.2903,0.0],[112.60699,-8.29547,0.0],[112.60273,-8.29893,0.0],[112.60342,-8.30158,0.0],[112.60243,-8.30116,0.0],[112.60207,-8.30259,0.0],[112.60336,-8.30397,0.0],[112.60094,-8.30558,0.0],[112.60589,-8.30605,0.0],[112.60571,-8.31125,0.0],[112.60813,-8.3144,0.0],[112.60632,-8.31535,0.0],[112.60498,-8.31402,0.0],[112.60089,-8.31408,0.0],[112.60193,-8.31565,0.0],[112.60035,-8.31733,0.0],[112.60149,-8.31905,0.0],[112.59957,-8.32288,0.0],[112.59659,-8.32325,0.0],[112.59508,-8.32537,0.0],[112.58735,-8.32878,0.0],[112.58415,-8.32893,0.0],[112.57574,-8.33937,0.0],[112.57194,-8.34202,0.0],[112.57279,-8.34519,0.0],[112.57169,-8.34963,0.0],[112.57371,-8.35197,0.0],[112.57187,-8.35381,0.0],[112.57397,-8.35809,0.0],[112.57228,-8.3633,0.0],[112.57016,-8.36459,0.0],[112.56935,-8.36723,0.0],[112.56551,-8.36876,0.0],[112.56452,-8.37059,0.0],[112.56572,-8.37356,0.0],[112.56505,-8.37662,0.0],[112.56626,-8.37937,0.0],[112.5682,-8.37973,0.0],[112.56889,-8.3829,0.0],[112.56583,-8.38522,0.0],[112.56533,-8.39024,0.0],[112.5613,-8.39138,0.0],[112.56134,-8.39769,0.0],[112.55319,-8.40136,0.0],[112.55097,-8.40408,0.0],[112.5497,-8.40365,0.0],[112.54787,-8.40543,0.0],[112.54664,-8.40547,0.0],[112.54557,-8.40322,0.0],[112.53569,-8.40334,0.0],[112.529,-8.40196,0.0],[112.52674,-8.40493,0.0],[112.52675,-8.40377,0.0],[112.52468,-8.40292,0.0],[112.52238,-8.4047,0.0],[112.52335,-8.40319,0.0],[112.52201,-8.40104,0.0],[112.52322,-8.40041,0.0],[112.52225,-8.3981,0.0],[112.51632,-8.39547,0.0],[112.5149,-8.39641,0.0],[112.51521,-8.39759,0.0],[112.5127,-8.39661,0.0],[112.5113,-8.39775,0.0],[112.51129,-8.39581,0.0],[112.50977,-8.39549,0.0],[112.50601,-8.40349,0.0],[112.50451,-8.40207,0.0],[112.50468,-8.40398,0.0],[112.50267,-8.40456,0.0],[112.50344,-8.40364,0.0],[112.50213,-8.40252,0.0],[112.50151,-8.4034,0.0],[112.50131,-8.40184,0.0],[112.49905,-8.40086,0.0],[112.49734,-8.40177,0.0],[112.49611,-8.40076,0.0],[112.49525,-8.40264,0.0],[112.49383,-8.39972,0.0],[112.49314,-8.40207,0.0],[112.4922,-8.40035,0.0],[112.49081,-8.40159,0.0],[112.48975,-8.39967,0.0],[112.48703,-8.39977,0.0],[112.48386,-8.39763,0.0],[112.48446,-8.39637,0.0],[112.48175,-8.39226,0.0],[112.48291,-8.39013,0.0],[112.485,-8.39066,0.0],[112.48641,-8.38966,0.0],[112.48455,-8.38652,0.0],[112.48759,-8.38732,0.0],[112.48712,-8.38529,0.0],[112.48975,-8.37739,0.0],[112.49239,-8.37382,0.0],[112.49054,-8.37139,0.0],[112.49115,-8.36756,0.0],[112.48984,-8.36656,0.0],[112.49302,-8.36181,0.0],[112.49562,-8.36099,0.0],[112.49543,-8.35916,0.0],[112.49855,-8.35312,0.0],[112.49818,-8.34963,0.0],[112.5005,-8.34447,0.0],[112.49762,-8.34109,0.0],[112.49962,-8.33895,0.0],[112.50147,-8.33955,0.0],[112.50265,-8.33708,0.0],[112.50694,-8.33791,0.0],[112.50468,-8.33572,0.0],[112.50514,-8.33403,0.0],[112.50413,-8.3343,0.0],[112.50249,-8.33083,0.0],[112.5037,-8.3297,0.0],[112.501,-8.32629,0.0],[112.50163,-8.32099,0.0],[112.50677,-8.31339,0.0],[112.50508,-8.3105,0.0],[112.5066,-8.31007,0.0],[112.50607,-8.30682,0.0],[112.50742,-8.30607,0.0],[112.50579,-8.30296,0.0],[112.50795,-8.29843,0.0],[112.50726,-8.29653,0.0],[112.50621,-8.2966,0.0],[112.50674,-8.294,0.0],[112.51041,-8.29518,0.0]]],[[[112.5298,-8.40521,0.0],[112.52968,-8.4049,0.0],[112.52985,-8.40489,0.0],[112.5298,-8.40521,0.0]]],[[[112.52961,-8.4039,0.0],[112.53034,-8.4035,0.0],[112.53,-8.40426,0.0],[112.52961,-8.4039,0.0]]],[[[112.53341,-8.40376,0.0],[112.53361,-8.40343,0.0],[112.53365,-8.40378,0.0],[112.53341,-8.40376,0.0]]]]}},{"type":"Feature","properties":{"kecamatan":"Donomulyo","kab_kota":"Malang"},"geometry":{"type":"MultiPolygon","coordinates":[[[[112.42442,-8.3901,0.0],[112.42459,-8.38967,0.0],[112.42484,-8.3896,0.0],[112.42442,-8.3901,0.0]]],[[[112.42499,-8.38743,0.0],[112.42551,-8.38833,0.0],[112.42477,-8.38848,0.0],[112.42499,-8.38743,0.0]]],[[[112.42348,-8.38713,0.0],[112.42376,-8.38721,0.0],[112.42345,-8.38717,0.0],[112.42348,-8.38713,0.0]]],[[[112.42421,-8.38726,0.0],[112.42447,-8.38702,0.0],[112.42449,-8.38711,0.0],[112.42421,-8.38726,0.0]]],[[[112.39595,-8.3802,0.0],[112.39623,-8.37996,0.0],[112.39621,-8.38021,0.0],[112.39595,-8.3802,0.0]]],[[[112.37349,-8.37881,0.0],[112.37368,-8.37875,0.0],[112.37365,-8.3789,0.0],[112.37349,-8.37881,0.0]]],[[[112.37452,-8.37734,0.0],[112.37408,-8.37771,0.0],[112.37454,-8.37708,0.0],[112.37452,-8.37734,0.0]]],[[[112.4063,-8.37855,0.0],[112.40524,-8.37985,0.0],[112.40311,-8.37841,0.0],[112.39906,-8.37854,0.0],[112.39858,-8.37999,0.0],[112.39482,-8.37893,0.0],[112.39427,-8.38028,0.0],[112.39294,-8.37993,0.0],[112.39453,-8.37668,0.0],[112.3924,-8.37653,0.0],[112.392,-8.37349,0.0],[112.38885,-8.37481,0.0],[112.38808,-8.37204,0.0],[112.38312,-8.37605,0.0],[112.37189,-8.37458,0.0],[112.37369,-8.37288,0.0],[112.37016,-8.36951,0.0],[112.36498,-8.35239,0.0],[112.3599,-8.34841,0.0],[112.36307,-8.34048,0.0],[112.36222,-8.33779,0.0],[112.3642,-8.3325,0.0],[112.36323,-8.33145,0.0],[112.36424,-8.32839,0.0],[112.37015,-8.32352,0.0],[112.37064,-8.31257,0.0],[112.37636,-8.30872,0.0],[112.37817,-8.29876,0.0],[112.38108,-8.29699,0.0],[112.38521,-8.2876,0.0],[112.38843,-8.28534,0.0],[112.38324,-8.26646,0.0],[112.38216,-8.24546,0.0],[112.38054,-8.24133,0.0],[112.37814,-8.24011,0.0],[112.37886,-8.23752,0.0],[112.38438,-8.23836,0.0],[112.39307,-8.2359,0.0],[112.40494,-8.23483,0.0],[112.4029,-8.24106,0.0],[112.41611,-8.24285,0.0],[112.41626,-8.25878,0.0],[112.43212,-8.26009,0.0],[112.43094,-8.2677,0.0],[112.44485,-8.2678,0.0],[112.4514,-8.27041,0.0],[112.4522,-8.26921,0.0],[112.45378,-8.26969,0.0],[112.45552,-8.27116,0.0],[112.46567,-8.26746,0.0],[112.46574,-8.25759,0.0],[112.46739,-8.25702,0.0],[112.47093,-8.25877,0.0],[112.4742,-8.25817,0.0],[112.47262,-8.27175,0.0],[112.4779,-8.27469,0.0],[112.47862,-8.27306,0.0],[112.48686,-8.27144,0.0],[112.48773,-8.27552,0.0],[112.49086,-8.28019,0.0],[112.48881,-8.28372,0.0],[112.48068,-8.28413,0.0],[112.48041,-8.28784,0.0],[112.48189,-8.28912,0.0],[112.47922,-8.28999,0.0],[112.47723,-8.2898,0.0],[112.47708,-8.2887,0.0],[112.47455,-8.28919,0.0],[112.47452,-8.29126,0.0],[112.46544,-8.29493,0.0],[112.46775,-8.29792,0.0],[112.46849,-8.30116,0.0],[112.46758,-8.30336,0.0],[112.47062,-8.30482,0.0],[112.47141,-8.30818,0.0],[112.47398,-8.30923,0.0],[112.48568,-8.31065,0.0],[112.48416,-8.31231,0.0],[112.48565,-8.3127,0.0],[112.48555,-8.3148,0.0],[112.48758,-8.31625,0.0],[112.49062,-8.31612,0.0],[112.49228,-8.3202,0.0],[112.49605,-8.32021,0.0],[112.49674,-8.32198,0.0],[112.49862,-8.3226,0.0],[112.49877,-8.32463,0.0],[112.50164,-8.3257,0.0],[112.50102,-8.32645,0.0],[112.50373,-8.32977,0.0],[112.50249,-8.33083,0.0],[112.50358,-8.33339,0.0],[112.50512,-8.334,0.0],[112.50468,-8.33572,0.0],[112.50696,-8.33778,0.0],[112.50265,-8.33708,0.0],[112.50147,-8.33955,0.0],[112.49962,-8.33895,0.0],[112.49754,-8.34128,0.0],[112.5005,-8.34447,0.0],[112.49818,-8.34963,0.0],[112.49855,-8.35312,0.0],[112.49543,-8.35916,0.0],[112.49562,-8.36099,0.0],[112.49302,-8.36181,0.0],[112.48987,-8.3664,0.0],[112.49115,-8.36756,0.0],[112.49054,-8.37139,0.0],[112.49242,-8.3737,0.0],[112.48975,-8.37739,0.0],[112.48712,-8.38529,0.0],[112.48759,-8.38732,0.0],[112.48455,-8.38652,0.0],[112.48641,-8.38966,0.0],[112.485,-8.39066,0.0],[112.48303,-8.39008,0.0],[112.48183,-8.39141,0.0],[112.48416,-8.39621,0.0],[112.47105,-8.39283,0.0],[112.46884,-8.39373,0.0],[112.46868,-8.39506,0.0],[112.46476,-8.39495,0.0],[112.46444,-8.39641,0.0],[112.46298,-8.39561,0.0],[112.45742,-8.3958,0.0],[112.45644,-8.39727,0.0],[112.45527,-8.39643,0.0],[112.45289,-8.39738,0.0],[112.45235,-8.39473,0.0],[112.44876,-8.39572,0.0],[112.44798,-8.39694,0.0],[112.44425,-8.39676,0.0],[112.44331,-8.39821,0.0],[112.43964,-8.39393,0.0],[112.43856,-8.39448,0.0],[112.43879,-8.39286,0.0],[112.43703,-8.3936,0.0],[112.43794,-8.39207,0.0],[112.43485,-8.38864,0.0],[112.42654,-8.38894,0.0],[112.42536,-8.38516,0.0],[112.42226,-8.38559,0.0],[112.42445,-8.38388,0.0],[112.42147,-8.38321,0.0],[112.42219,-8.38248,0.0],[112.42121,-8.38131,0.0],[112.41351,-8.38063,0.0],[112.41037,-8.37901,0.0],[112.40789,-8.3799,0.0],[112.4063,-8.37855,0.0]]],[[[112.44488,-8.40055,0.0],[112.44521,-8.40023,0.0],[112.44521,-8.4006,0.0],[112.44488,-8.40055,0.0]]],[[[112.45585,-8.39841,0.0],[112.4554,-8.39897,0.0],[112.45544,-8.39838,0.0],[112.45585,-8.39841,0.0]]],[[[112.446,-8.39841,0.0],[112.44648,-8.39742,0.0],[112.44662,-8.39825,0.0],[112.446,-8.39841,0.0]]],[[[112.48166,-8.39688,0.0],[112.48192,-8.39624,0.0],[112.48208,-8.39628,0.0],[112.48166,-8.39688,0.0]]],[[[112.44905,-8.39607,0.0],[112.44953,-8.39623,0.0],[112.44918,-8.39653,0.0],[112.44905,-8.39607,0.0]]],[[[112.4771,-8.39581,0.0],[112.47697,-8.39612,0.0],[112.47693,-8.39562,0.0],[112.4771,-8.39581,0.0]]],[[[112.46291,-8.39574,0.0],[112.463,-8.39581,0.0],[112.46289,-8.39578,0.0],[112.46291,-8.39574,0.0]]]]}}]}